cell,arc,meas,slew_idx,load_idx,inst,group,param,s1,sigma_mm,c_local,contrib_frac,share_global,c_global_1sig
INV_X1,A_r_ZN_f,delay,0,0,M1,N,vth,3.368100e-11,2.108185e-02,7.100578e-13,7.522473e-01,1.000000e+00,5.052150e-13
INV_X1,A_r_ZN_f,delay,0,0,M1,N,u0,-3.858750e-12,1.054093e-01,-4.067481e-13,2.468450e-01,1.000000e+00,-1.157625e-13
INV_X1,A_r_ZN_f,delay,0,0,M2,P,vth,6.120000e-13,1.338877e-02,8.193927e-15,1.001746e-04,1.000000e+00,9.180000e-15
INV_X1,A_r_ZN_f,delay,0,0,M2,P,u0,-3.822500e-13,6.085806e-02,-2.326299e-14,8.074292e-04,1.000000e+00,-1.146750e-14
INV_X1,A_r_ZN_f,trans,0,0,M1,N,vth,2.392600e-11,2.108185e-02,5.044043e-13,6.279573e-01,1.000000e+00,3.588900e-13
INV_X1,A_r_ZN_f,trans,0,0,M1,N,u0,-3.683250e-12,1.054093e-01,-3.882488e-13,3.720427e-01,1.000000e+00,-1.104975e-13
INV_X1,A_r_ZN_f,trans,0,0,M2,P,vth,-2.500000e-15,1.338877e-02,-3.347192e-17,2.765247e-09,1.000000e+00,-3.750000e-17
INV_X1,A_r_ZN_f,trans,0,0,M2,P,u0,1.250000e-15,6.085806e-02,7.607258e-17,1.428331e-08,1.000000e+00,3.750000e-17
INV_X1,A_r_ZN_f,delay,0,1,M1,N,vth,6.013000e-11,2.108185e-02,1.267652e-12,7.251447e-01,1.000000e+00,9.019500e-13
INV_X1,A_r_ZN_f,delay,0,1,M1,N,u0,-7.402500e-12,1.054093e-01,-7.802923e-13,2.747511e-01,1.000000e+00,-2.220750e-13
INV_X1,A_r_ZN_f,delay,0,1,M2,P,vth,-4.600000e-13,1.338877e-02,-6.158834e-15,1.711677e-05,1.000000e+00,-6.900000e-15
INV_X1,A_r_ZN_f,delay,0,1,M2,P,u0,-2.282500e-13,6.085806e-02,-1.389085e-14,8.707282e-05,1.000000e+00,-6.847500e-15
INV_X1,A_r_ZN_f,trans,0,1,M1,N,vth,5.556250e-11,2.108185e-02,1.17136e-12,6.289537e-01,1.000000e+00,8.334375e-13
INV_X1,A_r_ZN_f,trans,0,1,M1,N,u0,-8.535250e-12,1.054093e-01,-8.996947e-13,3.710463e-01,1.000000e+00,-2.560575e-13
INV_X1,A_r_ZN_f,trans,0,1,M2,P,vth,-1.000000e-15,1.338877e-02,-1.338877e-17,8.217109e-11,1.000000e+00,-1.500000e-17
INV_X1,A_r_ZN_f,trans,0,1,M2,P,u0,0.000000e+00,6.085806e-02,0.0,0.000000e+00,,0.000000e+00
INV_X1,A_r_ZN_f,delay,0,2,M1,N,vth,1.282520e-10,2.108185e-02,2.703789e-12,7.051138e-01,1.000000e+00,1.923780e-12
INV_X1,A_r_ZN_f,delay,0,2,M1,N,u0,-1.658700e-11,1.054093e-01,-1.748424e-12,2.948540e-01,1.000000e+00,-4.976100e-13
INV_X1,A_r_ZN_f,delay,0,2,M2,P,vth,-1.281000e-12,1.338877e-02,-1.715101e-14,2.837221e-05,1.000000e+00,-1.921500e-14
INV_X1,A_r_ZN_f,delay,0,2,M2,P,u0,-1.027500e-13,6.085806e-02,-6.253166e-15,3.771494e-06,1.000000e+00,-3.082500e-15
INV_X1,A_r_ZN_f,trans,0,2,M1,N,vth,1.399925e-10,2.108185e-02,2.951301e-12,6.291543e-01,1.000000e+00,2.099888e-12
INV_X1,A_r_ZN_f,trans,0,2,M1,N,u0,-2.149575e-11,1.054093e-01,-2.265852e-12,3.708457e-01,1.000000e+00,-6.448725e-13
INV_X1,A_r_ZN_f,trans,0,2,M2,P,vth,-3.000000e-15,1.338877e-02,-4.016631e-17,1.165344e-10,1.000000e+00,-4.500000e-17
INV_X1,A_r_ZN_f,trans,0,2,M2,P,u0,0.000000e+00,6.085806e-02,0.0,0.000000e+00,,0.000000e+00
INV_X1,A_r_ZN_f,delay,1,0,M1,N,vth,5.675550e-11,2.108185e-02,1.196511e-12,8.276074e-01,1.000000e+00,8.513325e-13
INV_X1,A_r_ZN_f,delay,1,0,M1,N,u0,-5.171000e-12,1.054093e-01,-5.450715e-13,1.717505e-01,1.000000e+00,-1.551300e-13
INV_X1,A_r_ZN_f,delay,1,0,M2,P,vth,1.040500e-12,1.338877e-02,1.393102e-14,1.121906e-04,1.000000e+00,1.560750e-14
INV_X1,A_r_ZN_f,delay,1,0,M2,P,u0,-4.975000e-13,6.085806e-02,-3.027688e-14,5.299238e-04,1.000000e+00,-1.492500e-14
INV_X1,A_r_ZN_f,trans,1,0,M1,N,vth,3.553000e-12,2.108185e-02,7.490381e-14,1.055621e-01,1.000000e+00,5.329500e-14
INV_X1,A_r_ZN_f,trans,1,0,M1,N,u0,-2.055750e-12,1.054093e-01,-2.166952e-13,8.834838e-01,1.000000e+00,-6.167250e-14
INV_X1,A_r_ZN_f,trans,1,0,M2,P,vth,-7.600000e-13,1.338877e-02,-1.017547e-14,1.948088e-03,1.000000e+00,-1.140000e-14
INV_X1,A_r_ZN_f,trans,1,0,M2,P,u0,3.595000e-13,6.085806e-02,2.187847e-14,9.006045e-03,1.000000e+00,1.078500e-14
INV_X1,A_r_ZN_f,delay,1,1,M1,N,vth,7.536050e-11,2.108185e-02,1.588739e-12,7.803358e-01,1.000000e+00,1.130407e-12
INV_X1,A_r_ZN_f,delay,1,1,M1,N,u0,-7.993000e-12,1.054093e-01,-8.425365e-13,2.194593e-01,1.000000e+00,-2.397900e-13
INV_X1,A_r_ZN_f,delay,1,1,M2,P,vth,5.780000e-13,1.338877e-02,7.738709e-15,1.851457e-05,1.000000e+00,8.670000e-15
INV_X1,A_r_ZN_f,delay,1,1,M2,P,u0,-4.035000e-13,6.085806e-02,-2.455623e-14,1.864231e-04,1.000000e+00,-1.210500e-14
INV_X1,A_r_ZN_f,trans,1,1,M1,N,vth,4.551750e-11,2.108185e-02,9.595931e-13,5.868570e-01,1.000000e+00,6.827625e-13
INV_X1,A_r_ZN_f,trans,1,1,M1,N,u0,-7.638000e-12,1.054093e-01,-8.051162e-13,4.131191e-01,1.000000e+00,-2.291400e-13
INV_X1,A_r_ZN_f,trans,1,1,M2,P,vth,-1.375000e-13,1.338877e-02,-1.840956e-15,2.159956e-06,1.000000e+00,-2.062500e-15
INV_X1,A_r_ZN_f,trans,1,1,M2,P,u0,9.600000e-14,6.085806e-02,5.842374e-15,2.175388e-05,1.000000e+00,2.880000e-15
INV_X1,A_r_ZN_f,delay,1,2,M1,N,vth,1.444260e-10,2.108185e-02,3.044767e-12,7.367585e-01,1.000000e+00,2.166390e-12
INV_X1,A_r_ZN_f,delay,1,2,M1,N,u0,-1.726525e-11,1.054093e-01,-1.819918e-12,2.632210e-01,1.000000e+00,-5.179575e-13
INV_X1,A_r_ZN_f,delay,1,2,M2,P,vth,-4.660000e-13,1.338877e-02,-6.239167e-15,3.093642e-06,1.000000e+00,-6.990000e-15
INV_X1,A_r_ZN_f,delay,1,2,M2,P,u0,-2.435000e-13,6.085806e-02,-1.481894e-14,1.745224e-05,1.000000e+00,-7.305000e-15
INV_X1,A_r_ZN_f,trans,1,2,M1,N,vth,1.399920e-10,2.108185e-02,2.95129e-12,6.291689e-01,1.000000e+00,2.099880e-12
INV_X1,A_r_ZN_f,trans,1,2,M1,N,u0,-2.149500e-11,1.054093e-01,-2.265773e-12,3.708311e-01,1.000000e+00,-6.448500e-13
INV_X1,A_r_ZN_f,trans,1,2,M2,P,vth,-3.000000e-15,1.338877e-02,-4.016631e-17,1.165379e-10,1.000000e+00,-4.500000e-17
INV_X1,A_r_ZN_f,trans,1,2,M2,P,u0,-5.000000e-16,6.085806e-02,-3.042903e-17,6.688359e-11,1.000000e+00,-1.500000e-17
INV_X1,A_r_ZN_f,delay,2,0,M1,N,vth,1.407660e-10,2.108185e-02,2.967608e-12,8.833866e-01,1.000000e+00,2.111490e-12
INV_X1,A_r_ZN_f,delay,2,0,M1,N,u0,-1.021325e-11,1.054093e-01,-1.076572e-12,1.162582e-01,1.000000e+00,-3.063975e-13
INV_X1,A_r_ZN_f,delay,2,0,M2,P,vth,-4.351500e-12,1.338877e-02,-5.826123e-14,3.404844e-04,1.000000e+00,-6.527250e-14
INV_X1,A_r_ZN_f,delay,2,0,M2,P,u0,-1.987500e-13,6.085806e-02,-1.209554e-14,1.467535e-05,1.000000e+00,-5.962500e-15
INV_X1,A_r_ZN_f,trans,2,0,M1,N,vth,6.228500e-12,2.108185e-02,1.313083e-13,1.398097e-01,1.000000e+00,9.342750e-14
INV_X1,A_r_ZN_f,trans,2,0,M1,N,u0,-3.065500e-12,1.054093e-01,-3.231322e-13,8.466688e-01,1.000000e+00,-9.196500e-14
INV_X1,A_r_ZN_f,trans,2,0,M2,P,vth,2.849500e-12,1.338877e-02,3.81513e-14,1.180244e-02,1.000000e+00,4.274250e-14
INV_X1,A_r_ZN_f,trans,2,0,M2,P,u0,2.392500e-13,6.085806e-02,1.456029e-14,1.719068e-03,1.000000e+00,7.177500e-15
INV_X1,A_r_ZN_f,delay,2,1,M1,N,vth,1.475705e-10,2.108185e-02,3.111059e-12,8.474580e-01,1.000000e+00,2.213557e-12
INV_X1,A_r_ZN_f,delay,2,1,M1,N,u0,-1.251900e-11,1.054093e-01,-1.319619e-12,1.524750e-01,1.000000e+00,-3.755700e-13
INV_X1,A_r_ZN_f,delay,2,1,M2,P,vth,-7.665000e-13,1.338877e-02,-1.026249e-14,9.221622e-06,1.000000e+00,-1.149750e-14
INV_X1,A_r_ZN_f,delay,2,1,M2,P,u0,-4.220000e-13,6.085806e-02,-2.56821e-14,5.775143e-05,1.000000e+00,-1.266000e-14
INV_X1,A_r_ZN_f,trans,2,1,M1,N,vth,5.969500e-12,2.108185e-02,1.258481e-13,5.587916e-02,1.000000e+00,8.954250e-14
INV_X1,A_r_ZN_f,trans,2,1,M1,N,u0,-4.902250e-12,1.054093e-01,-5.167427e-13,9.421180e-01,1.000000e+00,-1.470675e-13
INV_X1,A_r_ZN_f,trans,2,1,M2,P,vth,5.440000e-13,1.338877e-02,7.283491e-15,1.871698e-04,1.000000e+00,8.160000e-15
INV_X1,A_r_ZN_f,trans,2,1,M2,P,u0,3.727500e-13,6.085806e-02,2.268484e-14,1.815633e-03,1.000000e+00,1.118250e-14
INV_X1,A_r_ZN_f,delay,2,2,M1,N,vth,1.842805e-10,2.108185e-02,3.884974e-12,7.910104e-01,1.000000e+00,2.764207e-12
INV_X1,A_r_ZN_f,delay,2,2,M1,N,u0,-1.894325e-11,1.054093e-01,-1.996795e-12,2.089647e-01,1.000000e+00,-5.682975e-13
INV_X1,A_r_ZN_f,delay,2,2,M2,P,vth,-1.885000e-13,1.338877e-02,-2.523783e-15,3.338183e-07,1.000000e+00,-2.827500e-15
INV_X1,A_r_ZN_f,delay,2,2,M2,P,u0,-3.557500e-13,6.085806e-02,-2.165025e-14,2.456586e-05,1.000000e+00,-1.067250e-14
INV_X1,A_r_ZN_f,trans,2,2,M1,N,vth,1.053815e-10,2.108185e-02,2.221637e-12,5.648978e-01,1.000000e+00,1.580722e-12
INV_X1,A_r_ZN_f,trans,2,2,M1,N,u0,-1.849700e-11,1.054093e-01,-1.949756e-12,4.350950e-01,1.000000e+00,-5.549100e-13
INV_X1,A_r_ZN_f,trans,2,2,M2,P,vth,6.450000e-14,1.338877e-02,8.635757e-16,8.535411e-08,1.000000e+00,9.675000e-16
INV_X1,A_r_ZN_f,trans,2,2,M2,P,u0,1.297500e-13,6.085806e-02,7.896333e-15,7.136325e-06,1.000000e+00,3.892500e-15
INV_X1,A_f_ZN_r,delay,0,0,M1,N,vth,1.856500e-12,2.108185e-02,3.913845e-14,1.645852e-03,1.000000e+00,2.784750e-14
INV_X1,A_f_ZN_r,delay,0,0,M1,N,u0,-2.687500e-13,1.054093e-01,-2.832875e-14,8.622600e-04,1.000000e+00,-8.062500e-15
INV_X1,A_f_ZN_r,delay,0,0,M2,P,vth,5.023050e-11,1.338877e-02,6.725246e-13,4.859592e-01,1.000000e+00,7.534575e-13
INV_X1,A_f_ZN_r,delay,0,0,M2,P,u0,-1.133775e-11,6.085806e-02,-6.899935e-13,5.115327e-01,1.000000e+00,-3.401325e-13
INV_X1,A_f_ZN_r,trans,0,0,M1,N,vth,5.500000e-15,2.108185e-02,1.159502e-16,1.251227e-08,1.000000e+00,8.250000e-17
INV_X1,A_f_ZN_r,trans,0,0,M1,N,u0,-1.000000e-15,1.054093e-01,-1.054093e-16,1.034073e-08,1.000000e+00,-3.000000e-17
INV_X1,A_f_ZN_r,trans,0,0,M2,P,vth,4.736150e-11,1.338877e-02,6.341122e-13,3.742187e-01,1.000000e+00,7.104225e-13
INV_X1,A_f_ZN_r,trans,0,0,M2,P,u0,-1.347400e-11,6.085806e-02,-8.200015e-13,6.257813e-01,1.000000e+00,-4.042200e-13
INV_X1,A_f_ZN_r,delay,0,1,M1,N,vth,1.033500e-12,2.108185e-02,2.178809e-14,1.266512e-04,1.000000e+00,1.550250e-14
INV_X1,A_f_ZN_r,delay,0,1,M1,N,u0,-2.065000e-13,1.054093e-01,-2.176702e-14,1.264064e-04,1.000000e+00,-6.195000e-15
INV_X1,A_f_ZN_r,delay,0,1,M2,P,vth,9.810950e-11,1.338877e-02,1.313566e-12,4.603355e-01,1.000000e+00,1.471643e-12
INV_X1,A_f_ZN_r,delay,0,1,M2,P,u0,-2.336450e-11,6.085806e-02,-1.421918e-12,5.394115e-01,1.000000e+00,-7.009350e-13
INV_X1,A_f_ZN_r,trans,0,1,M1,N,vth,-5.000000e-16,2.108185e-02,-1.054093e-17,1.995287e-11,1.000000e+00,-7.500000e-18
INV_X1,A_f_ZN_r,trans,0,1,M1,N,u0,-2.500000e-16,1.054093e-01,-2.635233e-17,1.247056e-10,1.000000e+00,-7.500000e-18
INV_X1,A_f_ZN_r,trans,0,1,M2,P,vth,1.082630e-10,1.338877e-02,1.449508e-12,3.773022e-01,1.000000e+00,1.623945e-12
INV_X1,A_f_ZN_r,trans,0,1,M2,P,u0,-3.059825e-11,6.085806e-02,-1.86215e-12,6.226978e-01,1.000000e+00,-9.179475e-13
INV_X1,A_f_ZN_r,delay,0,2,M1,N,vth,1.210000e-13,2.108185e-02,2.550904e-15,3.249022e-07,1.000000e+00,1.815000e-15
INV_X1,A_f_ZN_r,delay,0,2,M1,N,u0,-1.085000e-13,1.054093e-01,-1.143691e-14,6.531032e-06,1.000000e+00,-3.255000e-15
INV_X1,A_f_ZN_r,delay,0,2,M2,P,vth,2.229600e-10,1.338877e-02,2.98516e-12,4.449383e-01,1.000000e+00,3.344400e-12
INV_X1,A_f_ZN_r,delay,0,2,M2,P,u0,-5.478575e-11,6.085806e-02,-3.334154e-12,5.550549e-01,1.000000e+00,-1.643573e-12
INV_X1,A_f_ZN_r,trans,0,2,M1,N,vth,-6.500000e-15,2.108185e-02,-1.37032e-16,5.414513e-10,1.000000e+00,-9.750000e-17
INV_X1,A_f_ZN_r,trans,0,2,M1,N,u0,2.500000e-16,1.054093e-01,2.635233e-17,2.002411e-11,1.000000e+00,7.500000e-18
INV_X1,A_f_ZN_r,trans,0,2,M2,P,vth,2.706450e-10,1.338877e-02,3.623604e-12,3.786140e-01,1.000000e+00,4.059675e-12
INV_X1,A_f_ZN_r,trans,0,2,M2,P,u0,-7.627900e-11,6.085806e-02,-4.642192e-12,6.213860e-01,1.000000e+00,-2.288370e-12
INV_X1,A_f_ZN_r,delay,1,0,M1,N,vth,7.075000e-13,2.108185e-02,1.491541e-14,1.924278e-04,1.000000e+00,1.061250e-14
INV_X1,A_f_ZN_r,delay,1,0,M1,N,u0,-1.525000e-13,1.054093e-01,-1.607492e-14,2.235090e-04,1.000000e+00,-4.575000e-15
INV_X1,A_f_ZN_r,delay,1,0,M2,P,vth,6.195700e-11,1.338877e-02,8.29528e-13,5.951953e-01,1.000000e+00,9.293550e-13
INV_X1,A_f_ZN_r,delay,1,0,M2,P,u0,-1.123525e-11,6.085806e-02,-6.837555e-13,4.043888e-01,1.000000e+00,-3.370575e-13
INV_X1,A_f_ZN_r,trans,1,0,M1,N,vth,-5.620000e-13,2.108185e-02,-1.1848e-14,2.861783e-04,1.000000e+00,-8.430000e-15
INV_X1,A_f_ZN_r,trans,1,0,M1,N,u0,1.197500e-13,1.054093e-01,1.262276e-14,3.248295e-04,1.000000e+00,3.592500e-15
INV_X1,A_f_ZN_r,trans,1,0,M2,P,vth,2.460450e-11,1.338877e-02,3.29424e-13,2.212366e-01,1.000000e+00,3.690675e-13
INV_X1,A_f_ZN_r,trans,1,0,M2,P,u0,-1.015175e-11,6.085806e-02,-6.178158e-13,7.781524e-01,1.000000e+00,-3.045525e-13
INV_X1,A_f_ZN_r,delay,1,1,M1,N,vth,1.307500e-12,2.108185e-02,2.756452e-14,1.809344e-04,1.000000e+00,1.961250e-14
INV_X1,A_f_ZN_r,delay,1,1,M1,N,u0,-2.462500e-13,1.054093e-01,-2.595704e-14,1.604466e-04,1.000000e+00,-7.387500e-15
INV_X1,A_f_ZN_r,delay,1,1,M2,P,vth,1.105160e-10,1.338877e-02,1.479673e-12,5.213771e-01,1.000000e+00,1.657740e-12
INV_X1,A_f_ZN_r,delay,1,1,M2,P,u0,-2.328700e-11,6.085806e-02,-1.417202e-12,4.782815e-01,1.000000e+00,-6.986100e-13
INV_X1,A_f_ZN_r,trans,1,1,M1,N,vth,0.000000e+00,2.108185e-02,0.0,0.000000e+00,,0.000000e+00
INV_X1,A_f_ZN_r,trans,1,1,M1,N,u0,-2.500000e-16,1.054093e-01,-2.635233e-17,1.271948e-10,1.000000e+00,-7.500000e-18
INV_X1,A_f_ZN_r,trans,1,1,M2,P,vth,1.059405e-10,1.338877e-02,1.418413e-12,3.684996e-01,1.000000e+00,1.589108e-12
INV_X1,A_f_ZN_r,trans,1,1,M2,P,u0,-3.051075e-11,6.085806e-02,-1.856825e-12,6.315004e-01,1.000000e+00,-9.153225e-13
INV_X1,A_f_ZN_r,delay,1,2,M1,N,vth,8.755000e-13,2.108185e-02,1.845716e-14,1.609510e-05,1.000000e+00,1.313250e-14
INV_X1,A_f_ZN_r,delay,1,2,M1,N,u0,-2.100000e-13,1.054093e-01,-2.213595e-14,2.315050e-05,1.000000e+00,-6.300000e-15
INV_X1,A_f_ZN_r,delay,1,2,M2,P,vth,2.364000e-10,1.338877e-02,3.165105e-12,4.733041e-01,1.000000e+00,3.546000e-12
INV_X1,A_f_ZN_r,delay,1,2,M2,P,u0,-5.486100e-11,6.085806e-02,-3.338734e-12,5.266567e-01,1.000000e+00,-1.645830e-12
INV_X1,A_f_ZN_r,trans,1,2,M1,N,vth,-6.000000e-15,2.108185e-02,-1.264911e-16,4.613656e-10,1.000000e+00,-9.000000e-17
INV_X1,A_f_ZN_r,trans,1,2,M1,N,u0,0.000000e+00,1.054093e-01,0.0,0.000000e+00,,0.000000e+00
INV_X1,A_f_ZN_r,trans,1,2,M2,P,vth,2.706455e-10,1.338877e-02,3.62361e-12,3.786241e-01,1.000000e+00,4.059683e-12
INV_X1,A_f_ZN_r,trans,1,2,M2,P,u0,-7.627750e-11,6.085806e-02,-4.642101e-12,6.213759e-01,1.000000e+00,-2.288325e-12
INV_X1,A_f_ZN_r,delay,2,0,M1,N,vth,-8.154000e-12,2.108185e-02,-1.719014e-13,5.289801e-03,1.000000e+00,-1.223100e-13
INV_X1,A_f_ZN_r,delay,2,0,M1,N,u0,3.420000e-13,1.054093e-01,3.604998e-14,2.326433e-04,1.000000e+00,1.026000e-14
INV_X1,A_f_ZN_r,delay,2,0,M2,P,vth,1.505610e-10,1.338877e-02,2.015827e-12,7.274226e-01,1.000000e+00,2.258415e-12
INV_X1,A_f_ZN_r,delay,2,0,M2,P,u0,-2.006975e-11,6.085806e-02,-1.221406e-12,2.670549e-01,1.000000e+00,-6.020925e-13
INV_X1,A_f_ZN_r,trans,2,0,M1,N,vth,7.828500e-12,2.108185e-02,1.650393e-13,5.277205e-02,1.000000e+00,1.174275e-13
INV_X1,A_f_ZN_r,trans,2,0,M1,N,u0,-3.317500e-13,1.054093e-01,-3.496954e-14,2.369241e-03,1.000000e+00,-9.952500e-15
INV_X1,A_f_ZN_r,trans,2,0,M2,P,vth,1.836050e-11,1.338877e-02,2.458245e-13,1.170792e-01,1.000000e+00,2.754075e-13
INV_X1,A_f_ZN_r,trans,2,0,M2,P,u0,-1.074050e-11,6.085806e-02,-6.53646e-13,8.277795e-01,1.000000e+00,-3.222150e-13
INV_X1,A_f_ZN_r,delay,2,1,M1,N,vth,-2.648000e-12,2.108185e-02,-5.582474e-14,4.235698e-04,1.000000e+00,-3.972000e-14
INV_X1,A_f_ZN_r,delay,2,1,M1,N,u0,3.150000e-14,1.054093e-01,3.320393e-15,1.498479e-06,1.000000e+00,9.450000e-16
INV_X1,A_f_ZN_r,delay,2,1,M2,P,vth,1.618750e-10,1.338877e-02,2.167307e-12,6.384288e-01,1.000000e+00,2.428125e-12
INV_X1,A_f_ZN_r,delay,2,1,M2,P,u0,-2.678475e-11,6.085806e-02,-1.630068e-12,3.611461e-01,1.000000e+00,-8.035425e-13
INV_X1,A_f_ZN_r,trans,2,1,M1,N,vth,2.301000e-12,2.108185e-02,4.850934e-14,1.067928e-03,1.000000e+00,3.451500e-14
INV_X1,A_f_ZN_r,trans,2,1,M1,N,u0,-2.575000e-14,1.054093e-01,-2.714289e-15,3.343517e-06,1.000000e+00,-7.725000e-16
INV_X1,A_f_ZN_r,trans,2,1,M2,P,vth,4.810100e-11,1.338877e-02,6.440132e-13,1.882265e-01,1.000000e+00,7.215150e-13
INV_X1,A_f_ZN_r,trans,2,1,M2,P,u0,-2.196175e-11,6.085806e-02,-1.336549e-12,8.107022e-01,1.000000e+00,-6.588525e-13
INV_X1,A_f_ZN_r,delay,2,2,M1,N,vth,-4.050000e-13,2.108185e-02,-8.538149e-15,2.995540e-06,1.000000e+00,-6.075000e-15
INV_X1,A_f_ZN_r,delay,2,2,M1,N,u0,-1.450000e-13,1.054093e-01,-1.528435e-14,9.599342e-06,1.000000e+00,-4.350000e-15
INV_X1,A_f_ZN_r,delay,2,2,M2,P,vth,2.696970e-10,1.338877e-02,3.610911e-12,5.357735e-01,1.000000e+00,4.045455e-12
INV_X1,A_f_ZN_r,delay,2,2,M2,P,u0,-5.522900e-11,6.085806e-02,-3.36113e-12,4.642139e-01,1.000000e+00,-1.656870e-12
INV_X1,A_f_ZN_r,trans,2,2,M1,N,vth,6.050000e-14,2.108185e-02,1.275452e-15,5.301557e-08,1.000000e+00,9.075000e-16
INV_X1,A_f_ZN_r,trans,2,2,M1,N,u0,2.425000e-14,1.054093e-01,2.556176e-15,2.129397e-07,1.000000e+00,7.275000e-16
INV_X1,A_f_ZN_r,trans,2,2,M2,P,vth,2.488500e-10,1.338877e-02,3.331795e-12,3.617695e-01,1.000000e+00,3.732750e-12
INV_X1,A_f_ZN_r,trans,2,2,M2,P,u0,-7.271650e-11,6.085806e-02,-4.425385e-12,6.382303e-01,1.000000e+00,-2.181495e-12
NAND2_X1,A_r_ZN_f,delay,0,0,M1,N,vth,3.592750e-11,1.490712e-02,5.355756e-13,7.119075e-01,8.014075e-01,5.389125e-13
NAND2_X1,A_r_ZN_f,delay,0,0,M1,N,u0,-3.412500e-12,7.453560e-02,-2.543527e-13,1.605665e-01,5.816431e-01,-1.023750e-13
NAND2_X1,A_r_ZN_f,delay,0,0,M2,N,vth,8.903000e-12,1.490712e-02,1.327181e-13,4.371619e-02,1.985925e-01,1.335450e-13
NAND2_X1,A_r_ZN_f,delay,0,0,M2,N,u0,-2.454500e-12,7.453560e-02,-1.829476e-13,8.306836e-02,4.183569e-01,-7.363500e-14
NAND2_X1,A_r_ZN_f,delay,0,0,M3,P,vth,1.215000e-13,1.338877e-02,1.626736e-15,6.567741e-06,9.959016e-01,1.822500e-15
NAND2_X1,A_r_ZN_f,delay,0,0,M3,P,u0,-2.827500e-13,6.085806e-02,-1.720762e-14,7.348920e-04,1.000000e+00,-8.482500e-15
NAND2_X1,A_r_ZN_f,delay,0,0,M4,P,vth,5.000000e-16,1.338877e-02,6.694385e-18,1.112253e-10,4.098361e-03,7.500000e-18
NAND2_X1,A_r_ZN_f,delay,0,0,M4,P,u0,0.000000e+00,6.085806e-02,0.0,0.000000e+00,-0.000000e+00,0.000000e+00
NAND2_X1,A_r_ZN_f,trans,0,0,M1,N,vth,2.196650e-11,1.490712e-02,3.274573e-13,4.352965e-01,6.513707e-01,3.294975e-13
NAND2_X1,A_r_ZN_f,trans,0,0,M1,N,u0,-2.994750e-12,7.453560e-02,-2.232155e-13,2.022668e-01,4.798125e-01,-8.984250e-14
NAND2_X1,A_r_ZN_f,trans,0,0,M2,N,vth,1.175700e-11,1.490712e-02,1.75263e-13,1.246971e-01,3.486293e-01,1.763550e-13
NAND2_X1,A_r_ZN_f,trans,0,0,M2,N,u0,-3.246750e-12,7.453560e-02,-2.419985e-13,2.377394e-01,5.201875e-01,-9.740250e-14
NAND2_X1,A_r_ZN_f,trans,0,0,M3,P,vth,2.000000e-15,1.338877e-02,2.677754e-17,2.910833e-09,1.000000e+00,3.000000e-17
NAND2_X1,A_r_ZN_f,trans,0,0,M3,P,u0,-3.000000e-15,6.085806e-02,-1.825742e-16,1.353177e-07,1.000000e+00,-9.000000e-17
NAND2_X1,A_r_ZN_f,trans,0,0,M4,P,vth,0.000000e+00,1.338877e-02,0.0,0.000000e+00,0.000000e+00,0.000000e+00
NAND2_X1,A_r_ZN_f,trans,0,0,M4,P,u0,0.000000e+00,6.085806e-02,0.0,0.000000e+00,-0.000000e+00,0.000000e+00
NAND2_X1,A_r_ZN_f,delay,0,1,M1,N,vth,5.450500e-11,1.490712e-02,8.125126e-13,6.674410e-01,7.697522e-01,8.175750e-13
NAND2_X1,A_r_ZN_f,delay,0,1,M1,N,u0,-5.377000e-12,7.453560e-02,-4.007779e-13,1.623904e-01,5.482259e-01,-1.613100e-13
NAND2_X1,A_r_ZN_f,delay,0,1,M2,N,vth,1.630350e-11,1.490712e-02,2.430382e-13,5.971754e-02,2.302478e-01,2.445525e-13
NAND2_X1,A_r_ZN_f,delay,0,1,M2,N,u0,-4.431000e-12,7.453560e-02,-3.302672e-13,1.102767e-01,4.517741e-01,-1.329300e-13
NAND2_X1,A_r_ZN_f,delay,0,1,M3,P,vth,-5.430000e-13,1.338877e-02,-7.270102e-15,5.343597e-05,1.000000e+00,-8.145000e-15
NAND2_X1,A_r_ZN_f,delay,0,1,M3,P,u0,-1.797500e-13,6.085806e-02,-1.093924e-14,1.209837e-04,1.000000e+00,-5.392500e-15
NAND2_X1,A_r_ZN_f,delay,0,1,M4,P,vth,0.000000e+00,1.338877e-02,0.0,0.000000e+00,-0.000000e+00,0.000000e+00
NAND2_X1,A_r_ZN_f,delay,0,1,M4,P,u0,0.000000e+00,6.085806e-02,0.0,0.000000e+00,-0.000000e+00,0.000000e+00
NAND2_X1,A_r_ZN_f,trans,0,1,M1,N,vth,4.285500e-11,1.490712e-02,6.388446e-13,4.666641e-01,6.709145e-01,6.428250e-13
NAND2_X1,A_r_ZN_f,trans,0,1,M1,N,u0,-5.691500e-12,7.453560e-02,-4.242194e-13,2.057761e-01,4.943542e-01,-1.707450e-13
NAND2_X1,A_r_ZN_f,trans,0,1,M2,N,vth,2.102050e-11,1.490712e-02,3.133551e-13,1.122761e-01,3.290855e-01,3.153075e-13
NAND2_X1,A_r_ZN_f,trans,0,1,M2,N,u0,-5.821500e-12,7.453560e-02,-4.33909e-13,2.152837e-01,5.056458e-01,-1.746450e-13
NAND2_X1,A_r_ZN_f,trans,0,1,M3,P,vth,1.000000e-15,1.338877e-02,1.338877e-17,2.049723e-10,2.000000e+00,1.500000e-17
NAND2_X1,A_r_ZN_f,trans,0,1,M3,P,u0,7.500000e-16,6.085806e-02,4.564354e-17,2.382169e-09,1.000000e+00,2.250000e-17
NAND2_X1,A_r_ZN_f,trans,0,1,M4,P,vth,-5.000000e-16,1.338877e-02,-6.694385e-18,5.124308e-11,-1.000000e+00,-7.500000e-18
NAND2_X1,A_r_ZN_f,trans,0,1,M4,P,u0,0.000000e+00,6.085806e-02,0.0,0.000000e+00,0.000000e+00,0.000000e+00
NAND2_X1,A_r_ZN_f,delay,0,2,M1,N,vth,1.029975e-10,1.490712e-02,1.535396e-12,6.252435e-01,7.424875e-01,1.544962e-12
NAND2_X1,A_r_ZN_f,delay,0,2,M1,N,u0,-1.052125e-11,7.453560e-02,-7.842077e-13,1.631062e-01,5.223603e-01,-3.156375e-13
NAND2_X1,A_r_ZN_f,delay,0,2,M2,N,vth,3.572200e-11,1.490712e-02,5.325121e-13,7.520857e-02,2.575125e-01,5.358300e-13
NAND2_X1,A_r_ZN_f,delay,0,2,M2,N,u0,-9.620500e-12,7.453560e-02,-7.170697e-13,1.363739e-01,4.776397e-01,-2.886150e-13
NAND2_X1,A_r_ZN_f,delay,0,2,M3,P,vth,-1.125000e-12,1.338877e-02,-1.506237e-14,6.017204e-05,9.995558e-01,-1.687500e-14
NAND2_X1,A_r_ZN_f,delay,0,2,M3,P,u0,-8.850000e-14,6.085806e-02,-5.385938e-15,7.693626e-06,1.000000e+00,-2.655000e-15
NAND2_X1,A_r_ZN_f,delay,0,2,M4,P,vth,-5.000000e-16,1.338877e-02,-6.694385e-18,1.188583e-11,4.442470e-04,-7.500000e-18
NAND2_X1,A_r_ZN_f,delay,0,2,M4,P,u0,0.000000e+00,6.085806e-02,0.0,0.000000e+00,-0.000000e+00,0.000000e+00
NAND2_X1,A_r_ZN_f,trans,0,2,M1,N,vth,9.896850e-11,1.490712e-02,1.475335e-12,4.889967e-01,6.848723e-01,1.484527e-12
NAND2_X1,A_r_ZN_f,trans,0,2,M1,N,u0,-1.291875e-11,7.453560e-02,-9.629068e-13,2.083018e-01,5.056015e-01,-3.875625e-13
NAND2_X1,A_r_ZN_f,trans,0,2,M2,N,vth,4.553800e-11,1.490712e-02,6.788404e-13,1.035285e-01,3.151277e-01,6.830700e-13
NAND2_X1,A_r_ZN_f,trans,0,2,M2,N,u0,-1.263250e-11,7.453560e-02,-9.41571e-13,1.991731e-01,4.943985e-01,-3.789750e-13
NAND2_X1,A_r_ZN_f,trans,0,2,M3,P,vth,0.000000e+00,1.338877e-02,0.0,0.000000e+00,-0.000000e+00,0.000000e+00
NAND2_X1,A_r_ZN_f,trans,0,2,M3,P,u0,2.500000e-16,6.085806e-02,1.521452e-17,5.200447e-11,1.000000e+00,7.500000e-18
NAND2_X1,A_r_ZN_f,trans,0,2,M4,P,vth,-1.500000e-15,1.338877e-02,-2.008315e-17,9.061255e-11,1.000000e+00,-2.250000e-17
NAND2_X1,A_r_ZN_f,trans,0,2,M4,P,u0,0.000000e+00,6.085806e-02,0.0,0.000000e+00,0.000000e+00,0.000000e+00
NAND2_X1,A_r_ZN_f,delay,1,0,M1,N,vth,5.634000e-11,1.490712e-02,8.398671e-13,8.250419e-01,8.827055e-01,8.451000e-13
NAND2_X1,A_r_ZN_f,delay,1,0,M1,N,u0,-4.398750e-12,7.453560e-02,-3.278635e-13,1.257306e-01,6.585448e-01,-1.319625e-13
NAND2_X1,A_r_ZN_f,delay,1,0,M2,N,vth,7.486500e-12,1.490712e-02,1.116022e-13,1.456800e-02,1.172945e-01,1.122975e-13
NAND2_X1,A_r_ZN_f,delay,1,0,M2,N,u0,-2.280750e-12,7.453560e-02,-1.699971e-13,3.380163e-02,3.414552e-01,-6.842250e-14
NAND2_X1,A_r_ZN_f,delay,1,0,M3,P,vth,6.845000e-13,1.338877e-02,9.164613e-15,9.823881e-05,1.000000e+00,1.026750e-14
NAND2_X1,A_r_ZN_f,delay,1,0,M3,P,u0,-4.187500e-13,6.085806e-02,-2.548431e-14,7.596275e-04,1.000000e+00,-1.256250e-14
NAND2_X1,A_r_ZN_f,delay,1,0,M4,P,vth,0.000000e+00,1.338877e-02,0.0,0.000000e+00,0.000000e+00,0.000000e+00
NAND2_X1,A_r_ZN_f,delay,1,0,M4,P,u0,0.000000e+00,6.085806e-02,0.0,0.000000e+00,-0.000000e+00,0.000000e+00
NAND2_X1,A_r_ZN_f,trans,1,0,M1,N,vth,4.856500e-12,1.490712e-02,7.239643e-14,6.634951e-02,3.490495e-01,7.284750e-14
NAND2_X1,A_r_ZN_f,trans,1,0,M1,N,u0,-1.883000e-12,7.453560e-02,-1.403505e-13,2.493627e-01,4.267180e-01,-5.649000e-14
NAND2_X1,A_r_ZN_f,trans,1,0,M2,N,vth,9.057000e-12,1.490712e-02,1.350138e-13,2.307595e-01,6.509505e-01,1.358550e-13
NAND2_X1,A_r_ZN_f,trans,1,0,M2,N,u0,-2.529750e-12,7.453560e-02,-1.885564e-13,4.500763e-01,5.732820e-01,-7.589250e-14
NAND2_X1,A_r_ZN_f,trans,1,0,M3,P,vth,-4.215000e-13,1.338877e-02,-5.643367e-15,4.031623e-04,9.988152e-01,-6.322500e-15
NAND2_X1,A_r_ZN_f,trans,1,0,M3,P,u0,2.550000e-13,6.085806e-02,1.551881e-14,3.048737e-03,1.000000e+00,7.650000e-15
NAND2_X1,A_r_ZN_f,trans,1,0,M4,P,vth,-5.000000e-16,1.338877e-02,-6.694385e-18,5.673157e-10,1.184834e-03,-7.500000e-18
NAND2_X1,A_r_ZN_f,trans,1,0,M4,P,u0,0.000000e+00,6.085806e-02,0.0,0.000000e+00,0.000000e+00,0.000000e+00
NAND2_X1,A_r_ZN_f,delay,1,1,M1,N,vth,7.132800e-11,1.490712e-02,1.063295e-12,7.669466e-01,8.339725e-01,1.069920e-12
NAND2_X1,A_r_ZN_f,delay,1,1,M1,N,u0,-6.093500e-12,7.453560e-02,-4.541827e-13,1.399325e-01,5.995327e-01,-1.828050e-13
NAND2_X1,A_r_ZN_f,delay,1,1,M2,N,vth,1.420000e-11,1.490712e-02,2.116811e-13,3.039637e-02,1.660275e-01,2.130000e-13
NAND2_X1,A_r_ZN_f,delay,1,1,M2,N,u0,-4.070250e-12,7.453560e-02,-3.033785e-13,6.243487e-02,4.004673e-01,-1.221075e-13
NAND2_X1,A_r_ZN_f,delay,1,1,M3,P,vth,2.720000e-13,1.338877e-02,3.641745e-15,8.996564e-06,1.000000e+00,4.080000e-15
NAND2_X1,A_r_ZN_f,delay,1,1,M3,P,u0,-3.342500e-13,6.085806e-02,-2.034181e-14,2.806962e-04,1.000000e+00,-1.002750e-14
NAND2_X1,A_r_ZN_f,delay,1,1,M4,P,vth,0.000000e+00,1.338877e-02,0.0,0.000000e+00,0.000000e+00,0.000000e+00
NAND2_X1,A_r_ZN_f,delay,1,1,M4,P,u0,0.000000e+00,6.085806e-02,0.0,0.000000e+00,-0.000000e+00,0.000000e+00
NAND2_X1,A_r_ZN_f,trans,1,1,M1,N,vth,3.335400e-11,1.490712e-02,4.972121e-13,3.914363e-01,6.321236e-01,5.003100e-13
NAND2_X1,A_r_ZN_f,trans,1,1,M1,N,u0,-5.019500e-12,7.453560e-02,-3.741314e-13,2.216288e-01,4.828067e-01,-1.505850e-13
NAND2_X1,A_r_ZN_f,trans,1,1,M2,N,vth,1.941100e-11,1.490712e-02,2.893621e-13,1.325748e-01,3.678764e-01,2.911650e-13
NAND2_X1,A_r_ZN_f,trans,1,1,M2,N,u0,-5.377000e-12,7.453560e-02,-4.007779e-13,2.543228e-01,5.171933e-01,-1.613100e-13
NAND2_X1,A_r_ZN_f,trans,1,1,M3,P,vth,-6.450000e-14,1.338877e-02,-8.635757e-16,1.180806e-06,9.847328e-01,-9.675000e-16
NAND2_X1,A_r_ZN_f,trans,1,1,M3,P,u0,7.850000e-14,6.085806e-02,4.777358e-15,3.613710e-05,1.000000e+00,2.355000e-15
NAND2_X1,A_r_ZN_f,trans,1,1,M4,P,vth,-1.000000e-15,1.338877e-02,-1.338877e-17,2.838305e-10,1.526718e-02,-1.500000e-17
NAND2_X1,A_r_ZN_f,trans,1,1,M4,P,u0,0.000000e+00,6.085806e-02,0.0,0.000000e+00,0.000000e+00,0.000000e+00
NAND2_X1,A_r_ZN_f,delay,1,2,M1,N,vth,1.205875e-10,1.490712e-02,1.797612e-12,6.914983e-01,7.814120e-01,1.808812e-12
NAND2_X1,A_r_ZN_f,delay,1,2,M1,N,u0,-1.129350e-11,7.453560e-02,-8.417678e-13,1.516295e-01,5.485277e-01,-3.388050e-13
NAND2_X1,A_r_ZN_f,delay,1,2,M2,N,vth,3.373250e-11,1.490712e-02,5.028544e-13,5.411076e-02,2.185880e-01,5.059875e-13
NAND2_X1,A_r_ZN_f,delay,1,2,M2,N,u0,-9.295250e-12,7.453560e-02,-6.92827e-13,1.027185e-01,4.514723e-01,-2.788575e-13
NAND2_X1,A_r_ZN_f,delay,1,2,M3,P,vth,-4.870000e-13,1.338877e-02,-6.520331e-15,9.097841e-06,9.989744e-01,-7.305000e-15
NAND2_X1,A_r_ZN_f,delay,1,2,M3,P,u0,-2.065000e-13,6.085806e-02,-1.256719e-14,3.379678e-05,1.000000e+00,-6.195000e-15
NAND2_X1,A_r_ZN_f,delay,1,2,M4,P,vth,-5.000000e-16,1.338877e-02,-6.694385e-18,9.590040e-12,1.025641e-03,-7.500000e-18
NAND2_X1,A_r_ZN_f,delay,1,2,M4,P,u0,0.000000e+00,6.085806e-02,0.0,0.000000e+00,-0.000000e+00,0.000000e+00
NAND2_X1,A_r_ZN_f,trans,1,2,M1,N,vth,9.897250e-11,1.490712e-02,1.475395e-12,4.890008e-01,6.848881e-01,1.484588e-12
NAND2_X1,A_r_ZN_f,trans,1,2,M1,N,u0,-1.291925e-11,7.453560e-02,-9.629441e-13,2.083028e-01,5.055963e-01,-3.875775e-13
NAND2_X1,A_r_ZN_f,trans,1,2,M2,N,vth,4.553650e-11,1.490712e-02,6.788181e-13,1.035142e-01,3.151119e-01,6.830475e-13
NAND2_X1,A_r_ZN_f,trans,1,2,M2,N,u0,-1.263325e-11,7.453560e-02,-9.416269e-13,1.991823e-01,4.944037e-01,-3.789975e-13
NAND2_X1,A_r_ZN_f,trans,1,2,M3,P,vth,-5.000000e-16,1.338877e-02,-6.694385e-18,1.006733e-11,2.500000e-01,-7.500000e-18
NAND2_X1,A_r_ZN_f,trans,1,2,M3,P,u0,2.500000e-16,6.085806e-02,1.521452e-17,5.200070e-11,5.000000e-01,7.500000e-18
NAND2_X1,A_r_ZN_f,trans,1,2,M4,P,vth,-1.500000e-15,1.338877e-02,-2.008315e-17,9.060598e-11,7.500000e-01,-2.250000e-17
NAND2_X1,A_r_ZN_f,trans,1,2,M4,P,u0,2.500000e-16,6.085806e-02,1.521452e-17,5.200070e-11,5.000000e-01,7.500000e-18
NAND2_X1,A_r_ZN_f,delay,2,0,M1,N,vth,1.404970e-10,1.490712e-02,2.094406e-12,8.939450e-01,9.365905e-01,2.107455e-12
NAND2_X1,A_r_ZN_f,delay,2,0,M1,N,u0,-8.910750e-12,7.453560e-02,-6.641681e-13,8.989700e-02,7.363952e-01,-2.673225e-13
NAND2_X1,A_r_ZN_f,delay,2,0,M2,N,vth,9.512000e-12,1.490712e-02,1.417965e-13,4.097513e-03,6.340953e-02,1.426800e-13
NAND2_X1,A_r_ZN_f,delay,2,0,M2,N,u0,-3.189750e-12,7.453560e-02,-2.377499e-13,1.151940e-02,2.636048e-01,-9.569250e-14
NAND2_X1,A_r_ZN_f,delay,2,0,M3,P,vth,-3.694500e-12,1.338877e-02,-4.946481e-14,4.986340e-04,9.998647e-01,-5.541750e-14
NAND2_X1,A_r_ZN_f,delay,2,0,M3,P,u0,-2.372500e-13,6.085806e-02,-1.443857e-14,4.248522e-05,1.001055e+00,-7.117500e-15
NAND2_X1,A_r_ZN_f,delay,2,0,M4,P,vth,-5.000000e-16,1.338877e-02,-6.694385e-18,9.132939e-12,1.353180e-04,-7.500000e-18
NAND2_X1,A_r_ZN_f,delay,2,0,M4,P,u0,2.500000e-16,6.085806e-02,1.521452e-17,4.717429e-11,-1.054852e-03,7.500000e-18
NAND2_X1,A_r_ZN_f,trans,2,0,M1,N,vth,5.004500e-12,1.490712e-02,7.460268e-14,6.357111e-02,3.838248e-01,7.506750e-14
NAND2_X1,A_r_ZN_f,trans,2,0,M1,N,u0,-2.386250e-12,7.453560e-02,-1.778606e-13,3.613352e-01,4.879607e-01,-7.158750e-14
NAND2_X1,A_r_ZN_f,trans,2,0,M2,N,vth,8.034000e-12,1.490712e-02,1.197638e-13,1.638333e-01,6.161752e-01,1.205100e-13
NAND2_X1,A_r_ZN_f,trans,2,0,M2,N,u0,-2.504000e-12,7.453560e-02,-1.866371e-13,3.978754e-01,5.120393e-01,-7.512000e-14
NAND2_X1,A_r_ZN_f,trans,2,0,M3,P,vth,2.291500e-12,1.338877e-02,3.068037e-14,1.075157e-02,1.000437e+00,3.437250e-14
NAND2_X1,A_r_ZN_f,trans,2,0,M3,P,u0,2.495000e-13,6.085806e-02,1.518409e-14,2.633469e-03,1.000000e+00,7.485000e-15
NAND2_X1,A_r_ZN_f,trans,2,0,M4,P,vth,-1.000000e-15,1.338877e-02,-1.338877e-17,2.047539e-09,-4.365859e-04,-1.500000e-17
NAND2_X1,A_r_ZN_f,trans,2,0,M4,P,u0,0.000000e+00,6.085806e-02,0.0,0.000000e+00,0.000000e+00,0.000000e+00
NAND2_X1,A_r_ZN_f,delay,2,1,M1,N,vth,1.447245e-10,1.490712e-02,2.157425e-12,8.636971e-01,9.090706e-01,2.170868e-12
NAND2_X1,A_r_ZN_f,delay,2,1,M1,N,u0,-1.010500e-11,7.453560e-02,-7.531822e-13,1.052665e-01,6.850383e-01,-3.031500e-13
NAND2_X1,A_r_ZN_f,delay,2,1,M2,N,vth,1.447600e-11,1.490712e-02,2.157955e-13,8.641209e-03,9.092936e-02,2.171400e-13
NAND2_X1,A_r_ZN_f,delay,2,1,M2,N,u0,-4.646000e-12,7.453560e-02,-3.462924e-13,2.225234e-02,3.149617e-01,-1.393800e-13
NAND2_X1,A_r_ZN_f,delay,2,1,M3,P,vth,-1.290500e-12,1.338877e-02,-1.727821e-14,5.539713e-05,9.996127e-01,-1.935750e-14
NAND2_X1,A_r_ZN_f,delay,2,1,M3,P,u0,-3.567500e-13,6.085806e-02,-2.171111e-14,8.746897e-05,1.000000e+00,-1.070250e-14
NAND2_X1,A_r_ZN_f,delay,2,1,M4,P,vth,-5.000000e-16,1.338877e-02,-6.694385e-18,8.315938e-12,3.872967e-04,-7.500000e-18
NAND2_X1,A_r_ZN_f,delay,2,1,M4,P,u0,0.000000e+00,6.085806e-02,0.0,0.000000e+00,-0.000000e+00,0.000000e+00
NAND2_X1,A_r_ZN_f,trans,2,1,M1,N,vth,4.868500e-12,1.490712e-02,7.257531e-14,2.312328e-02,2.471069e-01,7.302750e-14
NAND2_X1,A_r_ZN_f,trans,2,1,M1,N,u0,-3.509000e-12,7.453560e-02,-2.615454e-13,3.003073e-01,4.469352e-01,-1.052700e-13
NAND2_X1,A_r_ZN_f,trans,2,1,M2,N,vth,1.483350e-11,1.490712e-02,2.211248e-13,2.146577e-01,7.528931e-01,2.225025e-13
NAND2_X1,A_r_ZN_f,trans,2,1,M2,N,u0,-4.342250e-12,7.453560e-02,-3.236522e-13,4.598634e-01,5.530648e-01,-1.302675e-13
NAND2_X1,A_r_ZN_f,trans,2,1,M3,P,vth,8.920000e-13,1.338877e-02,1.194278e-14,6.261563e-04,1.000561e+00,1.338000e-14
NAND2_X1,A_r_ZN_f,trans,2,1,M3,P,u0,2.957500e-13,6.085806e-02,1.799877e-14,1.422189e-03,1.000000e+00,8.872500e-15
NAND2_X1,A_r_ZN_f,trans,2,1,M4,P,vth,-5.000000e-16,1.338877e-02,-6.694385e-18,1.967402e-10,-5.608525e-04,-7.500000e-18
NAND2_X1,A_r_ZN_f,trans,2,1,M4,P,u0,0.000000e+00,6.085806e-02,0.0,0.000000e+00,0.000000e+00,0.000000e+00
NAND2_X1,A_r_ZN_f,delay,2,2,M1,N,vth,1.636920e-10,1.490712e-02,2.440176e-12,7.930366e-01,8.498359e-01,2.455380e-12
NAND2_X1,A_r_ZN_f,delay,2,2,M1,N,u0,-1.318800e-11,7.453560e-02,-9.829755e-13,1.286874e-01,6.080572e-01,-3.956400e-13
NAND2_X1,A_r_ZN_f,delay,2,2,M2,N,vth,2.892400e-11,1.490712e-02,4.311735e-13,2.476025e-02,1.501641e-01,4.338600e-13
NAND2_X1,A_r_ZN_f,delay,2,2,M2,N,u0,-8.500750e-12,7.453560e-02,-6.336085e-13,5.346786e-02,3.919428e-01,-2.550225e-13
NAND2_X1,A_r_ZN_f,delay,2,2,M3,P,vth,-5.695000e-13,1.338877e-02,-7.624905e-15,7.743185e-06,9.991228e-01,-8.542500e-15
NAND2_X1,A_r_ZN_f,delay,2,2,M3,P,u0,-2.852500e-13,6.085806e-02,-1.735976e-14,4.013639e-05,1.000000e+00,-8.557500e-15
NAND2_X1,A_r_ZN_f,delay,2,2,M4,P,vth,-5.000000e-16,1.338877e-02,-6.694385e-18,5.968596e-12,8.771930e-04,-7.500000e-18
NAND2_X1,A_r_ZN_f,delay,2,2,M4,P,u0,0.000000e+00,6.085806e-02,0.0,0.000000e+00,-0.000000e+00,0.000000e+00
NAND2_X1,A_r_ZN_f,trans,2,2,M1,N,vth,6.278600e-11,1.490712e-02,9.359584e-13,3.483673e-01,6.123820e-01,9.417900e-13
NAND2_X1,A_r_ZN_f,trans,2,2,M1,N,u0,-1.045450e-11,7.453560e-02,-7.792324e-13,2.414673e-01,4.857813e-01,-3.136350e-13
NAND2_X1,A_r_ZN_f,trans,2,2,M2,N,vth,3.974150e-11,1.490712e-02,5.924313e-13,1.395726e-01,3.876180e-01,5.961225e-13
NAND2_X1,A_r_ZN_f,trans,2,2,M2,N,u0,-1.106650e-11,7.453560e-02,-8.248482e-13,2.705655e-01,5.142187e-01,-3.319950e-13
NAND2_X1,A_r_ZN_f,trans,2,2,M3,P,vth,2.430000e-13,1.338877e-02,3.253471e-15,4.209381e-06,1.006211e+00,3.645000e-15
NAND2_X1,A_r_ZN_f,trans,2,2,M3,P,u0,1.250000e-13,6.085806e-02,7.607258e-15,2.301339e-05,1.000000e+00,3.750000e-15
NAND2_X1,A_r_ZN_f,trans,2,2,M4,P,vth,-1.500000e-15,1.338877e-02,-2.008315e-17,1.603940e-10,-6.211180e-03,-2.250000e-17
NAND2_X1,A_r_ZN_f,trans,2,2,M4,P,u0,0.000000e+00,6.085806e-02,0.0,0.000000e+00,0.000000e+00,0.000000e+00
NAND2_X1,A_f_ZN_r,delay,0,0,M1,N,vth,1.651000e-12,1.490712e-02,2.461166e-14,3.205415e-04,7.815385e-01,2.476500e-14
NAND2_X1,A_f_ZN_r,delay,0,0,M1,N,u0,-2.745000e-13,7.453560e-02,-2.046002e-14,2.215210e-04,6.151261e-01,-8.235000e-15
NAND2_X1,A_f_ZN_r,delay,0,0,M2,N,vth,4.615000e-13,1.490712e-02,6.879636e-15,2.504572e-05,2.184615e-01,6.922500e-15
NAND2_X1,A_f_ZN_r,delay,0,0,M2,N,u0,-1.717500e-13,7.453560e-02,-1.280149e-14,8.672088e-05,3.848739e-01,-5.152500e-15
NAND2_X1,A_f_ZN_r,delay,0,0,M3,P,vth,7.040150e-11,1.338877e-02,9.425895e-13,4.701624e-01,9.999787e-01,1.056023e-12
NAND2_X1,A_f_ZN_r,delay,0,0,M3,P,u0,-1.643175e-11,6.085806e-02,-1.000004e-12,5.291838e-01,9.999848e-01,-4.929525e-13
NAND2_X1,A_f_ZN_r,delay,0,0,M4,P,vth,1.500000e-15,1.338877e-02,2.008315e-17,2.134355e-10,2.130591e-05,2.250000e-17
NAND2_X1,A_f_ZN_r,delay,0,0,M4,P,u0,-2.500000e-16,6.085806e-02,-1.521452e-17,1.224952e-10,1.521422e-05,-7.500000e-18
NAND2_X1,A_f_ZN_r,trans,0,0,M1,N,vth,-1.000000e-15,1.490712e-02,-1.490712e-17,9.547416e-11,2.000000e+00,-1.500000e-17
NAND2_X1,A_f_ZN_r,trans,0,0,M1,N,u0,-2.500000e-16,7.453560e-02,-1.86339e-17,1.491784e-10,5.000000e-01,-7.500000e-18
NAND2_X1,A_f_ZN_r,trans,0,0,M2,N,vth,5.000000e-16,1.490712e-02,7.45356e-18,2.386854e-11,-1.000000e+00,7.500000e-18
NAND2_X1,A_f_ZN_r,trans,0,0,M2,N,u0,-2.500000e-16,7.453560e-02,-1.86339e-17,1.491784e-10,5.000000e-01,-7.500000e-18
NAND2_X1,A_f_ZN_r,trans,0,0,M3,P,vth,6.983100e-11,1.338877e-02,9.349512e-13,3.755573e-01,9.999857e-01,1.047465e-12
NAND2_X1,A_f_ZN_r,trans,0,0,M3,P,u0,-1.980975e-11,6.085806e-02,-1.205583e-12,6.244427e-01,9.999874e-01,-5.942925e-13
NAND2_X1,A_f_ZN_r,trans,0,0,M4,P,vth,1.000000e-15,1.338877e-02,1.338877e-17,7.701578e-11,1.432008e-05,1.500000e-17
NAND2_X1,A_f_ZN_r,trans,0,0,M4,P,u0,-2.500000e-16,6.085806e-02,-1.521452e-17,9.945225e-11,1.261989e-05,-7.500000e-18
NAND2_X1,A_f_ZN_r,delay,0,1,M1,N,vth,2.895000e-13,1.490712e-02,4.315611e-15,3.342348e-06,3.687898e-01,4.342500e-15
NAND2_X1,A_f_ZN_r,delay,0,1,M1,N,u0,-1.615000e-13,7.453560e-02,-1.20375e-14,2.600397e-05,4.667630e-01,-4.845000e-15
NAND2_X1,A_f_ZN_r,delay,0,1,M2,N,vth,4.955000e-13,1.490712e-02,7.386478e-15,9.791334e-06,6.312102e-01,7.432500e-15
NAND2_X1,A_f_ZN_r,delay,0,1,M2,N,u0,-1.845000e-13,7.453560e-02,-1.375182e-14,3.393808e-05,5.332370e-01,-5.535000e-15
NAND2_X1,A_f_ZN_r,delay,0,1,M3,P,vth,1.189710e-10,1.338877e-02,1.592875e-12,4.553346e-01,9.999790e-01,1.784565e-12
NAND2_X1,A_f_ZN_r,delay,0,1,M3,P,u0,-2.862425e-11,6.085806e-02,-1.742016e-12,5.445923e-01,1.000000e+00,-8.587275e-13
NAND2_X1,A_f_ZN_r,delay,0,1,M4,P,vth,2.500000e-15,1.338877e-02,3.347192e-17,2.010613e-10,2.101308e-05,3.750000e-17
NAND2_X1,A_f_ZN_r,delay,0,1,M4,P,u0,0.000000e+00,6.085806e-02,0.0,0.000000e+00,-0.000000e+00,0.000000e+00
NAND2_X1,A_f_ZN_r,trans,0,1,M1,N,vth,-6.000000e-15,1.490712e-02,-8.944272e-17,9.857132e-10,1.090909e+00,-9.000000e-17
NAND2_X1,A_f_ZN_r,trans,0,1,M1,N,u0,2.500000e-16,7.453560e-02,1.86339e-17,4.278269e-11,,7.500000e-18
NAND2_X1,A_f_ZN_r,trans,0,1,M2,N,vth,5.000000e-16,1.490712e-02,7.45356e-18,6.845231e-12,-9.090909e-02,7.500000e-18
NAND2_X1,A_f_ZN_r,trans,0,1,M2,N,u0,-2.500000e-16,7.453560e-02,-1.86339e-17,4.278269e-11,,-7.500000e-18
NAND2_X1,A_f_ZN_r,trans,0,1,M3,P,vth,1.307195e-10,1.338877e-02,1.750173e-12,3.774181e-01,9.999885e-01,1.960792e-12
NAND2_X1,A_f_ZN_r,trans,0,1,M3,P,u0,-3.693600e-11,6.085806e-02,-2.247853e-12,6.225819e-01,9.999932e-01,-1.108080e-12
NAND2_X1,A_f_ZN_r,trans,0,1,M4,P,vth,1.500000e-15,1.338877e-02,2.008315e-17,4.969635e-11,1.147482e-05,2.250000e-17
NAND2_X1,A_f_ZN_r,trans,0,1,M4,P,u0,-2.500000e-16,6.085806e-02,-1.521452e-17,2.852179e-11,6.768419e-06,-7.500000e-18
NAND2_X1,A_f_ZN_r,delay,0,2,M1,N,vth,-1.443000e-12,1.490712e-02,-2.151097e-14,1.914149e-05,1.484568e+00,-2.164500e-14
NAND2_X1,A_f_ZN_r,delay,0,2,M1,N,u0,1.350000e-14,7.453560e-02,1.006231e-15,4.188424e-08,-8.333333e-02,4.050000e-16
NAND2_X1,A_f_ZN_r,delay,0,2,M2,N,vth,4.710000e-13,1.490712e-02,7.021254e-15,2.039318e-06,-4.845679e-01,7.065000e-15
NAND2_X1,A_f_ZN_r,delay,0,2,M2,N,u0,-1.755000e-13,7.453560e-02,-1.3081e-14,7.078437e-06,1.083333e+00,-5.265000e-15
NAND2_X1,A_f_ZN_r,delay,0,2,M3,P,vth,2.446550e-10,1.338877e-02,3.27563e-12,4.438592e-01,9.999775e-01,3.669825e-12
NAND2_X1,A_f_ZN_r,delay,0,2,M3,P,u0,-6.024700e-11,6.085806e-02,-3.666516e-12,5.561125e-01,9.999959e-01,-1.807410e-12
NAND2_X1,A_f_ZN_r,delay,0,2,M4,P,vth,5.500000e-15,1.338877e-02,7.363823e-17,2.243171e-10,2.248013e-05,8.250000e-17
NAND2_X1,A_f_ZN_r,delay,0,2,M4,P,u0,-2.500000e-16,6.085806e-02,-1.521452e-17,9.575729e-12,4.149567e-06,-7.500000e-18
NAND2_X1,A_f_ZN_r,trans,0,2,M1,N,vth,-1.500000e-14,1.490712e-02,-2.236068e-16,1.229126e-09,1.034483e+00,-2.250000e-16
NAND2_X1,A_f_ZN_r,trans,0,2,M1,N,u0,5.000000e-16,7.453560e-02,3.72678e-17,3.414238e-11,2.000000e+00,1.500000e-17
NAND2_X1,A_f_ZN_r,trans,0,2,M2,N,vth,5.000000e-16,1.490712e-02,7.45356e-18,1.365695e-12,-3.448276e-02,7.500000e-18
NAND2_X1,A_f_ZN_r,trans,0,2,M2,N,u0,-2.500000e-16,7.453560e-02,-1.86339e-17,8.535595e-12,-1.000000e+00,-7.500000e-18
NAND2_X1,A_f_ZN_r,trans,0,2,M3,P,vth,2.931060e-10,1.338877e-02,3.924329e-12,3.785795e-01,9.999864e-01,4.396590e-12
NAND2_X1,A_f_ZN_r,trans,0,2,M3,P,u0,-8.261550e-11,6.085806e-02,-5.027819e-12,6.214205e-01,9.999970e-01,-2.478465e-12
NAND2_X1,A_f_ZN_r,trans,0,2,M4,P,vth,4.000000e-15,1.338877e-02,5.355508e-17,7.050626e-11,1.364675e-05,6.000000e-17
NAND2_X1,A_f_ZN_r,trans,0,2,M4,P,u0,-2.500000e-16,6.085806e-02,-1.521452e-17,5.690396e-12,3.026057e-06,-7.500000e-18
NAND2_X1,A_f_ZN_r,delay,1,0,M1,N,vth,8.855000e-13,1.490712e-02,1.320025e-14,8.262908e-05,7.258197e-01,1.328250e-14
NAND2_X1,A_f_ZN_r,delay,1,0,M1,N,u0,-2.092500e-13,7.453560e-02,-1.559657e-14,1.153524e-04,6.279070e-01,-6.277500e-15
NAND2_X1,A_f_ZN_r,delay,1,0,M2,N,vth,3.345000e-13,1.490712e-02,4.986432e-15,1.179093e-05,2.741803e-01,5.017500e-15
NAND2_X1,A_f_ZN_r,delay,1,0,M2,N,u0,-1.240000e-13,7.453560e-02,-9.242414e-15,4.050785e-05,3.720930e-01,-3.720000e-15
NAND2_X1,A_f_ZN_r,delay,1,0,M3,P,vth,8.043950e-11,1.338877e-02,1.076986e-12,5.500325e-01,9.999751e-01,1.206593e-12
NAND2_X1,A_f_ZN_r,delay,1,0,M3,P,u0,-1.600175e-11,6.085806e-02,-9.738355e-13,4.497172e-01,9.999844e-01,-4.800525e-13
NAND2_X1,A_f_ZN_r,delay,1,0,M4,P,vth,2.000000e-15,1.338877e-02,2.677754e-17,3.400241e-10,2.486279e-05,3.000000e-17
NAND2_X1,A_f_ZN_r,delay,1,0,M4,P,u0,-2.500000e-16,6.085806e-02,-1.521452e-17,1.097702e-10,1.562305e-05,-7.500000e-18
NAND2_X1,A_f_ZN_r,trans,1,0,M1,N,vth,-3.380000e-13,1.490712e-02,-5.038607e-15,1.545335e-05,7.284483e-01,-5.070000e-15
NAND2_X1,A_f_ZN_r,trans,1,0,M1,N,u0,7.875000e-14,7.453560e-02,5.869678e-15,2.097154e-05,6.274900e-01,2.362500e-15
NAND2_X1,A_f_ZN_r,trans,1,0,M2,N,vth,-1.260000e-13,1.490712e-02,-1.878297e-15,2.147486e-06,2.715517e-01,-1.890000e-15
NAND2_X1,A_f_ZN_r,trans,1,0,M2,N,u0,4.675000e-14,7.453560e-02,3.484539e-15,7.390816e-06,3.725100e-01,1.402500e-15
NAND2_X1,A_f_ZN_r,trans,1,0,M3,P,vth,5.438450e-11,1.338877e-02,7.281416e-13,3.227255e-01,9.999908e-01,8.157675e-13
NAND2_X1,A_f_ZN_r,trans,1,0,M3,P,u0,-1.733200e-11,6.085806e-02,-1.054792e-12,6.772285e-01,1.000000e+00,-5.199600e-13
NAND2_X1,A_f_ZN_r,trans,1,0,M4,P,vth,5.000000e-16,1.338877e-02,6.694385e-18,2.727866e-11,9.193712e-06,7.500000e-18
NAND2_X1,A_f_ZN_r,trans,1,0,M4,P,u0,0.000000e+00,6.085806e-02,0.0,0.000000e+00,-0.000000e+00,0.000000e+00
NAND2_X1,A_f_ZN_r,delay,1,1,M1,N,vth,1.267000e-12,1.490712e-02,1.888732e-14,5.986943e-05,7.150113e-01,1.900500e-14
NAND2_X1,A_f_ZN_r,delay,1,1,M1,N,u0,-2.707500e-13,7.453560e-02,-2.018051e-14,6.834848e-05,5.908347e-01,-8.122500e-15
NAND2_X1,A_f_ZN_r,delay,1,1,M2,N,vth,5.050000e-13,1.490712e-02,7.528096e-15,9.511186e-06,2.849887e-01,7.575000e-15
NAND2_X1,A_f_ZN_r,delay,1,1,M2,N,u0,-1.875000e-13,7.453560e-02,-1.397542e-14,3.277891e-05,4.091653e-01,-5.625000e-15
NAND2_X1,A_f_ZN_r,delay,1,1,M3,P,vth,1.296340e-10,1.338877e-02,1.73564e-12,5.055727e-01,9.999769e-01,1.944510e-12
NAND2_X1,A_f_ZN_r,delay,1,1,M3,P,u0,-2.819850e-11,6.085806e-02,-1.716106e-12,4.942568e-01,1.000000e+00,-8.459550e-13
NAND2_X1,A_f_ZN_r,delay,1,1,M4,P,vth,3.000000e-15,1.338877e-02,4.016631e-17,2.707624e-10,2.314154e-05,4.500000e-17
NAND2_X1,A_f_ZN_r,delay,1,1,M4,P,u0,0.000000e+00,6.085806e-02,0.0,0.000000e+00,-0.000000e+00,0.000000e+00
NAND2_X1,A_f_ZN_r,trans,1,1,M1,N,vth,-7.000000e-15,1.490712e-02,-1.043498e-16,1.341691e-09,8.750000e-01,-1.050000e-16
NAND2_X1,A_f_ZN_r,trans,1,1,M1,N,u0,7.500000e-16,7.453560e-02,5.59017e-17,3.850516e-10,6.000000e-01,2.250000e-17
NAND2_X1,A_f_ZN_r,trans,1,1,M2,N,vth,-1.000000e-15,1.490712e-02,-1.490712e-17,2.738145e-11,1.250000e-01,-1.500000e-17
NAND2_X1,A_f_ZN_r,trans,1,1,M2,N,u0,5.000000e-16,7.453560e-02,3.72678e-17,1.711341e-10,4.000000e-01,1.500000e-17
NAND2_X1,A_f_ZN_r,trans,1,1,M3,P,vth,1.307220e-10,1.338877e-02,1.750207e-12,3.774398e-01,9.999885e-01,1.960830e-12
NAND2_X1,A_f_ZN_r,trans,1,1,M3,P,u0,-3.693500e-11,6.085806e-02,-2.247792e-12,6.225602e-01,1.000000e+00,-1.108050e-12
NAND2_X1,A_f_ZN_r,trans,1,1,M4,P,vth,1.500000e-15,1.338877e-02,2.008315e-17,4.969730e-11,1.147460e-05,2.250000e-17
NAND2_X1,A_f_ZN_r,trans,1,1,M4,P,u0,0.000000e+00,6.085806e-02,0.0,0.000000e+00,-0.000000e+00,0.000000e+00
NAND2_X1,A_f_ZN_r,delay,1,2,M1,N,vth,3.010000e-13,1.490712e-02,4.487043e-15,7.995182e-07,3.351893e-01,4.515000e-15
NAND2_X1,A_f_ZN_r,delay,1,2,M1,N,u0,-1.847500e-13,7.453560e-02,-1.377045e-14,7.530161e-06,4.544895e-01,-5.542500e-15
NAND2_X1,A_f_ZN_r,delay,1,2,M2,N,vth,5.970000e-13,1.490712e-02,8.899551e-15,3.145169e-06,6.648107e-01,8.955000e-15
NAND2_X1,A_f_ZN_r,delay,1,2,M2,N,u0,-2.217500e-13,7.453560e-02,-1.652827e-14,1.084832e-05,5.455105e-01,-6.652500e-15
NAND2_X1,A_f_ZN_r,delay,1,2,M3,P,vth,2.568225e-10,1.338877e-02,3.438537e-12,4.695214e-01,9.999766e-01,3.852338e-12
NAND2_X1,A_f_ZN_r,delay,1,2,M3,P,u0,-6.005550e-11,6.085806e-02,-3.654861e-12,5.304563e-01,1.000000e+00,-1.801665e-12
NAND2_X1,A_f_ZN_r,delay,1,2,M4,P,vth,6.000000e-15,1.338877e-02,8.033262e-17,2.562664e-10,2.336189e-05,9.000000e-17
NAND2_X1,A_f_ZN_r,delay,1,2,M4,P,u0,0.000000e+00,6.085806e-02,0.0,0.000000e+00,-0.000000e+00,0.000000e+00
NAND2_X1,A_f_ZN_r,trans,1,2,M1,N,vth,-1.400000e-14,1.490712e-02,-2.086997e-16,1.070735e-09,9.655172e-01,-2.100000e-16
NAND2_X1,A_f_ZN_r,trans,1,2,M1,N,u0,5.000000e-16,7.453560e-02,3.72678e-17,3.414332e-11,6.666667e-01,1.500000e-17
NAND2_X1,A_f_ZN_r,trans,1,2,M2,N,vth,-5.000000e-16,1.490712e-02,-7.45356e-18,1.365733e-12,3.448276e-02,-7.500000e-18
NAND2_X1,A_f_ZN_r,trans,1,2,M2,N,u0,2.500000e-16,7.453560e-02,1.86339e-17,8.535831e-12,3.333333e-01,7.500000e-18
NAND2_X1,A_f_ZN_r,trans,1,2,M3,P,vth,2.931055e-10,1.338877e-02,3.924322e-12,3.785887e-01,9.999881e-01,4.396582e-12
NAND2_X1,A_f_ZN_r,trans,1,2,M3,P,u0,-8.261375e-11,6.085806e-02,-5.027713e-12,6.214113e-01,1.000000e+00,-2.478412e-12
NAND2_X1,A_f_ZN_r,trans,1,2,M4,P,vth,3.500000e-15,1.338877e-02,4.686069e-17,5.398284e-11,1.194095e-05,5.250000e-17
NAND2_X1,A_f_ZN_r,trans,1,2,M4,P,u0,0.000000e+00,6.085806e-02,0.0,0.000000e+00,-0.000000e+00,0.000000e+00
NAND2_X1,A_f_ZN_r,delay,2,0,M1,N,vth,-8.094000e-12,1.490712e-02,-1.206582e-13,2.372264e-03,1.016196e+00,-1.214100e-13
NAND2_X1,A_f_ZN_r,delay,2,0,M1,N,u0,2.922500e-13,7.453560e-02,2.178303e-14,7.731889e-05,1.195297e+00,8.767500e-15
NAND2_X1,A_f_ZN_r,delay,2,0,M2,N,vth,1.290000e-13,1.490712e-02,1.923018e-15,6.025818e-07,-1.619586e-02,1.935000e-15
NAND2_X1,A_f_ZN_r,delay,2,0,M2,N,u0,-4.775000e-14,7.453560e-02,-3.559075e-15,2.064065e-06,-1.952965e-01,-1.432500e-15
NAND2_X1,A_f_ZN_r,delay,2,0,M3,P,vth,1.525680e-10,1.338877e-02,2.042698e-12,6.799193e-01,9.999738e-01,2.288520e-12
NAND2_X1,A_f_ZN_r,delay,2,0,M3,P,u0,-2.294125e-11,6.085806e-02,-1.39616e-12,3.176285e-01,9.999891e-01,-6.882375e-13
NAND2_X1,A_f_ZN_r,delay,2,0,M4,P,vth,4.000000e-15,1.338877e-02,5.355508e-17,4.673588e-10,2.621713e-05,6.000000e-17
NAND2_X1,A_f_ZN_r,delay,2,0,M4,P,u0,-2.500000e-16,6.085806e-02,-1.521452e-17,3.771945e-11,1.089728e-05,-7.500000e-18
NAND2_X1,A_f_ZN_r,trans,2,0,M1,N,vth,8.159000e-12,1.490712e-02,1.216272e-13,2.821311e-02,1.017141e+00,1.223850e-13
NAND2_X1,A_f_ZN_r,trans,2,0,M1,N,u0,-2.935000e-13,7.453560e-02,-2.18762e-14,9.127110e-04,1.210309e+00,-8.805000e-15
NAND2_X1,A_f_ZN_r,trans,2,0,M2,N,vth,-1.375000e-13,1.490712e-02,-2.049729e-15,8.012766e-06,-1.714143e-02,-2.062500e-15
NAND2_X1,A_f_ZN_r,trans,2,0,M2,N,u0,5.100000e-14,7.453560e-02,3.801316e-15,2.755862e-05,-2.103093e-01,1.530000e-15
NAND2_X1,A_f_ZN_r,trans,2,0,M3,P,vth,1.300700e-11,1.338877e-02,1.741477e-13,5.783959e-02,1.000115e+00,1.951050e-13
NAND2_X1,A_f_ZN_r,trans,2,0,M3,P,u0,-1.136900e-11,6.085806e-02,-6.918953e-13,9.129990e-01,1.000022e+00,-3.410700e-13
NAND2_X1,A_f_ZN_r,trans,2,0,M4,P,vth,-1.500000e-15,1.338877e-02,-2.008315e-17,7.692251e-10,-1.153358e-04,-2.250000e-17
NAND2_X1,A_f_ZN_r,trans,2,0,M4,P,u0,2.500000e-16,6.085806e-02,1.521452e-17,4.414747e-10,-2.199010e-05,7.500000e-18
NAND2_X1,A_f_ZN_r,delay,2,1,M1,N,vth,-3.500000e-12,1.490712e-02,-5.217492e-14,3.604802e-04,1.068050e+00,-5.250000e-14
NAND2_X1,A_f_ZN_r,delay,2,1,M1,N,u0,4.875000e-14,7.453560e-02,3.63361e-15,1.748375e-06,-1.444444e+00,1.462500e-15
NAND2_X1,A_f_ZN_r,delay,2,1,M2,N,vth,2.230000e-13,1.490712e-02,3.324288e-15,1.463373e-06,-6.805005e-02,3.345000e-15
NAND2_X1,A_f_ZN_r,delay,2,1,M2,N,u0,-8.250000e-14,7.453560e-02,-6.149187e-15,5.007180e-06,2.444444e+00,-2.475000e-15
NAND2_X1,A_f_ZN_r,delay,2,1,M3,P,vth,1.598130e-10,1.338877e-02,2.1397e-12,6.062662e-01,9.999750e-01,2.397195e-12
NAND2_X1,A_f_ZN_r,delay,2,1,M3,P,u0,-2.832050e-11,6.085806e-02,-1.723531e-12,3.933651e-01,9.999912e-01,-8.496150e-13
NAND2_X1,A_f_ZN_r,delay,2,1,M4,P,vth,4.000000e-15,1.338877e-02,5.355508e-17,3.798036e-10,2.502863e-05,6.000000e-17
NAND2_X1,A_f_ZN_r,delay,2,1,M4,P,u0,-2.500000e-16,6.085806e-02,-1.521452e-17,3.065307e-11,8.827450e-06,-7.500000e-18
NAND2_X1,A_f_ZN_r,trans,2,1,M1,N,vth,2.639000e-12,1.490712e-02,3.933989e-14,3.743559e-04,1.069504e+00,3.958500e-14
NAND2_X1,A_f_ZN_r,trans,2,1,M1,N,u0,-3.550000e-14,7.453560e-02,-2.646014e-15,1.693568e-06,-1.256637e+00,-1.065000e-15
NAND2_X1,A_f_ZN_r,trans,2,1,M2,N,vth,-1.715000e-13,1.490712e-02,-2.556571e-15,1.581008e-06,-6.950355e-02,-2.572500e-15
NAND2_X1,A_f_ZN_r,trans,2,1,M2,N,u0,6.375000e-14,7.453560e-02,4.751645e-15,5.461428e-06,2.256637e+00,1.912500e-15
NAND2_X1,A_f_ZN_r,trans,2,1,M3,P,vth,7.664700e-11,1.338877e-02,1.026209e-12,2.547358e-01,1.000007e+00,1.149705e-12
NAND2_X1,A_f_ZN_r,trans,2,1,M3,P,u0,-2.883475e-11,6.085806e-02,-1.754827e-12,7.448811e-01,1.000000e+00,-8.650425e-13
NAND2_X1,A_f_ZN_r,trans,2,1,M4,P,vth,-5.000000e-16,1.338877e-02,-6.694385e-18,1.084026e-11,-6.523455e-06,-7.500000e-18
NAND2_X1,A_f_ZN_r,trans,2,1,M4,P,u0,0.000000e+00,6.085806e-02,0.0,0.000000e+00,-0.000000e+00,0.000000e+00
NAND2_X1,A_f_ZN_r,delay,2,2,M1,N,vth,-1.255000e-12,1.490712e-02,-1.870844e-14,1.240883e-05,1.608974e+00,-1.882500e-14
NAND2_X1,A_f_ZN_r,delay,2,2,M1,N,u0,-1.325000e-13,7.453560e-02,-9.875967e-15,3.457921e-06,4.308943e-01,-3.975000e-15
NAND2_X1,A_f_ZN_r,delay,2,2,M2,N,vth,4.750000e-13,1.490712e-02,7.080882e-15,1.777586e-06,-6.089744e-01,7.125000e-15
NAND2_X1,A_f_ZN_r,delay,2,2,M2,N,u0,-1.750000e-13,7.453560e-02,-1.304373e-14,6.031974e-06,5.691057e-01,-5.250000e-15
NAND2_X1,A_f_ZN_r,delay,2,2,M3,P,vth,2.877450e-10,1.338877e-02,3.852552e-12,5.262024e-01,9.999826e-01,4.316175e-12
NAND2_X1,A_f_ZN_r,delay,2,2,M3,P,u0,-6.006750e-11,6.085806e-02,-3.655592e-12,4.737740e-01,1.000000e+00,-1.802025e-12
NAND2_X1,A_f_ZN_r,delay,2,2,M4,P,vth,5.000000e-15,1.338877e-02,6.694385e-17,1.588829e-10,1.737619e-05,7.500000e-17
NAND2_X1,A_f_ZN_r,delay,2,2,M4,P,u0,0.000000e+00,6.085806e-02,0.0,0.000000e+00,-0.000000e+00,0.000000e+00
NAND2_X1,A_f_ZN_r,trans,2,2,M1,N,vth,1.080000e-13,1.490712e-02,1.609969e-15,6.852255e-08,1.741935e+00,1.620000e-15
NAND2_X1,A_f_ZN_r,trans,2,2,M1,N,u0,1.375000e-14,7.453560e-02,1.024864e-15,2.776716e-08,4.435484e-01,4.125000e-16
NAND2_X1,A_f_ZN_r,trans,2,2,M2,N,vth,-4.600000e-14,1.490712e-02,-6.857275e-16,1.243087e-08,-7.419355e-01,-6.900000e-16
NAND2_X1,A_f_ZN_r,trans,2,2,M2,N,u0,1.725000e-14,7.453560e-02,1.285739e-15,4.370229e-08,5.564516e-01,5.175000e-16
NAND2_X1,A_f_ZN_r,trans,2,2,M3,P,vth,2.791135e-10,1.338877e-02,3.736986e-12,3.691829e-01,9.999875e-01,4.186703e-12
NAND2_X1,A_f_ZN_r,trans,2,2,M3,P,u0,-8.026650e-11,6.085806e-02,-4.884863e-12,6.308170e-01,1.000000e+00,-2.407995e-12
NAND2_X1,A_f_ZN_r,trans,2,2,M4,P,vth,3.500000e-15,1.338877e-02,4.686069e-17,5.805184e-11,1.253954e-05,5.250000e-17
NAND2_X1,A_f_ZN_r,trans,2,2,M4,P,u0,0.000000e+00,6.085806e-02,0.0,0.000000e+00,-0.000000e+00,0.000000e+00
NAND2_X1,B_r_ZN_f,delay,0,0,M1,N,vth,2.491950e-11,1.490712e-02,3.71478e-13,2.730995e-01,4.454564e-01,3.737925e-13
NAND2_X1,B_r_ZN_f,delay,0,0,M1,N,u0,-2.878000e-12,7.453560e-02,-2.145135e-13,9.106760e-02,3.958462e-01,-8.634000e-14
NAND2_X1,B_r_ZN_f,delay,0,0,M2,N,vth,3.102200e-11,1.490712e-02,4.624487e-13,4.232353e-01,5.545436e-01,4.653300e-13
NAND2_X1,B_r_ZN_f,delay,0,0,M2,N,u0,-4.392500e-12,7.453560e-02,-3.273976e-13,2.121318e-01,6.041538e-01,-1.317750e-13
NAND2_X1,B_r_ZN_f,delay,0,0,M3,P,vth,1.000000e-15,1.338877e-02,1.338877e-17,3.547613e-10,1.724138e-02,1.500000e-17
NAND2_X1,B_r_ZN_f,delay,0,0,M3,P,u0,-2.500000e-16,6.085806e-02,-1.521452e-17,4.581113e-10,9.920635e-04,-7.500000e-18
NAND2_X1,B_r_ZN_f,delay,0,0,M4,P,vth,5.700000e-14,1.338877e-02,7.631599e-16,1.152619e-06,9.827586e-01,8.550000e-16
NAND2_X1,B_r_ZN_f,delay,0,0,M4,P,u0,-2.517500e-13,6.085806e-02,-1.532102e-14,4.645473e-04,9.990079e-01,-7.552500e-15
NAND2_X1,B_r_ZN_f,trans,0,0,M1,N,vth,2.178000e-11,1.490712e-02,3.246771e-13,4.316792e-01,6.484362e-01,3.267000e-13
NAND2_X1,B_r_ZN_f,trans,0,0,M1,N,u0,-2.981250e-12,7.453560e-02,-2.222093e-13,2.022005e-01,4.789926e-01,-8.943750e-14
NAND2_X1,B_r_ZN_f,trans,0,0,M2,N,vth,1.180850e-11,1.490712e-02,1.760307e-13,1.268922e-01,3.515638e-01,1.771275e-13
NAND2_X1,B_r_ZN_f,trans,0,0,M2,N,u0,-3.242750e-12,7.453560e-02,-2.417003e-13,2.392282e-01,5.210074e-01,-9.728250e-14
NAND2_X1,B_r_ZN_f,trans,0,0,M3,P,vth,-5.000000e-16,1.338877e-02,-6.694385e-18,1.835182e-10,-1.000000e+00,-7.500000e-18
NAND2_X1,B_r_ZN_f,trans,0,0,M3,P,u0,0.000000e+00,6.085806e-02,0.0,0.000000e+00,-0.000000e+00,0.000000e+00
NAND2_X1,B_r_ZN_f,trans,0,0,M4,P,vth,1.000000e-15,1.338877e-02,1.338877e-17,7.340730e-10,2.000000e+00,1.500000e-17
NAND2_X1,B_r_ZN_f,trans,0,0,M4,P,u0,-1.000000e-15,6.085806e-02,-6.085806e-17,1.516680e-08,1.000000e+00,-3.000000e-17
NAND2_X1,B_r_ZN_f,delay,0,1,M1,N,vth,4.326500e-11,1.490712e-02,6.449565e-13,3.787197e-01,5.297377e-01,6.489750e-13
NAND2_X1,B_r_ZN_f,delay,0,1,M1,N,u0,-4.826750e-12,7.453560e-02,-3.597647e-13,1.178404e-01,4.313257e-01,-1.448025e-13
NAND2_X1,B_r_ZN_f,delay,0,1,M2,N,vth,3.840750e-11,1.490712e-02,5.725452e-13,2.984534e-01,4.702623e-01,5.761125e-13
NAND2_X1,B_r_ZN_f,delay,0,1,M2,N,u0,-6.363750e-12,7.453560e-02,-4.743259e-13,2.048381e-01,5.686743e-01,-1.909125e-13
NAND2_X1,B_r_ZN_f,delay,0,1,M3,P,vth,0.000000e+00,1.338877e-02,0.0,0.000000e+00,-0.000000e+00,0.000000e+00
NAND2_X1,B_r_ZN_f,delay,0,1,M3,P,u0,0.000000e+00,6.085806e-02,0.0,0.000000e+00,-0.000000e+00,0.000000e+00
NAND2_X1,B_r_ZN_f,delay,0,1,M4,P,vth,-6.305000e-13,1.338877e-02,-8.441619e-15,6.487965e-05,1.000000e+00,-9.457500e-15
NAND2_X1,B_r_ZN_f,delay,0,1,M4,P,u0,-1.575000e-13,6.085806e-02,-9.585144e-15,8.364775e-05,1.000000e+00,-4.725000e-15
NAND2_X1,B_r_ZN_f,trans,0,1,M1,N,vth,4.284350e-11,1.490712e-02,6.386732e-13,4.665621e-01,6.708500e-01,6.426525e-13
NAND2_X1,B_r_ZN_f,trans,0,1,M1,N,u0,-5.691000e-12,7.453560e-02,-4.241821e-13,2.058054e-01,4.943537e-01,-1.707300e-13
NAND2_X1,B_r_ZN_f,trans,0,1,M2,N,vth,2.102100e-11,1.490712e-02,3.133626e-13,1.123172e-01,3.291500e-01,3.153150e-13
NAND2_X1,B_r_ZN_f,trans,0,1,M2,N,u0,-5.821000e-12,7.453560e-02,-4.338717e-13,2.153153e-01,5.056463e-01,-1.746300e-13
NAND2_X1,B_r_ZN_f,trans,0,1,M3,P,vth,-5.000000e-16,1.338877e-02,-6.694385e-18,5.125939e-11,1.666667e-01,-7.500000e-18
NAND2_X1,B_r_ZN_f,trans,0,1,M3,P,u0,0.000000e+00,6.085806e-02,0.0,0.000000e+00,-0.000000e+00,0.000000e+00
NAND2_X1,B_r_ZN_f,trans,0,1,M4,P,vth,-2.500000e-15,1.338877e-02,-3.347192e-17,1.281485e-09,8.333333e-01,-3.750000e-17
NAND2_X1,B_r_ZN_f,trans,0,1,M4,P,u0,-2.500000e-16,6.085806e-02,-1.521452e-17,2.647697e-10,1.000000e+00,-7.500000e-18
NAND2_X1,B_r_ZN_f,delay,0,2,M1,N,vth,9.161800e-11,1.490712e-02,1.365761e-12,4.781934e-01,6.131104e-01,1.374270e-12
NAND2_X1,B_r_ZN_f,delay,0,2,M1,N,u0,-9.962250e-12,7.453560e-02,-7.425423e-13,1.413503e-01,4.631128e-01,-2.988675e-13
NAND2_X1,B_r_ZN_f,delay,0,2,M2,N,vth,5.781350e-11,1.490712e-02,8.618328e-13,1.904147e-01,3.868896e-01,8.672025e-13
NAND2_X1,B_r_ZN_f,delay,0,2,M2,N,u0,-1.154925e-11,7.453560e-02,-8.608303e-13,1.899720e-01,5.368872e-01,-3.464775e-13
NAND2_X1,B_r_ZN_f,delay,0,2,M3,P,vth,-5.000000e-16,1.338877e-02,-6.694385e-18,1.148883e-11,4.235493e-04,-7.500000e-18
NAND2_X1,B_r_ZN_f,delay,0,2,M3,P,u0,0.000000e+00,6.085806e-02,0.0,0.000000e+00,-0.000000e+00,0.000000e+00
NAND2_X1,B_r_ZN_f,delay,0,2,M4,P,vth,-1.180000e-12,1.338877e-02,-1.579875e-14,6.398819e-05,9.995765e-01,-1.770000e-14
NAND2_X1,B_r_ZN_f,delay,0,2,M4,P,u0,-7.675000e-14,6.085806e-02,-4.670856e-15,5.593034e-06,1.000000e+00,-2.302500e-15
NAND2_X1,B_r_ZN_f,trans,0,2,M1,N,vth,9.896700e-11,1.490712e-02,1.475313e-12,4.890043e-01,6.848690e-01,1.484505e-12
NAND2_X1,B_r_ZN_f,trans,0,2,M1,N,u0,-1.291950e-11,7.453560e-02,-9.629627e-13,2.083355e-01,5.056506e-01,-3.875850e-13
NAND2_X1,B_r_ZN_f,trans,0,2,M2,N,vth,4.553800e-11,1.490712e-02,6.788404e-13,1.035332e-01,3.151310e-01,6.830700e-13
NAND2_X1,B_r_ZN_f,trans,0,2,M2,N,u0,-1.263075e-11,7.453560e-02,-9.414405e-13,1.991270e-01,4.943494e-01,-3.789225e-13
NAND2_X1,B_r_ZN_f,trans,0,2,M3,P,vth,-1.000000e-15,1.338877e-02,-1.338877e-17,4.027409e-11,2.000000e+00,-1.500000e-17
NAND2_X1,B_r_ZN_f,trans,0,2,M3,P,u0,0.000000e+00,6.085806e-02,0.0,0.000000e+00,0.000000e+00,0.000000e+00
NAND2_X1,B_r_ZN_f,trans,0,2,M4,P,vth,5.000000e-16,1.338877e-02,6.694385e-18,1.006852e-11,-1.000000e+00,7.500000e-18
NAND2_X1,B_r_ZN_f,trans,0,2,M4,P,u0,2.500000e-16,6.085806e-02,1.521452e-17,5.200685e-11,1.000000e+00,7.500000e-18
NAND2_X1,B_r_ZN_f,delay,1,0,M1,N,vth,1.972550e-11,1.490712e-02,2.940504e-13,7.485640e-02,2.430177e-01,2.958825e-13
NAND2_X1,B_r_ZN_f,delay,1,0,M1,N,u0,-2.324750e-12,7.453560e-02,-1.732766e-13,2.599354e-02,2.799470e-01,-6.974250e-14
NAND2_X1,B_r_ZN_f,delay,1,0,M2,N,vth,6.144350e-11,1.490712e-02,9.159456e-13,7.263146e-01,7.569823e-01,9.216525e-13
NAND2_X1,B_r_ZN_f,delay,1,0,M2,N,u0,-5.979500e-12,7.453560e-02,-4.456856e-13,1.719660e-01,7.200530e-01,-1.793850e-13
NAND2_X1,B_r_ZN_f,delay,1,0,M3,P,vth,5.000000e-16,1.338877e-02,6.694385e-18,3.879777e-11,3.541076e-04,7.500000e-18
NAND2_X1,B_r_ZN_f,delay,1,0,M3,P,u0,0.000000e+00,6.085806e-02,0.0,0.000000e+00,-0.000000e+00,0.000000e+00
NAND2_X1,B_r_ZN_f,delay,1,0,M4,P,vth,1.411500e-12,1.338877e-02,1.889825e-14,3.091922e-04,9.996459e-01,2.117250e-14
NAND2_X1,B_r_ZN_f,delay,1,0,M4,P,u0,-4.180000e-13,6.085806e-02,-2.543867e-14,5.602401e-04,1.000000e+00,-1.254000e-14
NAND2_X1,B_r_ZN_f,trans,1,0,M1,N,vth,1.964000e-11,1.490712e-02,2.927758e-13,4.930556e-01,8.109670e-01,2.946000e-13
NAND2_X1,B_r_ZN_f,trans,1,0,M1,N,u0,-2.708000e-12,7.453560e-02,-2.018424e-13,2.343421e-01,4.941380e-01,-8.124000e-14
NAND2_X1,B_r_ZN_f,trans,1,0,M2,N,vth,4.578000e-12,1.490712e-02,6.82448e-14,2.678949e-02,1.890330e-01,6.867000e-14
NAND2_X1,B_r_ZN_f,trans,1,0,M2,N,u0,-2.772250e-12,7.453560e-02,-2.066313e-13,2.455940e-01,5.058620e-01,-8.316750e-14
NAND2_X1,B_r_ZN_f,trans,1,0,M3,P,vth,-5.000000e-16,1.338877e-02,-6.694385e-18,2.577786e-10,1.811594e-03,-7.500000e-18
NAND2_X1,B_r_ZN_f,trans,1,0,M3,P,u0,0.000000e+00,6.085806e-02,0.0,0.000000e+00,0.000000e+00,0.000000e+00
NAND2_X1,B_r_ZN_f,trans,1,0,M4,P,vth,-2.755000e-13,1.338877e-02,-3.688606e-15,7.826183e-05,9.981884e-01,-4.132500e-15
NAND2_X1,B_r_ZN_f,trans,1,0,M4,P,u0,8.125000e-14,6.085806e-02,4.944717e-15,1.406398e-04,1.000000e+00,2.437500e-15
NAND2_X1,B_r_ZN_f,delay,1,1,M1,N,vth,3.801400e-11,1.490712e-02,5.666793e-13,1.773746e-01,3.573298e-01,5.702100e-13
NAND2_X1,B_r_ZN_f,delay,1,1,M1,N,u0,-4.267500e-12,7.453560e-02,-3.180807e-13,5.588449e-02,3.500174e-01,-1.280250e-13
NAND2_X1,B_r_ZN_f,delay,1,1,M2,N,vth,6.836950e-11,1.490712e-02,1.019192e-12,5.737584e-01,6.426702e-01,1.025542e-12
NAND2_X1,B_r_ZN_f,delay,1,1,M2,N,u0,-7.924750e-12,7.453560e-02,-5.90676e-13,1.927149e-01,6.499826e-01,-2.377425e-13
NAND2_X1,B_r_ZN_f,delay,1,1,M3,P,vth,0.000000e+00,1.338877e-02,0.0,0.000000e+00,0.000000e+00,0.000000e+00
NAND2_X1,B_r_ZN_f,delay,1,1,M3,P,u0,0.000000e+00,6.085806e-02,0.0,0.000000e+00,-0.000000e+00,0.000000e+00
NAND2_X1,B_r_ZN_f,delay,1,1,M4,P,vth,6.225000e-13,1.338877e-02,8.334509e-15,3.836868e-05,1.000000e+00,9.337500e-15
NAND2_X1,B_r_ZN_f,delay,1,1,M4,P,u0,-3.347500e-13,6.085806e-02,-2.037224e-14,2.292420e-04,1.000000e+00,-1.004250e-14
NAND2_X1,B_r_ZN_f,trans,1,1,M1,N,vth,4.164750e-11,1.490712e-02,6.208443e-13,4.910792e-01,7.125382e-01,6.247125e-13
NAND2_X1,B_r_ZN_f,trans,1,1,M1,N,u0,-5.548500e-12,7.453560e-02,-4.135608e-13,2.179038e-01,5.039738e-01,-1.664550e-13
NAND2_X1,B_r_ZN_f,trans,1,1,M2,N,vth,1.680200e-11,1.490712e-02,2.504694e-13,7.992739e-02,2.874618e-01,2.520300e-13
NAND2_X1,B_r_ZN_f,trans,1,1,M2,N,u0,-5.461000e-12,7.453560e-02,-4.070389e-13,2.110853e-01,4.960262e-01,-1.638300e-13
NAND2_X1,B_r_ZN_f,trans,1,1,M3,P,vth,-5.000000e-16,1.338877e-02,-6.694385e-18,5.709624e-11,9.523810e-03,-7.500000e-18
NAND2_X1,B_r_ZN_f,trans,1,1,M3,P,u0,0.000000e+00,6.085806e-02,0.0,0.000000e+00,0.000000e+00,0.000000e+00
NAND2_X1,B_r_ZN_f,trans,1,1,M4,P,vth,-5.200000e-14,1.338877e-02,-6.96216e-16,6.175529e-07,9.904762e-01,-7.800000e-16
NAND2_X1,B_r_ZN_f,trans,1,1,M4,P,u0,2.800000e-14,6.085806e-02,1.704026e-15,3.699461e-06,1.000000e+00,8.400000e-16
NAND2_X1,B_r_ZN_f,delay,1,2,M1,N,vth,8.657750e-11,1.490712e-02,1.290621e-12,3.445067e-01,4.962130e-01,1.298663e-12
NAND2_X1,B_r_ZN_f,delay,1,2,M1,N,u0,-9.424750e-12,7.453560e-02,-7.024794e-13,1.020628e-01,4.177360e-01,-2.827425e-13
NAND2_X1,B_r_ZN_f,delay,1,2,M2,N,vth,8.789900e-11,1.490712e-02,1.310321e-12,3.551039e-01,5.037870e-01,1.318485e-12
NAND2_X1,B_r_ZN_f,delay,1,2,M2,N,u0,-1.313675e-11,7.453560e-02,-9.791555e-13,1.982912e-01,5.822640e-01,-3.941025e-13
NAND2_X1,B_r_ZN_f,delay,1,2,M3,P,vth,-5.000000e-16,1.338877e-02,-6.694385e-18,9.268756e-12,1.282051e-03,-7.500000e-18
NAND2_X1,B_r_ZN_f,delay,1,2,M3,P,u0,0.000000e+00,6.085806e-02,0.0,0.000000e+00,-0.000000e+00,0.000000e+00
NAND2_X1,B_r_ZN_f,delay,1,2,M4,P,vth,-3.895000e-13,1.338877e-02,-5.214926e-15,5.624661e-06,9.987179e-01,-5.842500e-15
NAND2_X1,B_r_ZN_f,delay,1,2,M4,P,u0,-1.972500e-13,6.085806e-02,-1.200425e-14,2.980371e-05,1.000000e+00,-5.917500e-15
NAND2_X1,B_r_ZN_f,trans,1,2,M1,N,vth,9.896400e-11,1.490712e-02,1.475268e-12,4.889603e-01,6.848672e-01,1.484460e-12
NAND2_X1,B_r_ZN_f,trans,1,2,M1,N,u0,-1.292025e-11,7.453560e-02,-9.630186e-13,2.083536e-01,5.056404e-01,-3.876075e-13
NAND2_X1,B_r_ZN_f,trans,1,2,M2,N,vth,4.553700e-11,1.490712e-02,6.788255e-13,1.035256e-01,3.151328e-01,6.830550e-13
NAND2_X1,B_r_ZN_f,trans,1,2,M2,N,u0,-1.263200e-11,7.453560e-02,-9.415337e-13,1.991606e-01,4.943596e-01,-3.789600e-13
NAND2_X1,B_r_ZN_f,trans,1,2,M3,P,vth,-1.500000e-15,1.338877e-02,-2.008315e-17,9.061403e-11,1.000000e+00,-2.250000e-17
NAND2_X1,B_r_ZN_f,trans,1,2,M3,P,u0,0.000000e+00,6.085806e-02,0.0,0.000000e+00,0.000000e+00,0.000000e+00
NAND2_X1,B_r_ZN_f,trans,1,2,M4,P,vth,0.000000e+00,1.338877e-02,0.0,0.000000e+00,-0.000000e+00,0.000000e+00
NAND2_X1,B_r_ZN_f,trans,1,2,M4,P,u0,5.000000e-16,6.085806e-02,3.042903e-17,2.080213e-10,1.000000e+00,1.500000e-17
NAND2_X1,B_r_ZN_f,delay,2,0,M1,N,vth,1.283700e-11,1.490712e-02,1.913627e-13,6.205523e-03,7.739147e-02,1.925550e-13
NAND2_X1,B_r_ZN_f,delay,2,0,M1,N,u0,-1.561000e-12,7.453560e-02,-1.163501e-13,2.294020e-03,1.265043e-01,-4.683000e-14
NAND2_X1,B_r_ZN_f,delay,2,0,M2,N,vth,1.530340e-10,1.490712e-02,2.281296e-12,8.819160e-01,9.226085e-01,2.295510e-12
NAND2_X1,B_r_ZN_f,delay,2,0,M2,N,u0,-1.077850e-11,7.453560e-02,-8.03382e-13,1.093725e-01,8.734957e-01,-3.233550e-13
NAND2_X1,B_r_ZN_f,delay,2,0,M3,P,vth,0.000000e+00,1.338877e-02,0.0,0.000000e+00,0.000000e+00,0.000000e+00
NAND2_X1,B_r_ZN_f,delay,2,0,M3,P,u0,0.000000e+00,6.085806e-02,0.0,0.000000e+00,-0.000000e+00,0.000000e+00
NAND2_X1,B_r_ZN_f,delay,2,0,M4,P,vth,1.433500e-12,1.338877e-02,1.91928e-14,6.242242e-05,1.000000e+00,2.150250e-14
NAND2_X1,B_r_ZN_f,delay,2,0,M4,P,u0,-4.882500e-13,6.085806e-02,-2.971395e-14,1.496182e-04,1.000000e+00,-1.464750e-14
NAND2_X1,B_r_ZN_f,trans,2,0,M1,N,vth,5.478500e-12,1.490712e-02,8.166866e-14,9.539732e-02,1.141830e+00,8.217750e-14
NAND2_X1,B_r_ZN_f,trans,2,0,M1,N,u0,-1.237000e-12,7.453560e-02,-9.220054e-14,1.215884e-01,2.837644e-01,-3.711000e-14
NAND2_X1,B_r_ZN_f,trans,2,0,M2,N,vth,-6.805000e-13,1.490712e-02,-1.01443e-14,1.471869e-03,-1.418299e-01,-1.020750e-14
NAND2_X1,B_r_ZN_f,trans,2,0,M2,N,u0,-3.122250e-12,7.453560e-02,-2.327188e-13,7.746191e-01,7.162356e-01,-9.366750e-14
NAND2_X1,B_r_ZN_f,trans,2,0,M3,P,vth,-5.000000e-16,1.338877e-02,-6.694385e-18,6.409833e-10,4.887586e-04,-7.500000e-18
NAND2_X1,B_r_ZN_f,trans,2,0,M3,P,u0,2.500000e-16,6.085806e-02,1.521452e-17,3.310866e-09,8.826125e-04,7.500000e-18
NAND2_X1,B_r_ZN_f,trans,2,0,M4,P,vth,-1.022500e-12,1.338877e-02,-1.369002e-14,2.680608e-03,9.995112e-01,-1.533750e-14
NAND2_X1,B_r_ZN_f,trans,2,0,M4,P,u0,2.830000e-13,6.085806e-02,1.722283e-14,4.242623e-03,9.991174e-01,8.490000e-15
NAND2_X1,B_r_ZN_f,delay,2,1,M1,N,vth,2.528550e-11,1.490712e-02,3.76934e-13,2.222030e-02,1.404652e-01,3.792825e-13
NAND2_X1,B_r_ZN_f,delay,2,1,M1,N,u0,-2.775500e-12,7.453560e-02,-2.068736e-13,6.693130e-03,1.800139e-01,-8.326500e-14
NAND2_X1,B_r_ZN_f,delay,2,1,M2,N,vth,1.547270e-10,1.490712e-02,2.306534e-12,8.320300e-01,8.595348e-01,2.320905e-12
NAND2_X1,B_r_ZN_f,delay,2,1,M2,N,u0,-1.264275e-11,7.453560e-02,-9.42335e-13,1.388769e-01,8.199861e-01,-3.792825e-13
NAND2_X1,B_r_ZN_f,delay,2,1,M3,P,vth,0.000000e+00,1.338877e-02,0.0,0.000000e+00,0.000000e+00,0.000000e+00
NAND2_X1,B_r_ZN_f,delay,2,1,M3,P,u0,0.000000e+00,6.085806e-02,0.0,0.000000e+00,-0.000000e+00,0.000000e+00
NAND2_X1,B_r_ZN_f,delay,2,1,M4,P,vth,1.296000e-12,1.338877e-02,1.735185e-14,4.708804e-05,1.000000e+00,1.944000e-14
NAND2_X1,B_r_ZN_f,delay,2,1,M4,P,u0,-4.785000e-13,6.085806e-02,-2.912058e-14,1.326232e-04,1.000000e+00,-1.435500e-14
NAND2_X1,B_r_ZN_f,trans,2,1,M1,N,vth,2.937000e-11,1.490712e-02,4.378221e-13,4.416856e-01,9.001747e-01,4.405500e-13
NAND2_X1,B_r_ZN_f,trans,2,1,M1,N,u0,-4.114750e-12,7.453560e-02,-3.066954e-13,2.167366e-01,4.455604e-01,-1.234425e-13
NAND2_X1,B_r_ZN_f,trans,2,1,M2,N,vth,3.257000e-12,1.490712e-02,4.855249e-14,5.431763e-03,9.982530e-02,4.885500e-14
NAND2_X1,B_r_ZN_f,trans,2,1,M2,N,u0,-5.120250e-12,7.453560e-02,-3.816409e-13,3.356044e-01,5.544396e-01,-1.536075e-13
NAND2_X1,B_r_ZN_f,trans,2,1,M3,P,vth,-5.000000e-16,1.338877e-02,-6.694385e-18,1.032617e-10,8.006405e-04,-7.500000e-18
NAND2_X1,B_r_ZN_f,trans,2,1,M3,P,u0,2.500000e-16,6.085806e-02,1.521452e-17,5.333767e-10,1.182033e-03,7.500000e-18
NAND2_X1,B_r_ZN_f,trans,2,1,M4,P,vth,-6.240000e-13,1.338877e-02,-8.354592e-15,1.608305e-04,9.991994e-01,-9.360000e-15
NAND2_X1,B_r_ZN_f,trans,2,1,M4,P,u0,2.112500e-13,6.085806e-02,1.285627e-14,3.808443e-04,9.988180e-01,6.337500e-15
NAND2_X1,B_r_ZN_f,delay,2,2,M1,N,vth,6.846300e-11,1.490712e-02,1.020586e-12,1.198621e-01,2.982708e-01,1.026945e-12
NAND2_X1,B_r_ZN_f,delay,2,2,M1,N,u0,-7.288250e-12,7.453560e-02,-5.432341e-13,3.395912e-02,3.012607e-01,-2.186475e-13
NAND2_X1,B_r_ZN_f,delay,2,2,M2,N,vth,1.610700e-10,1.490712e-02,2.40109e-12,6.634362e-01,7.017292e-01,2.416050e-12
NAND2_X1,B_r_ZN_f,delay,2,2,M2,N,u0,-1.690425e-11,7.453560e-02,-1.259968e-12,1.826845e-01,6.987393e-01,-5.071275e-13
NAND2_X1,B_r_ZN_f,delay,2,2,M3,P,vth,-5.000000e-16,1.338877e-02,-6.694385e-18,5.157079e-12,-1.003009e-03,-7.500000e-18
NAND2_X1,B_r_ZN_f,delay,2,2,M3,P,u0,2.500000e-16,6.085806e-02,1.521452e-17,2.663782e-11,-7.097232e-04,7.500000e-18
NAND2_X1,B_r_ZN_f,delay,2,2,M4,P,vth,4.990000e-13,1.338877e-02,6.680996e-15,5.136471e-06,1.001003e+00,7.485000e-15
NAND2_X1,B_r_ZN_f,delay,2,2,M4,P,u0,-3.525000e-13,6.085806e-02,-2.145247e-14,5.295864e-05,1.000710e+00,-1.057500e-14
NAND2_X1,B_r_ZN_f,trans,2,2,M1,N,vth,9.272800e-11,1.490712e-02,1.382307e-12,5.182869e-01,7.532707e-01,1.390920e-12
NAND2_X1,B_r_ZN_f,trans,2,2,M1,N,u0,-1.216850e-11,7.453560e-02,-9.069864e-13,2.231324e-01,5.118353e-01,-3.650550e-13
NAND2_X1,B_r_ZN_f,trans,2,2,M2,N,vth,3.037250e-11,1.490712e-02,4.527665e-13,5.560445e-02,2.467293e-01,4.555875e-13
NAND2_X1,B_r_ZN_f,trans,2,2,M2,N,u0,-1.160575e-11,7.453560e-02,-8.650415e-13,2.029714e-01,4.881647e-01,-3.481725e-13
NAND2_X1,B_r_ZN_f,trans,2,2,M3,P,vth,-1.500000e-15,1.338877e-02,-2.008315e-17,1.094019e-10,1.492537e-02,-2.250000e-17
NAND2_X1,B_r_ZN_f,trans,2,2,M3,P,u0,0.000000e+00,6.085806e-02,0.0,0.000000e+00,0.000000e+00,0.000000e+00
NAND2_X1,B_r_ZN_f,trans,2,2,M4,P,vth,-9.900000e-14,1.338877e-02,-1.325488e-15,4.765547e-07,9.850746e-01,-1.485000e-15
NAND2_X1,B_r_ZN_f,trans,2,2,M4,P,u0,6.575000e-14,6.085806e-02,4.001417e-15,4.342989e-06,1.000000e+00,1.972500e-15
NAND2_X1,B_f_ZN_r,delay,0,0,M1,N,vth,-9.507500e-12,1.490712e-02,-1.417294e-13,5.705278e-03,1.319112e+00,-1.426125e-13
NAND2_X1,B_f_ZN_r,delay,0,0,M1,N,u0,5.217500e-13,7.453560e-02,3.888895e-14,4.295454e-04,3.623264e+00,1.565250e-14
NAND2_X1,B_f_ZN_r,delay,0,0,M2,N,vth,2.300000e-12,1.490712e-02,3.428638e-14,3.338872e-04,-3.191120e-01,3.450000e-14
NAND2_X1,B_f_ZN_r,delay,0,0,M2,N,u0,-3.777500e-13,7.453560e-02,-2.815582e-14,2.251610e-04,-2.623264e+00,-1.133250e-14
NAND2_X1,B_f_ZN_r,delay,0,0,M3,P,vth,2.000000e-15,1.338877e-02,2.677754e-17,2.036564e-10,2.107848e-05,3.000000e-17
NAND2_X1,B_f_ZN_r,delay,0,0,M3,P,u0,-2.500000e-16,6.085806e-02,-1.521452e-17,6.574654e-11,1.108598e-05,-7.500000e-18
NAND2_X1,B_f_ZN_r,delay,0,0,M4,P,vth,9.488150e-11,1.338877e-02,1.270347e-12,4.583541e-01,9.999789e-01,1.423222e-12
NAND2_X1,B_f_ZN_r,delay,0,0,M4,P,u0,-2.255075e-11,6.085806e-02,-1.372395e-12,5.349520e-01,9.999889e-01,-6.765225e-13
NAND2_X1,B_f_ZN_r,trans,0,0,M1,N,vth,-1.285200e-11,1.490712e-02,-1.915863e-13,1.003063e-02,1.000350e+00,-1.927800e-13
NAND2_X1,B_f_ZN_r,trans,0,0,M1,N,u0,2.395000e-13,7.453560e-02,1.785128e-14,8.708388e-05,1.004193e+00,7.185000e-15
NAND2_X1,B_f_ZN_r,trans,0,0,M2,N,vth,4.500000e-15,1.490712e-02,6.708204e-17,1.229736e-09,-3.502627e-04,6.750000e-17
NAND2_X1,B_f_ZN_r,trans,0,0,M2,N,u0,-1.000000e-15,7.453560e-02,-7.45356e-17,1.518192e-09,-4.192872e-03,-3.000000e-17
NAND2_X1,B_f_ZN_r,trans,0,0,M3,P,vth,1.000000e-15,1.338877e-02,1.338877e-17,4.898697e-11,1.141598e-05,1.500000e-17
NAND2_X1,B_f_ZN_r,trans,0,0,M3,P,u0,0.000000e+00,6.085806e-02,0.0,0.000000e+00,-0.000000e+00,0.000000e+00
NAND2_X1,B_f_ZN_r,trans,0,0,M4,P,vth,8.759550e-11,1.338877e-02,1.172796e-12,3.758756e-01,9.999886e-01,1.313932e-12
NAND2_X1,B_f_ZN_r,trans,0,0,M4,P,u0,-2.463025e-11,6.085806e-02,-1.498949e-12,6.140066e-01,1.000000e+00,-7.389075e-13
NAND2_X1,B_f_ZN_r,delay,0,1,M1,N,vth,-9.091500e-12,1.490712e-02,-1.355281e-13,2.273724e-03,1.233498e+00,-1.363725e-13
NAND2_X1,B_f_ZN_r,delay,0,1,M1,N,u0,4.645000e-13,7.453560e-02,3.462179e-14,1.483810e-04,3.799591e+00,1.393500e-14
NAND2_X1,B_f_ZN_r,delay,0,1,M2,N,vth,1.721000e-12,1.490712e-02,2.565515e-14,8.147577e-05,-2.334984e-01,2.581500e-14
NAND2_X1,B_f_ZN_r,delay,0,1,M2,N,u0,-3.422500e-13,7.453560e-02,-2.550981e-14,8.055521e-05,-2.799591e+00,-1.026750e-14
NAND2_X1,B_f_ZN_r,delay,0,1,M3,P,vth,3.000000e-15,1.338877e-02,4.016631e-17,1.997115e-10,2.105049e-05,4.500000e-17
NAND2_X1,B_f_ZN_r,delay,0,1,M3,P,u0,-2.500000e-16,6.085806e-02,-1.521452e-17,2.865467e-11,7.239400e-06,-7.500000e-18
NAND2_X1,B_f_ZN_r,delay,0,1,M4,P,vth,1.425115e-10,1.338877e-02,1.908054e-12,4.506718e-01,9.999789e-01,2.137672e-12
NAND2_X1,B_f_ZN_r,delay,0,1,M4,P,u0,-3.453300e-11,6.085806e-02,-2.101611e-12,5.467440e-01,9.999928e-01,-1.035990e-12
NAND2_X1,B_f_ZN_r,trans,0,1,M1,N,vth,-1.324600e-11,1.490712e-02,-1.974597e-13,3.691157e-03,9.998490e-01,-1.986900e-13
NAND2_X1,B_f_ZN_r,trans,0,1,M1,N,u0,2.972500e-13,7.453560e-02,2.215571e-14,4.647044e-05,1.002530e+00,8.917500e-15
NAND2_X1,B_f_ZN_r,trans,0,1,M2,N,vth,-2.000000e-15,1.490712e-02,-2.981424e-17,8.414979e-11,1.509662e-04,-3.000000e-17
NAND2_X1,B_f_ZN_r,trans,0,1,M2,N,u0,-7.500000e-16,7.453560e-02,-5.59017e-17,2.958391e-10,-2.529511e-03,-2.250000e-17
NAND2_X1,B_f_ZN_r,trans,0,1,M3,P,vth,1.500000e-15,1.338877e-02,2.008315e-17,3.818295e-11,1.004060e-05,2.250000e-17
NAND2_X1,B_f_ZN_r,trans,0,1,M3,P,u0,0.000000e+00,6.085806e-02,0.0,0.000000e+00,-0.000000e+00,0.000000e+00
NAND2_X1,B_f_ZN_r,trans,0,1,M4,P,vth,1.493920e-10,1.338877e-02,2.000175e-12,3.787404e-01,9.999900e-01,2.240880e-12
NAND2_X1,B_f_ZN_r,trans,0,1,M4,P,u0,-4.196675e-11,6.085806e-02,-2.554015e-12,6.175220e-01,1.000000e+00,-1.259003e-12
NAND2_X1,B_f_ZN_r,delay,0,2,M1,N,vth,-8.355000e-12,1.490712e-02,-1.24549e-13,5.349357e-04,1.149481e+00,-1.253250e-13
NAND2_X1,B_f_ZN_r,delay,0,2,M1,N,u0,4.025000e-13,7.453560e-02,3.000058e-14,3.103705e-05,3.842482e+00,1.207500e-14
NAND2_X1,B_f_ZN_r,delay,0,2,M2,N,vth,1.086500e-12,1.490712e-02,1.619659e-14,9.046240e-06,-1.494806e-01,1.629750e-14
NAND2_X1,B_f_ZN_r,delay,0,2,M2,N,u0,-2.977500e-13,7.453560e-02,-2.219297e-14,1.698448e-05,-2.842482e+00,-8.932500e-15
NAND2_X1,B_f_ZN_r,delay,0,2,M3,P,vth,5.500000e-15,1.338877e-02,7.363823e-17,1.869941e-10,2.055164e-05,8.250000e-17
NAND2_X1,B_f_ZN_r,delay,0,2,M3,P,u0,-2.500000e-16,6.085806e-02,-1.521452e-17,7.982472e-12,3.786660e-06,-7.500000e-18
NAND2_X1,B_f_ZN_r,delay,0,2,M4,P,vth,2.676130e-10,1.338877e-02,3.583009e-12,4.427076e-01,9.999794e-01,4.014195e-12
NAND2_X1,B_f_ZN_r,delay,0,2,M4,P,u0,-6.602100e-11,6.085806e-02,-4.01791e-12,5.567004e-01,9.999962e-01,-1.980630e-12
NAND2_X1,B_f_ZN_r,trans,0,2,M1,N,vth,-1.361500e-11,1.490712e-02,-2.029604e-13,8.910742e-04,9.992661e-01,-2.042250e-13
NAND2_X1,B_f_ZN_r,trans,0,2,M1,N,u0,3.475000e-13,7.453560e-02,2.590112e-14,1.451203e-05,1.000000e+00,1.042500e-14
NAND2_X1,B_f_ZN_r,trans,0,2,M2,N,vth,-1.000000e-14,1.490712e-02,-1.490712e-16,4.807049e-10,7.339450e-04,-1.500000e-16
NAND2_X1,B_f_ZN_r,trans,0,2,M2,N,u0,0.000000e+00,7.453560e-02,0.0,0.000000e+00,0.000000e+00,0.000000e+00
NAND2_X1,B_f_ZN_r,trans,0,2,M3,P,vth,5.000000e-15,1.338877e-02,6.694385e-17,9.694210e-11,1.597852e-05,7.500000e-17
NAND2_X1,B_f_ZN_r,trans,0,2,M3,P,u0,0.000000e+00,6.085806e-02,0.0,0.000000e+00,-0.000000e+00,0.000000e+00
NAND2_X1,B_f_ZN_r,trans,0,2,M4,P,vth,3.129150e-10,1.338877e-02,4.189547e-12,3.796865e-01,9.999840e-01,4.693725e-12
NAND2_X1,B_f_ZN_r,trans,0,2,M4,P,u0,-8.792750e-11,6.085806e-02,-5.351097e-12,6.194079e-01,1.000000e+00,-2.637825e-12
NAND2_X1,B_f_ZN_r,delay,1,0,M1,N,vth,-9.469500e-12,1.490712e-02,-1.41163e-13,5.122650e-03,1.265976e+00,-1.420425e-13
NAND2_X1,B_f_ZN_r,delay,1,0,M1,N,u0,5.080000e-13,7.453560e-02,3.786408e-14,3.685598e-04,2.618557e+00,1.524000e-14
NAND2_X1,B_f_ZN_r,delay,1,0,M2,N,vth,1.989500e-12,1.490712e-02,2.965772e-14,2.261145e-04,-2.659759e-01,2.984250e-14
NAND2_X1,B_f_ZN_r,delay,1,0,M2,N,u0,-3.140000e-13,7.453560e-02,-2.340418e-14,1.408121e-04,-1.618557e+00,-9.420000e-15
NAND2_X1,B_f_ZN_r,delay,1,0,M3,P,vth,2.500000e-15,1.338877e-02,3.347192e-17,2.880146e-10,2.352255e-05,3.750000e-17
NAND2_X1,B_f_ZN_r,delay,1,0,M3,P,u0,-2.500000e-16,6.085806e-02,-1.521452e-17,5.950717e-11,1.120875e-05,-7.500000e-18
NAND2_X1,B_f_ZN_r,delay,1,0,M4,P,vth,1.062785e-10,1.338877e-02,1.422938e-12,5.205055e-01,9.999765e-01,1.594177e-12
NAND2_X1,B_f_ZN_r,delay,1,0,M4,P,u0,-2.230375e-11,6.085806e-02,-1.357363e-12,4.736364e-01,9.999888e-01,-6.691125e-13
NAND2_X1,B_f_ZN_r,trans,1,0,M1,N,vth,-1.296700e-11,1.490712e-02,-1.933006e-13,1.052039e-02,1.003910e+00,-1.945050e-13
NAND2_X1,B_f_ZN_r,trans,1,0,M1,N,u0,2.655000e-13,7.453560e-02,1.97892e-14,1.102610e-04,1.032070e+00,7.965000e-15
NAND2_X1,B_f_ZN_r,trans,1,0,M2,N,vth,5.050000e-14,1.490712e-02,7.528096e-16,1.595642e-07,-3.909728e-03,7.575000e-16
NAND2_X1,B_f_ZN_r,trans,1,0,M2,N,u0,-8.250000e-15,7.453560e-02,-6.149187e-16,1.064635e-07,-3.206997e-02,-2.475000e-16
NAND2_X1,B_f_ZN_r,trans,1,0,M3,P,vth,1.500000e-15,1.338877e-02,2.008315e-17,1.135610e-10,1.758180e-05,2.250000e-17
NAND2_X1,B_f_ZN_r,trans,1,0,M3,P,u0,0.000000e+00,6.085806e-02,0.0,0.000000e+00,-0.000000e+00,0.000000e+00
NAND2_X1,B_f_ZN_r,trans,1,0,M4,P,vth,8.531400e-11,1.338877e-02,1.14225e-12,3.673561e-01,9.999824e-01,1.279710e-12
NAND2_X1,B_f_ZN_r,trans,1,0,M4,P,u0,-2.442300e-11,6.085806e-02,-1.486336e-12,6.220130e-01,1.000000e+00,-7.326900e-13
NAND2_X1,B_f_ZN_r,delay,1,1,M1,N,vth,-8.986000e-12,1.490712e-02,-1.339554e-13,2.067549e-03,1.317209e+00,-1.347900e-13
NAND2_X1,B_f_ZN_r,delay,1,1,M1,N,u0,4.237500e-13,7.453560e-02,3.158446e-14,1.149430e-04,6.469466e+00,1.271250e-14
NAND2_X1,B_f_ZN_r,delay,1,1,M2,N,vth,2.164000e-12,1.490712e-02,3.225901e-14,1.199050e-04,-3.172090e-01,3.246000e-14
NAND2_X1,B_f_ZN_r,delay,1,1,M2,N,u0,-3.582500e-13,7.453560e-02,-2.670238e-14,8.215525e-05,-5.469466e+00,-1.074750e-14
NAND2_X1,B_f_ZN_r,delay,1,1,M3,P,vth,4.000000e-15,1.338877e-02,5.355508e-17,3.304736e-10,2.587431e-05,6.000000e-17
NAND2_X1,B_f_ZN_r,delay,1,1,M3,P,u0,-2.500000e-16,6.085806e-02,-1.521452e-17,2.667176e-11,7.274473e-06,-7.500000e-18
NAND2_X1,B_f_ZN_r,delay,1,1,M4,P,vth,1.545895e-10,1.338877e-02,2.069763e-12,4.936019e-01,9.999741e-01,2.318843e-12
NAND2_X1,B_f_ZN_r,delay,1,1,M4,P,u0,-3.436650e-11,6.085806e-02,-2.091479e-12,5.040136e-01,9.999927e-01,-1.030995e-12
NAND2_X1,B_f_ZN_r,trans,1,1,M1,N,vth,-1.324300e-11,1.490712e-02,-1.97415e-13,3.689419e-03,1.000000e+00,-1.986450e-13
NAND2_X1,B_f_ZN_r,trans,1,1,M1,N,u0,2.970000e-13,7.453560e-02,2.213707e-14,4.639147e-05,1.001686e+00,8.910000e-15
NAND2_X1,B_f_ZN_r,trans,1,1,M2,N,vth,0.000000e+00,1.490712e-02,0.0,0.000000e+00,-0.000000e+00,0.000000e+00
NAND2_X1,B_f_ZN_r,trans,1,1,M2,N,u0,-5.000000e-16,7.453560e-02,-3.72678e-17,1.314817e-10,-1.686341e-03,-1.500000e-17
NAND2_X1,B_f_ZN_r,trans,1,1,M3,P,vth,2.000000e-15,1.338877e-02,2.677754e-17,6.787957e-11,1.338733e-05,3.000000e-17
NAND2_X1,B_f_ZN_r,trans,1,1,M3,P,u0,0.000000e+00,6.085806e-02,0.0,0.000000e+00,-0.000000e+00,0.000000e+00
NAND2_X1,B_f_ZN_r,trans,1,1,M4,P,vth,1.493930e-10,1.338877e-02,2.000189e-12,3.787386e-01,9.999866e-01,2.240895e-12
NAND2_X1,B_f_ZN_r,trans,1,1,M4,P,u0,-4.196725e-11,6.085806e-02,-2.554045e-12,6.175256e-01,1.000000e+00,-1.259017e-12
NAND2_X1,B_f_ZN_r,delay,1,2,M1,N,vth,-8.246500e-12,1.490712e-02,-1.229316e-13,4.991138e-04,1.279916e+00,-1.236975e-13
NAND2_X1,B_f_ZN_r,delay,1,2,M1,N,u0,3.615000e-13,7.453560e-02,2.694462e-14,2.397822e-05,4.131429e+01,1.084500e-14
NAND2_X1,B_f_ZN_r,delay,1,2,M2,N,vth,1.803500e-12,1.490712e-02,2.688499e-14,2.387221e-05,-2.799162e-01,2.705250e-14
NAND2_X1,B_f_ZN_r,delay,1,2,M2,N,u0,-3.527500e-13,7.453560e-02,-2.629243e-14,2.283149e-05,-4.031429e+01,-1.058250e-14
NAND2_X1,B_f_ZN_r,delay,1,2,M3,P,vth,6.000000e-15,1.338877e-02,8.033262e-17,2.131359e-10,2.137692e-05,9.000000e-17
NAND2_X1,B_f_ZN_r,delay,1,2,M3,P,u0,-2.500000e-16,6.085806e-02,-1.521452e-17,7.645202e-12,3.787147e-06,-7.500000e-18
NAND2_X1,B_f_ZN_r,delay,1,2,M4,P,vth,2.806705e-10,1.338877e-02,3.757833e-12,4.663883e-01,9.999786e-01,4.210057e-12
NAND2_X1,B_f_ZN_r,delay,1,2,M4,P,u0,-6.601250e-11,6.085806e-02,-4.017393e-12,5.330419e-01,9.999962e-01,-1.980375e-12
NAND2_X1,B_f_ZN_r,trans,1,2,M1,N,vth,-1.361500e-11,1.490712e-02,-2.029604e-13,8.910428e-04,9.996329e-01,-2.042250e-13
NAND2_X1,B_f_ZN_r,trans,1,2,M1,N,u0,3.475000e-13,7.453560e-02,2.590112e-14,1.451152e-05,9.928571e-01,1.042500e-14
NAND2_X1,B_f_ZN_r,trans,1,2,M2,N,vth,-5.000000e-15,1.490712e-02,-7.45356e-17,1.201720e-10,3.671072e-04,-7.500000e-17
NAND2_X1,B_f_ZN_r,trans,1,2,M2,N,u0,2.500000e-15,7.453560e-02,1.86339e-16,7.510750e-10,7.142857e-03,7.500000e-17
NAND2_X1,B_f_ZN_r,trans,1,2,M3,P,vth,5.000000e-15,1.338877e-02,6.694385e-17,9.693869e-11,1.597852e-05,7.500000e-17
NAND2_X1,B_f_ZN_r,trans,1,2,M3,P,u0,0.000000e+00,6.085806e-02,0.0,0.000000e+00,-0.000000e+00,0.000000e+00
NAND2_X1,B_f_ZN_r,trans,1,2,M4,P,vth,3.129150e-10,1.338877e-02,4.189547e-12,3.796732e-01,9.999840e-01,4.693725e-12
NAND2_X1,B_f_ZN_r,trans,1,2,M4,P,u0,-8.793000e-11,6.085806e-02,-5.351249e-12,6.194213e-01,1.000000e+00,-2.637900e-12
NAND2_X1,B_f_ZN_r,delay,2,0,M1,N,vth,-1.093050e-11,1.490712e-02,-1.629423e-13,3.719136e-03,7.048979e-01,-1.639575e-13
NAND2_X1,B_f_ZN_r,delay,2,0,M1,N,u0,5.727500e-13,7.453560e-02,4.269026e-14,2.552891e-04,8.267773e-01,1.718250e-14
NAND2_X1,B_f_ZN_r,delay,2,0,M2,N,vth,-4.576000e-12,1.490712e-02,-6.821498e-14,6.518296e-04,2.951021e-01,-6.864000e-14
NAND2_X1,B_f_ZN_r,delay,2,0,M2,N,u0,1.200000e-13,7.453560e-02,8.944272e-15,1.120636e-05,1.732227e-01,3.600000e-15
NAND2_X1,B_f_ZN_r,delay,2,0,M3,P,vth,4.000000e-15,1.338877e-02,5.355508e-17,4.017685e-10,2.512515e-05,6.000000e-17
NAND2_X1,B_f_ZN_r,delay,2,0,M3,P,u0,-2.500000e-16,6.085806e-02,-1.521452e-17,3.242580e-11,9.504348e-06,-7.500000e-18
NAND2_X1,B_f_ZN_r,delay,2,0,M4,P,vth,1.591990e-10,1.338877e-02,2.131479e-12,6.364094e-01,9.999749e-01,2.387985e-12
NAND2_X1,B_f_ZN_r,delay,2,0,M4,P,u0,-2.630350e-11,6.085806e-02,-1.60078e-12,3.589532e-01,9.999905e-01,-7.891050e-13
NAND2_X1,B_f_ZN_r,trans,2,0,M1,N,vth,-1.255000e-11,1.490712e-02,-1.870844e-13,3.012405e-02,1.431995e+00,-1.882500e-13
NAND2_X1,B_f_ZN_r,trans,2,0,M1,N,u0,2.060000e-13,7.453560e-02,1.535433e-14,2.029086e-04,1.898618e+00,6.180000e-15
NAND2_X1,B_f_ZN_r,trans,2,0,M2,N,vth,3.786000e-12,1.490712e-02,5.643836e-14,2.741493e-03,-4.319945e-01,5.679000e-14
NAND2_X1,B_f_ZN_r,trans,2,0,M2,N,u0,-9.750000e-14,7.453560e-02,-7.267221e-15,4.545432e-05,-8.986175e-01,-2.925000e-15
NAND2_X1,B_f_ZN_r,trans,2,0,M3,P,vth,-1.000000e-15,1.338877e-02,-1.338877e-17,1.542836e-10,-3.384209e-05,-1.500000e-17
NAND2_X1,B_f_ZN_r,trans,2,0,M3,P,u0,0.000000e+00,6.085806e-02,0.0,0.000000e+00,-0.000000e+00,0.000000e+00
NAND2_X1,B_f_ZN_r,trans,2,0,M4,P,vth,2.955000e-11,1.338877e-02,3.956382e-13,1.347208e-01,1.000034e+00,4.432500e-13
NAND2_X1,B_f_ZN_r,trans,2,0,M4,P,u0,-1.615725e-11,6.085806e-02,-9.832989e-13,8.321652e-01,1.000000e+00,-4.847175e-13
NAND2_X1,B_f_ZN_r,delay,2,1,M1,N,vth,-8.996500e-12,1.490712e-02,-1.341119e-13,1.691833e-03,7.995112e-01,-1.349475e-13
NAND2_X1,B_f_ZN_r,delay,2,1,M1,N,u0,4.337500e-13,7.453560e-02,3.232982e-14,9.831714e-05,1.065071e+00,1.301250e-14
NAND2_X1,B_f_ZN_r,delay,2,1,M2,N,vth,-2.256000e-12,1.490712e-02,-3.363046e-14,1.063870e-04,2.004888e-01,-3.384000e-14
NAND2_X1,B_f_ZN_r,delay,2,1,M2,N,u0,-2.650000e-14,7.453560e-02,-1.975193e-15,3.669797e-07,-6.507060e-02,-7.950000e-16
NAND2_X1,B_f_ZN_r,delay,2,1,M3,P,vth,4.500000e-15,1.338877e-02,6.024946e-17,3.414516e-10,2.424889e-05,6.750000e-17
NAND2_X1,B_f_ZN_r,delay,2,1,M3,P,u0,0.000000e+00,6.085806e-02,0.0,0.000000e+00,-0.000000e+00,0.000000e+00
NAND2_X1,B_f_ZN_r,delay,2,1,M4,P,vth,1.855710e-10,1.338877e-02,2.484567e-12,5.806632e-01,9.999758e-01,2.783565e-12
NAND2_X1,B_f_ZN_r,delay,2,1,M4,P,u0,-3.461525e-11,6.085806e-02,-2.106617e-12,4.174399e-01,1.000000e+00,-1.038457e-12
NAND2_X1,B_f_ZN_r,trans,2,1,M1,N,vth,-1.309250e-11,1.490712e-02,-1.951715e-13,5.955123e-03,1.100349e+00,-1.963875e-13
NAND2_X1,B_f_ZN_r,trans,2,1,M1,N,u0,2.780000e-13,7.453560e-02,2.07209e-14,6.712358e-05,9.488055e-01,8.340000e-15
NAND2_X1,B_f_ZN_r,trans,2,1,M2,N,vth,1.194000e-12,1.490712e-02,1.77991e-14,4.952839e-05,-1.003488e-01,1.791000e-14
NAND2_X1,B_f_ZN_r,trans,2,1,M2,N,u0,1.500000e-14,7.453560e-02,1.118034e-15,1.954196e-07,5.119454e-02,4.500000e-16
NAND2_X1,B_f_ZN_r,trans,2,1,M3,P,vth,0.000000e+00,1.338877e-02,0.0,0.000000e+00,0.000000e+00,0.000000e+00
NAND2_X1,B_f_ZN_r,trans,2,1,M3,P,u0,0.000000e+00,6.085806e-02,0.0,0.000000e+00,-0.000000e+00,0.000000e+00
NAND2_X1,B_f_ZN_r,trans,2,1,M4,P,vth,1.024560e-10,1.338877e-02,1.37176e-12,2.941807e-01,1.000000e+00,1.536840e-12
NAND2_X1,B_f_ZN_r,trans,2,1,M4,P,u0,-3.476350e-11,6.085806e-02,-2.115639e-12,6.997473e-01,1.000000e+00,-1.042905e-12
NAND2_X1,B_f_ZN_r,delay,2,2,M1,N,vth,-8.160000e-12,1.490712e-02,-1.216421e-13,4.369177e-04,9.628319e-01,-1.224000e-13
NAND2_X1,B_f_ZN_r,delay,2,2,M1,N,u0,3.300000e-13,7.453560e-02,2.459675e-14,1.786435e-05,2.490566e+00,9.900000e-15
NAND2_X1,B_f_ZN_r,delay,2,2,M2,N,vth,-3.150000e-13,1.490712e-02,-4.695743e-15,6.510890e-07,3.716814e-02,-4.725000e-15
NAND2_X1,B_f_ZN_r,delay,2,2,M2,N,u0,-1.975000e-13,7.453560e-02,-1.472078e-14,6.398726e-06,-1.490566e+00,-5.925000e-15
NAND2_X1,B_f_ZN_r,delay,2,2,M3,P,vth,5.000000e-15,1.338877e-02,6.694385e-17,1.323284e-10,1.597087e-05,7.500000e-17
NAND2_X1,B_f_ZN_r,delay,2,2,M3,P,u0,0.000000e+00,6.085806e-02,0.0,0.000000e+00,-0.000000e+00,0.000000e+00
NAND2_X1,B_f_ZN_r,delay,2,2,M4,P,vth,3.130650e-10,1.338877e-02,4.191555e-12,5.187788e-01,9.999840e-01,4.695975e-12
NAND2_X1,B_f_ZN_r,delay,2,2,M4,P,u0,-6.630250e-11,6.085806e-02,-4.035042e-12,4.807594e-01,1.000000e+00,-1.989075e-12
NAND2_X1,B_f_ZN_r,trans,2,2,M1,N,vth,-1.361000e-11,1.490712e-02,-2.028859e-13,9.020980e-04,9.996328e-01,-2.041500e-13
NAND2_X1,B_f_ZN_r,trans,2,2,M1,N,u0,3.450000e-13,7.453560e-02,2.571478e-14,1.449158e-05,9.928058e-01,1.035000e-14
NAND2_X1,B_f_ZN_r,trans,2,2,M2,N,vth,-5.000000e-15,1.490712e-02,-7.45356e-17,1.217524e-10,3.672420e-04,-7.500000e-17
NAND2_X1,B_f_ZN_r,trans,2,2,M2,N,u0,2.500000e-15,7.453560e-02,1.86339e-16,7.609524e-10,7.194245e-03,7.500000e-17
NAND2_X1,B_f_ZN_r,trans,2,2,M3,P,vth,5.000000e-15,1.338877e-02,6.694385e-17,9.821353e-11,1.615770e-05,7.500000e-17
NAND2_X1,B_f_ZN_r,trans,2,2,M3,P,u0,0.000000e+00,6.085806e-02,0.0,0.000000e+00,-0.000000e+00,0.000000e+00
NAND2_X1,B_f_ZN_r,trans,2,2,M4,P,vth,3.094450e-10,1.338877e-02,4.143088e-12,3.761822e-01,9.999838e-01,4.641675e-12
NAND2_X1,B_f_ZN_r,trans,2,2,M4,P,u0,-8.760250e-11,6.085806e-02,-5.331318e-12,6.229012e-01,1.000000e+00,-2.628075e-12
NOR2_X1,A_r_ZN_f,delay,0,0,M1,N,vth,8.371500e-11,2.108185e-02,1.764867e-12,7.050030e-01,9.999582e-01,1.255725e-12
NOR2_X1,A_r_ZN_f,delay,0,0,M1,N,u0,-1.058250e-11,1.054093e-01,-1.115494e-12,2.816446e-01,1.000000e+00,-3.174750e-13
NOR2_X1,A_r_ZN_f,delay,0,0,M2,N,vth,3.500000e-15,2.108185e-02,7.378647e-17,1.232312e-09,4.180677e-05,5.250000e-17
NOR2_X1,A_r_ZN_f,delay,0,0,M2,N,u0,0.000000e+00,1.054093e-01,0.0,0.000000e+00,-0.000000e+00,0.000000e+00
NOR2_X1,A_r_ZN_f,delay,0,0,M3,P,vth,6.075000e-13,9.467293e-03,5.75138e-15,7.487058e-06,-3.060530e-02,9.112500e-15
NOR2_X1,A_r_ZN_f,delay,0,0,M3,P,u0,-6.860000e-13,4.303315e-02,-2.952074e-14,1.972520e-04,-2.591124e-01,-2.058000e-14
NOR2_X1,A_r_ZN_f,delay,0,0,M4,P,vth,-2.045700e-11,9.467293e-03,-1.936724e-13,8.489899e-03,1.030605e+00,-3.068550e-13
NOR2_X1,A_r_ZN_f,delay,0,0,M4,P,u0,3.333500e-12,4.303315e-02,1.43451e-13,4.657729e-03,1.259112e+00,1.000050e-13
NOR2_X1,A_r_ZN_f,trans,0,0,M1,N,vth,5.968450e-11,2.108185e-02,1.25826e-12,6.190587e-01,9.999832e-01,8.952675e-13
NOR2_X1,A_r_ZN_f,trans,0,0,M1,N,u0,-9.219750e-12,1.054093e-01,-9.718474e-13,3.693069e-01,1.000000e+00,-2.765925e-13
NOR2_X1,A_r_ZN_f,trans,0,0,M2,N,vth,1.000000e-15,2.108185e-02,2.108185e-17,1.737836e-10,1.675449e-05,1.500000e-17
NOR2_X1,A_r_ZN_f,trans,0,0,M2,N,u0,0.000000e+00,1.054093e-01,0.0,0.000000e+00,-0.000000e+00,0.000000e+00
NOR2_X1,A_r_ZN_f,trans,0,0,M3,P,vth,-6.000000e-15,9.467293e-03,-5.680376e-17,1.261669e-09,3.294350e-04,-9.000000e-17
NOR2_X1,A_r_ZN_f,trans,0,0,M3,P,u0,-3.750000e-15,4.303315e-02,-1.613743e-16,1.018263e-08,2.411576e-02,-1.125000e-16
NOR2_X1,A_r_ZN_f,trans,0,0,M4,P,vth,-1.820700e-11,9.467293e-03,-1.72371e-13,1.161769e-02,9.996706e-01,-2.731050e-13
NOR2_X1,A_r_ZN_f,trans,0,0,M4,P,u0,-1.517500e-13,4.303315e-02,-6.530281e-15,1.667458e-05,9.758842e-01,-4.552500e-15
NOR2_X1,A_r_ZN_f,delay,0,1,M1,N,vth,1.102740e-10,2.108185e-02,2.32478e-12,7.036070e-01,9.999592e-01,1.654110e-12
NOR2_X1,A_r_ZN_f,delay,0,1,M1,N,u0,-1.416300e-11,1.054093e-01,-1.492912e-12,2.901582e-01,9.999823e-01,-4.248900e-13
NOR2_X1,A_r_ZN_f,delay,0,1,M2,N,vth,4.500000e-15,2.108185e-02,9.486832e-17,1.171680e-09,4.080578e-05,6.750000e-17
NOR2_X1,A_r_ZN_f,delay,0,1,M2,N,u0,-2.500000e-16,1.054093e-01,-2.635233e-17,9.040747e-11,1.765132e-05,-7.500000e-18
NOR2_X1,A_r_ZN_f,delay,0,1,M3,P,vth,3.935000e-13,9.467293e-03,3.72538e-15,1.806790e-06,-2.085763e-02,5.902500e-15
NOR2_X1,A_r_ZN_f,delay,0,1,M3,P,u0,-6.672500e-13,4.303315e-02,-2.871387e-14,1.073371e-04,-3.233976e-01,-2.001750e-14
NOR2_X1,A_r_ZN_f,delay,0,1,M4,P,vth,-1.925950e-11,9.467293e-03,-1.823353e-13,4.328208e-03,1.020858e+00,-2.888925e-13
NOR2_X1,A_r_ZN_f,delay,0,1,M4,P,u0,2.730500e-12,4.303315e-02,1.17502e-13,1.797451e-03,1.323398e+00,8.191500e-14
NOR2_X1,A_r_ZN_f,trans,0,1,M1,N,vth,9.228250e-11,2.108185e-02,1.945486e-12,6.263875e-01,9.999783e-01,1.384237e-12
NOR2_X1,A_r_ZN_f,trans,0,1,M1,N,u0,-1.414375e-11,1.054093e-01,-1.490883e-12,3.678527e-01,1.000000e+00,-4.243125e-13
NOR2_X1,A_r_ZN_f,trans,0,1,M2,N,vth,2.000000e-15,2.108185e-02,4.21637e-17,2.942147e-10,2.167211e-05,3.000000e-17
NOR2_X1,A_r_ZN_f,trans,0,1,M2,N,u0,0.000000e+00,1.054093e-01,0.0,0.000000e+00,-0.000000e+00,0.000000e+00
NOR2_X1,A_r_ZN_f,trans,0,1,M3,P,vth,-7.000000e-15,9.467293e-03,-6.627105e-17,7.268331e-10,3.552127e-04,-1.050000e-16
NOR2_X1,A_r_ZN_f,trans,0,1,M3,P,u0,-5.000000e-16,4.303315e-02,-2.151657e-17,7.661843e-11,4.728132e-03,-1.500000e-17
NOR2_X1,A_r_ZN_f,trans,0,1,M4,P,vth,-1.969950e-11,9.467293e-03,-1.865009e-13,5.756374e-03,9.996448e-01,-2.954925e-13
NOR2_X1,A_r_ZN_f,trans,0,1,M4,P,u0,-1.052500e-13,4.303315e-02,-4.529239e-15,3.394982e-06,9.952719e-01,-3.157500e-15
NOR2_X1,A_r_ZN_f,delay,0,2,M1,N,vth,1.793580e-10,2.108185e-02,3.781198e-12,6.987359e-01,9.999610e-01,2.690370e-12
NOR2_X1,A_r_ZN_f,delay,0,2,M1,N,u0,-2.348300e-11,1.054093e-01,-2.475327e-12,2.994464e-01,9.999894e-01,-7.044900e-13
NOR2_X1,A_r_ZN_f,delay,0,2,M2,N,vth,7.000000e-15,2.108185e-02,1.475729e-16,1.064309e-09,3.902657e-05,1.050000e-16
NOR2_X1,A_r_ZN_f,delay,0,2,M2,N,u0,-2.500000e-16,1.054093e-01,-2.635233e-17,3.393845e-11,1.064589e-05,-7.500000e-18
NOR2_X1,A_r_ZN_f,delay,0,2,M3,P,vth,1.865000e-13,9.467293e-03,1.76565e-15,1.523574e-07,-1.051800e-02,2.797500e-15
NOR2_X1,A_r_ZN_f,delay,0,2,M3,P,u0,-6.492500e-13,4.303315e-02,-2.793927e-14,3.814910e-05,-4.701303e-01,-1.947750e-14
NOR2_X1,A_r_ZN_f,delay,0,2,M4,P,vth,-1.791800e-11,9.467293e-03,-1.69635e-13,1.406322e-03,1.010518e+00,-2.687700e-13
NOR2_X1,A_r_ZN_f,delay,0,2,M4,P,u0,2.030250e-12,4.303315e-02,8.736805e-14,3.730435e-04,1.470130e+00,6.090750e-14
NOR2_X1,A_r_ZN_f,trans,0,2,M1,N,vth,1.781170e-10,2.108185e-02,3.755036e-12,6.300728e-01,9.999832e-01,2.671755e-12
NOR2_X1,A_r_ZN_f,trans,0,2,M1,N,u0,-2.722450e-11,1.054093e-01,-2.869715e-12,3.679936e-01,1.000000e+00,-8.167350e-13
NOR2_X1,A_r_ZN_f,trans,0,2,M2,N,vth,3.000000e-15,2.108185e-02,6.324555e-17,1.787403e-10,1.684258e-05,4.500000e-17
NOR2_X1,A_r_ZN_f,trans,0,2,M2,N,u0,0.000000e+00,1.054093e-01,0.0,0.000000e+00,-0.000000e+00,0.000000e+00
NOR2_X1,A_r_ZN_f,trans,0,2,M3,P,vth,-3.500000e-15,9.467293e-03,-3.313553e-17,4.906257e-11,1.593118e-04,-5.250000e-17
NOR2_X1,A_r_ZN_f,trans,0,2,M3,P,u0,5.000000e-16,4.303315e-02,2.151657e-17,2.068754e-11,4.210526e-03,1.500000e-17
NOR2_X1,A_r_ZN_f,trans,0,2,M4,P,vth,-2.196600e-11,9.467293e-03,-2.079586e-13,1.932485e-03,9.998407e-01,-3.294900e-13
NOR2_X1,A_r_ZN_f,trans,0,2,M4,P,u0,1.182500e-13,4.303315e-02,5.08867e-15,1.157101e-06,9.957895e-01,3.547500e-15
NOR2_X1,A_r_ZN_f,delay,1,0,M1,N,vth,9.793250e-11,2.108185e-02,2.064598e-12,7.512899e-01,9.999592e-01,1.468987e-12
NOR2_X1,A_r_ZN_f,delay,1,0,M1,N,u0,-1.102875e-11,1.054093e-01,-1.162533e-12,2.382028e-01,9.999773e-01,-3.308625e-13
NOR2_X1,A_r_ZN_f,delay,1,0,M2,N,vth,4.000000e-15,2.108185e-02,8.43274e-17,1.253354e-09,4.084279e-05,6.000000e-17
NOR2_X1,A_r_ZN_f,delay,1,0,M2,N,u0,-2.500000e-16,1.054093e-01,-2.635233e-17,1.223980e-10,2.266751e-05,-7.500000e-18
NOR2_X1,A_r_ZN_f,delay,1,0,M3,P,vth,2.633500e-12,9.467293e-03,2.493212e-14,1.095607e-04,-1.485755e-01,3.950250e-14
NOR2_X1,A_r_ZN_f,delay,1,0,M3,P,u0,-9.192500e-13,4.303315e-02,-3.955822e-14,2.758100e-04,-3.846234e-01,-2.757750e-14
NOR2_X1,A_r_ZN_f,delay,1,0,M4,P,vth,-2.035850e-11,9.467293e-03,-1.927399e-13,6.547562e-03,1.148575e+00,-3.053775e-13
NOR2_X1,A_r_ZN_f,delay,1,0,M4,P,u0,3.309250e-12,4.303315e-02,1.424075e-13,3.574389e-03,1.384623e+00,9.927750e-14
NOR2_X1,A_r_ZN_f,trans,1,0,M1,N,vth,6.178000e-11,2.108185e-02,1.302437e-12,6.212559e-01,9.999838e-01,9.267000e-13
NOR2_X1,A_r_ZN_f,trans,1,0,M1,N,u0,-9.486250e-12,1.054093e-01,-9.99939e-13,3.661882e-01,1.000000e+00,-2.845875e-13
NOR2_X1,A_r_ZN_f,trans,1,0,M2,N,vth,1.000000e-15,2.108185e-02,2.108185e-17,1.627701e-10,1.618621e-05,1.500000e-17
NOR2_X1,A_r_ZN_f,trans,1,0,M2,N,u0,0.000000e+00,1.054093e-01,0.0,0.000000e+00,-0.000000e+00,0.000000e+00
NOR2_X1,A_r_ZN_f,trans,1,0,M3,P,vth,1.510000e-13,9.467293e-03,1.429561e-15,7.484501e-07,-7.806845e-03,2.265000e-15
NOR2_X1,A_r_ZN_f,trans,1,0,M3,P,u0,-5.325000e-14,4.303315e-02,-2.291515e-15,1.923104e-06,-1.829897e-01,-1.597500e-15
NOR2_X1,A_r_ZN_f,trans,1,0,M4,P,vth,-1.949300e-11,9.467293e-03,-1.845459e-13,1.247287e-02,1.007807e+00,-2.923950e-13
NOR2_X1,A_r_ZN_f,trans,1,0,M4,P,u0,3.442500e-13,4.303315e-02,1.481416e-14,8.037324e-05,1.182990e+00,1.032750e-14
NOR2_X1,A_r_ZN_f,delay,1,1,M1,N,vth,1.251980e-10,2.108185e-02,2.639405e-12,7.401503e-01,9.999641e-01,1.877970e-12
NOR2_X1,A_r_ZN_f,delay,1,1,M1,N,u0,-1.468375e-11,1.054093e-01,-1.547804e-12,2.545303e-01,1.000000e+00,-4.405125e-13
NOR2_X1,A_r_ZN_f,delay,1,1,M2,N,vth,4.500000e-15,2.108185e-02,9.486832e-17,9.562031e-10,3.594177e-05,6.750000e-17
NOR2_X1,A_r_ZN_f,delay,1,1,M2,N,u0,0.000000e+00,1.054093e-01,0.0,0.000000e+00,-0.000000e+00,0.000000e+00
NOR2_X1,A_r_ZN_f,delay,1,1,M3,P,vth,2.237500e-12,9.467293e-03,2.118307e-14,4.767442e-05,-1.303525e-01,3.356250e-14
NOR2_X1,A_r_ZN_f,delay,1,1,M3,P,u0,-8.940000e-13,4.303315e-02,-3.847164e-14,1.572494e-04,-4.719546e-01,-2.682000e-14
NOR2_X1,A_r_ZN_f,delay,1,1,M4,P,vth,-1.940250e-11,9.467293e-03,-1.836892e-13,3.584881e-03,1.130352e+00,-2.910375e-13
NOR2_X1,A_r_ZN_f,delay,1,1,M4,P,u0,2.788250e-12,4.303315e-02,1.199872e-13,1.529598e-03,1.471955e+00,8.364750e-14
NOR2_X1,A_r_ZN_f,trans,1,1,M1,N,vth,9.289150e-11,2.108185e-02,1.958325e-12,6.268359e-01,9.999839e-01,1.393372e-12
NOR2_X1,A_r_ZN_f,trans,1,1,M1,N,u0,-1.422025e-11,1.054093e-01,-1.498947e-12,3.672458e-01,9.999824e-01,-4.266075e-13
NOR2_X1,A_r_ZN_f,trans,1,1,M2,N,vth,1.500000e-15,2.108185e-02,3.162277e-17,1.634498e-10,1.614761e-05,2.250000e-17
NOR2_X1,A_r_ZN_f,trans,1,1,M2,N,u0,-2.500000e-16,1.054093e-01,-2.635233e-17,1.135069e-10,1.758025e-05,-7.500000e-18
NOR2_X1,A_r_ZN_f,trans,1,1,M3,P,vth,1.950000e-14,9.467293e-03,1.846122e-16,5.570643e-09,-9.711881e-04,2.925000e-16
NOR2_X1,A_r_ZN_f,trans,1,1,M3,P,u0,-9.250000e-15,4.303315e-02,-3.980566e-16,2.589848e-08,-2.327044e-01,-2.775000e-16
NOR2_X1,A_r_ZN_f,trans,1,1,M4,P,vth,-2.009800e-11,9.467293e-03,-1.902737e-13,5.917548e-03,1.000971e+00,-3.014700e-13
NOR2_X1,A_r_ZN_f,trans,1,1,M4,P,u0,4.900000e-14,4.303315e-02,2.108624e-15,7.267465e-07,1.232704e+00,1.470000e-15
NOR2_X1,A_r_ZN_f,delay,1,2,M1,N,vth,1.948405e-10,2.108185e-02,4.107598e-12,7.227290e-01,9.999615e-01,2.922607e-12
NOR2_X1,A_r_ZN_f,delay,1,2,M1,N,u0,-2.406150e-11,1.054093e-01,-2.536306e-12,2.755515e-01,9.999896e-01,-7.218450e-13
NOR2_X1,A_r_ZN_f,delay,1,2,M2,N,vth,7.500000e-15,2.108185e-02,1.581139e-16,1.070877e-09,3.849154e-05,1.125000e-16
NOR2_X1,A_r_ZN_f,delay,1,2,M2,N,u0,-2.500000e-16,1.054093e-01,-2.635233e-17,2.974661e-11,1.038993e-05,-7.500000e-18
NOR2_X1,A_r_ZN_f,delay,1,2,M3,P,vth,1.647000e-12,9.467293e-03,1.559263e-14,1.041450e-05,-9.916908e-02,2.470500e-14
NOR2_X1,A_r_ZN_f,delay,1,2,M3,P,u0,-8.477500e-13,4.303315e-02,-3.648135e-14,5.700874e-05,-6.424782e-01,-2.543250e-14
NOR2_X1,A_r_ZN_f,delay,1,2,M4,P,vth,-1.825500e-11,9.467293e-03,-1.728254e-13,1.279425e-03,1.099169e+00,-2.738250e-13
NOR2_X1,A_r_ZN_f,delay,1,2,M4,P,u0,2.167250e-12,4.303315e-02,9.326359e-14,3.725837e-04,1.642478e+00,6.501750e-14
NOR2_X1,A_r_ZN_f,trans,1,2,M1,N,vth,1.781045e-10,2.108185e-02,3.754772e-12,6.300598e-01,9.999832e-01,2.671567e-12
NOR2_X1,A_r_ZN_f,trans,1,2,M1,N,u0,-2.722325e-11,1.054093e-01,-2.869584e-12,3.680038e-01,1.000000e+00,-8.166975e-13
NOR2_X1,A_r_ZN_f,trans,1,2,M2,N,vth,3.000000e-15,2.108185e-02,6.324555e-17,1.787617e-10,1.684376e-05,4.500000e-17
NOR2_X1,A_r_ZN_f,trans,1,2,M2,N,u0,0.000000e+00,1.054093e-01,0.0,0.000000e+00,-0.000000e+00,0.000000e+00
NOR2_X1,A_r_ZN_f,trans,1,2,M3,P,vth,-5.500000e-15,9.467293e-03,-5.207011e-17,1.211690e-10,2.501763e-04,-8.250000e-17
NOR2_X1,A_r_ZN_f,trans,1,2,M3,P,u0,-2.500000e-16,4.303315e-02,-1.075829e-17,5.172504e-12,-1.945525e-03,-7.500000e-18
NOR2_X1,A_r_ZN_f,trans,1,2,M4,P,vth,-2.197900e-11,9.467293e-03,-2.080816e-13,1.935005e-03,9.997498e-01,-3.296850e-13
NOR2_X1,A_r_ZN_f,trans,1,2,M4,P,u0,1.287500e-13,4.303315e-02,5.540518e-15,1.371877e-06,1.001946e+00,3.862500e-15
NOR2_X1,A_r_ZN_f,delay,2,0,M1,N,vth,1.510520e-10,2.108185e-02,3.184456e-12,8.208197e-01,9.999636e-01,2.265780e-12
NOR2_X1,A_r_ZN_f,delay,2,0,M1,N,u0,-1.391875e-11,1.054093e-01,-1.467166e-12,1.742351e-01,9.999820e-01,-4.175625e-13
NOR2_X1,A_r_ZN_f,delay,2,0,M2,N,vth,5.500000e-15,2.108185e-02,1.159502e-16,1.088229e-09,3.640998e-05,8.250000e-17
NOR2_X1,A_r_ZN_f,delay,2,0,M2,N,u0,-2.500000e-16,1.054093e-01,-2.635233e-17,5.621022e-11,1.796106e-05,-7.500000e-18
NOR2_X1,A_r_ZN_f,delay,2,0,M3,P,vth,1.561500e-12,9.467293e-03,1.478318e-14,1.768940e-05,-7.769237e-02,2.342250e-14
NOR2_X1,A_r_ZN_f,delay,2,0,M3,P,u0,-8.072500e-13,4.303315e-02,-3.473851e-14,9.767868e-05,-3.544846e-01,-2.421750e-14
NOR2_X1,A_r_ZN_f,delay,2,0,M4,P,vth,-2.166000e-11,9.467293e-03,-2.050616e-13,3.403658e-03,1.077692e+00,-3.249000e-13
NOR2_X1,A_r_ZN_f,delay,2,0,M4,P,u0,3.084500e-12,4.303315e-02,1.327358e-13,1.426111e-03,1.354485e+00,9.253500e-14
NOR2_X1,A_r_ZN_f,trans,2,0,M1,N,vth,8.758500e-12,2.108185e-02,1.846454e-13,1.022171e-01,1.000171e+00,1.313775e-13
NOR2_X1,A_r_ZN_f,trans,2,0,M1,N,u0,-4.974000e-12,1.054093e-01,-5.243059e-13,8.241685e-01,1.000000e+00,-1.492200e-13
NOR2_X1,A_r_ZN_f,trans,2,0,M2,N,vth,-1.500000e-15,2.108185e-02,-3.162277e-17,2.998103e-09,-1.712915e-04,-2.250000e-17
NOR2_X1,A_r_ZN_f,trans,2,0,M2,N,u0,0.000000e+00,1.054093e-01,0.0,0.000000e+00,-0.000000e+00,0.000000e+00
NOR2_X1,A_r_ZN_f,trans,2,0,M3,P,vth,-1.104000e-12,9.467293e-03,-1.045189e-14,3.275189e-04,6.354140e-02,-1.656000e-14
NOR2_X1,A_r_ZN_f,trans,2,0,M3,P,u0,5.167500e-13,4.303315e-02,2.223738e-14,1.482565e-03,3.035242e+00,1.550250e-14
NOR2_X1,A_r_ZN_f,trans,2,0,M4,P,vth,-1.627050e-11,9.467293e-03,-1.540376e-13,7.113773e-02,9.364586e-01,-2.440575e-13
NOR2_X1,A_r_ZN_f,trans,2,0,M4,P,u0,-3.465000e-13,4.303315e-02,-1.491099e-14,6.665908e-04,-2.035242e+00,-1.039500e-14
NOR2_X1,A_r_ZN_f,delay,2,1,M1,N,vth,1.609005e-10,2.108185e-02,3.39208e-12,8.003841e-01,9.999627e-01,2.413508e-12
NOR2_X1,A_r_ZN_f,delay,2,1,M1,N,u0,-1.594825e-11,1.054093e-01,-1.681094e-12,1.965849e-01,9.999843e-01,-4.784475e-13
NOR2_X1,A_r_ZN_f,delay,2,1,M2,N,vth,6.000000e-15,2.108185e-02,1.264911e-16,1.112977e-09,3.728874e-05,9.000000e-17
NOR2_X1,A_r_ZN_f,delay,2,1,M2,N,u0,-2.500000e-16,1.054093e-01,-2.635233e-17,4.830634e-11,1.567546e-05,-7.500000e-18
NOR2_X1,A_r_ZN_f,delay,2,1,M3,P,vth,1.812500e-12,9.467293e-03,1.715947e-14,2.048207e-05,-1.090160e-01,2.718750e-14
NOR2_X1,A_r_ZN_f,delay,2,1,M3,P,u0,-7.980000e-13,4.303315e-02,-3.434045e-14,8.203105e-05,-4.672815e-01,-2.394000e-14
NOR2_X1,A_r_ZN_f,delay,2,1,M4,P,vth,-1.843850e-11,9.467293e-03,-1.745627e-13,2.119674e-03,1.109016e+00,-2.765775e-13
NOR2_X1,A_r_ZN_f,delay,2,1,M4,P,u0,2.505750e-12,4.303315e-02,1.078303e-13,8.088127e-04,1.467282e+00,7.517250e-14
NOR2_X1,A_r_ZN_f,trans,2,1,M1,N,vth,5.182500e-11,2.108185e-02,1.092567e-12,4.769862e-01,1.000010e+00,7.773750e-13
NOR2_X1,A_r_ZN_f,trans,2,1,M1,N,u0,-1.071725e-11,1.054093e-01,-1.129698e-12,5.099579e-01,1.000000e+00,-3.215175e-13
NOR2_X1,A_r_ZN_f,trans,2,1,M2,N,vth,-5.000000e-16,2.108185e-02,-1.054093e-17,4.439839e-11,-9.647946e-06,-7.500000e-18
NOR2_X1,A_r_ZN_f,trans,2,1,M2,N,u0,0.000000e+00,1.054093e-01,0.0,0.000000e+00,-0.000000e+00,0.000000e+00
NOR2_X1,A_r_ZN_f,trans,2,1,M3,P,vth,-8.650000e-13,9.467293e-03,-8.189208e-15,2.679746e-05,4.355050e-02,-1.297500e-14
NOR2_X1,A_r_ZN_f,trans,2,1,M3,P,u0,3.637500e-13,4.303315e-02,1.565331e-14,9.790887e-05,1.333639e+00,1.091250e-14
NOR2_X1,A_r_ZN_f,trans,2,1,M4,P,vth,-1.899700e-11,9.467293e-03,-1.798502e-13,1.292503e-02,9.564495e-01,-2.849550e-13
NOR2_X1,A_r_ZN_f,trans,2,1,M4,P,u0,-9.100000e-14,4.303315e-02,-3.916017e-15,6.127719e-06,-3.336389e-01,-2.730000e-15
NOR2_X1,A_r_ZN_f,delay,2,2,M1,N,vth,2.342030e-10,2.108185e-02,4.937433e-12,7.679523e-01,9.999616e-01,3.513045e-12
NOR2_X1,A_r_ZN_f,delay,2,2,M1,N,u0,-2.567900e-11,1.054093e-01,-2.706805e-12,2.308054e-01,9.999805e-01,-7.703700e-13
NOR2_X1,A_r_ZN_f,delay,2,2,M2,N,vth,9.000000e-15,2.108185e-02,1.897366e-16,1.134056e-09,3.842672e-05,1.350000e-16
NOR2_X1,A_r_ZN_f,delay,2,2,M2,N,u0,-5.000000e-16,1.054093e-01,-5.270465e-17,8.750437e-11,1.947078e-05,-1.500000e-17
NOR2_X1,A_r_ZN_f,delay,2,2,M3,P,vth,1.979000e-12,9.467293e-03,1.873577e-14,1.105796e-05,-1.225691e-01,2.968500e-14
NOR2_X1,A_r_ZN_f,delay,2,2,M3,P,u0,-8.715000e-13,4.303315e-02,-3.750339e-14,4.430706e-05,-7.043847e-01,-2.614500e-14
NOR2_X1,A_r_ZN_f,delay,2,2,M4,P,vth,-1.812500e-11,9.467293e-03,-1.715947e-13,9.275547e-04,1.122569e+00,-2.718750e-13
NOR2_X1,A_r_ZN_f,delay,2,2,M4,P,u0,2.108750e-12,4.303315e-02,9.074616e-14,2.594110e-04,1.704385e+00,6.326250e-14
NOR2_X1,A_r_ZN_f,trans,2,2,M1,N,vth,1.640445e-10,2.108185e-02,3.458362e-12,6.137530e-01,9.999878e-01,2.460668e-12
NOR2_X1,A_r_ZN_f,trans,2,2,M1,N,u0,-2.595250e-11,1.054093e-01,-2.735635e-12,3.840335e-01,9.999904e-01,-7.785750e-13
NOR2_X1,A_r_ZN_f,trans,2,2,M2,N,vth,2.000000e-15,2.108185e-02,4.21637e-17,9.122844e-11,1.219167e-05,3.000000e-17
NOR2_X1,A_r_ZN_f,trans,2,2,M2,N,u0,-2.500000e-16,1.054093e-01,-2.635233e-17,3.563614e-11,9.632891e-06,-7.500000e-18
NOR2_X1,A_r_ZN_f,trans,2,2,M3,P,vth,-2.140000e-13,9.467293e-03,-2.026001e-15,2.106357e-07,9.667728e-03,-3.210000e-15
NOR2_X1,A_r_ZN_f,trans,2,2,M3,P,u0,9.150000e-14,4.303315e-02,3.937533e-15,7.956119e-07,3.719512e-01,2.745000e-15
NOR2_X1,A_r_ZN_f,trans,2,2,M4,P,vth,-2.192150e-11,9.467293e-03,-2.075373e-13,2.210268e-03,9.903323e-01,-3.288225e-13
NOR2_X1,A_r_ZN_f,trans,2,2,M4,P,u0,1.545000e-13,4.303315e-02,6.648622e-15,2.268381e-06,6.280488e-01,4.635000e-15
NOR2_X1,A_f_ZN_r,delay,0,0,M1,N,vth,5.120000e-13,2.108185e-02,1.079391e-14,7.258810e-05,1.000000e+00,7.680000e-15
NOR2_X1,A_f_ZN_r,delay,0,0,M1,N,u0,-1.437500e-13,1.054093e-01,-1.515259e-14,1.430479e-04,1.000000e+00,-4.312500e-15
NOR2_X1,A_f_ZN_r,delay,0,0,M2,N,vth,0.000000e+00,2.108185e-02,0.0,0.000000e+00,0.000000e+00,0.000000e+00
NOR2_X1,A_f_ZN_r,delay,0,0,M2,N,u0,0.000000e+00,1.054093e-01,0.0,0.000000e+00,-0.000000e+00,0.000000e+00
NOR2_X1,A_f_ZN_r,delay,0,0,M3,P,vth,7.818450e-11,9.467293e-03,7.401956e-13,3.413509e-01,6.254085e-01,1.172767e-12
NOR2_X1,A_f_ZN_r,delay,0,0,M3,P,u0,-1.926650e-11,4.303315e-02,-8.290982e-13,4.282723e-01,6.660099e-01,-5.779950e-13
NOR2_X1,A_f_ZN_r,delay,0,0,M4,P,vth,4.682900e-11,9.467293e-03,4.433439e-13,1.224586e-01,3.745915e-01,7.024350e-13
NOR2_X1,A_f_ZN_r,delay,0,0,M4,P,u0,-9.661750e-12,4.303315e-02,-4.157755e-13,1.077025e-01,3.339901e-01,-2.898525e-13
NOR2_X1,A_f_ZN_r,trans,0,0,M1,N,vth,-4.450000e-14,2.108185e-02,-9.381423e-16,1.031601e-06,9.468085e-01,-6.675000e-16
NOR2_X1,A_f_ZN_r,trans,0,0,M1,N,u0,1.200000e-14,1.054093e-01,1.264912e-15,1.875404e-06,1.000000e+00,3.600000e-16
NOR2_X1,A_f_ZN_r,trans,0,0,M2,N,vth,-2.500000e-15,2.108185e-02,-5.270462e-17,3.255906e-09,5.319149e-02,-3.750000e-17
NOR2_X1,A_f_ZN_r,trans,0,0,M2,N,u0,0.000000e+00,1.054093e-01,0.0,0.000000e+00,0.000000e+00,0.000000e+00
NOR2_X1,A_f_ZN_r,trans,0,0,M3,P,vth,4.168450e-11,9.467293e-03,3.946394e-13,1.825472e-01,5.441947e-01,6.252675e-13
NOR2_X1,A_f_ZN_r,trans,0,0,M3,P,u0,-1.522050e-11,4.303315e-02,-6.549861e-13,5.028500e-01,6.214795e-01,-4.566150e-13
NOR2_X1,A_f_ZN_r,trans,0,0,M4,P,vth,3.491400e-11,9.467293e-03,3.305411e-13,1.280635e-01,4.558053e-01,5.237100e-13
NOR2_X1,A_f_ZN_r,trans,0,0,M4,P,u0,-9.270250e-12,4.303315e-02,-3.989281e-13,1.865364e-01,3.785205e-01,-2.781075e-13
NOR2_X1,A_f_ZN_r,delay,0,1,M1,N,vth,8.650000e-14,2.108185e-02,1.82358e-15,1.046989e-06,1.011696e+00,1.297500e-15
NOR2_X1,A_f_ZN_r,delay,0,1,M1,N,u0,-1.037500e-13,1.054093e-01,-1.093621e-14,3.765532e-05,1.000000e+00,-3.112500e-15
NOR2_X1,A_f_ZN_r,delay,0,1,M2,N,vth,-1.000000e-15,2.108185e-02,-2.108185e-17,1.399296e-10,-1.169591e-02,-1.500000e-17
NOR2_X1,A_f_ZN_r,delay,0,1,M2,N,u0,0.000000e+00,1.054093e-01,0.0,0.000000e+00,-0.000000e+00,0.000000e+00
NOR2_X1,A_f_ZN_r,delay,0,1,M3,P,vth,9.800150e-11,9.467293e-03,9.278089e-13,2.710250e-01,5.495915e-01,1.470022e-12
NOR2_X1,A_f_ZN_r,delay,0,1,M3,P,u0,-2.635650e-11,4.303315e-02,-1.134203e-12,4.050177e-01,6.281863e-01,-7.906950e-13
NOR2_X1,A_f_ZN_r,delay,0,1,M4,P,vth,8.031550e-11,9.467293e-03,7.603704e-13,1.820299e-01,4.504085e-01,1.204732e-12
NOR2_X1,A_f_ZN_r,delay,0,1,M4,P,u0,-1.560000e-11,4.303315e-02,-6.713171e-13,1.418887e-01,3.718137e-01,-4.680000e-13
NOR2_X1,A_f_ZN_r,trans,0,1,M1,N,vth,-5.500000e-15,2.108185e-02,-1.159502e-16,5.085137e-09,6.111111e-01,-8.250000e-17
NOR2_X1,A_f_ZN_r,trans,0,1,M1,N,u0,2.500000e-15,1.054093e-01,2.635232e-16,2.626623e-08,1.000000e+00,7.500000e-17
NOR2_X1,A_f_ZN_r,trans,0,1,M2,N,vth,-3.500000e-15,2.108185e-02,-7.378647e-17,2.059270e-09,3.888889e-01,-5.250000e-17
NOR2_X1,A_f_ZN_r,trans,0,1,M2,N,u0,0.000000e+00,1.054093e-01,0.0,0.000000e+00,0.000000e+00,0.000000e+00
NOR2_X1,A_f_ZN_r,trans,0,1,M3,P,vth,6.703500e-11,9.467293e-03,6.3464e-13,1.523403e-01,4.663645e-01,1.005525e-12
NOR2_X1,A_f_ZN_r,trans,0,1,M3,P,u0,-2.458550e-11,4.303315e-02,-1.057992e-12,4.233740e-01,5.784619e-01,-7.375650e-13
NOR2_X1,A_f_ZN_r,trans,0,1,M4,P,vth,7.670450e-11,9.467293e-03,7.26184e-13,1.994588e-01,5.336355e-01,1.150567e-12
NOR2_X1,A_f_ZN_r,trans,0,1,M4,P,u0,-1.791600e-11,4.303315e-02,-7.709819e-13,2.248269e-01,4.215381e-01,-5.374800e-13
NOR2_X1,A_f_ZN_r,delay,0,2,M1,N,vth,-3.460000e-13,2.108185e-02,-7.29432e-15,5.226580e-06,9.928264e-01,-5.190000e-15
NOR2_X1,A_f_ZN_r,delay,0,2,M1,N,u0,-5.675000e-14,1.054093e-01,-5.981978e-15,3.515099e-06,1.000000e+00,-1.702500e-15
NOR2_X1,A_f_ZN_r,delay,0,2,M2,N,vth,-2.500000e-15,2.108185e-02,-5.270462e-17,2.728635e-10,7.173601e-03,-3.750000e-17
NOR2_X1,A_f_ZN_r,delay,0,2,M2,N,u0,0.000000e+00,1.054093e-01,0.0,0.000000e+00,-0.000000e+00,0.000000e+00
NOR2_X1,A_f_ZN_r,delay,0,2,M3,P,vth,1.500125e-10,9.467293e-03,1.420212e-12,1.981320e-01,4.686646e-01,2.250187e-12
NOR2_X1,A_f_ZN_r,delay,0,2,M3,P,u0,-4.497800e-11,4.303315e-02,-1.935545e-12,3.680057e-01,5.889987e-01,-1.349340e-12
NOR2_X1,A_f_ZN_r,delay,0,2,M4,P,vth,1.700725e-10,9.467293e-03,1.610126e-12,2.546642e-01,5.313354e-01,2.551087e-12
NOR2_X1,A_f_ZN_r,delay,0,2,M4,P,u0,-3.138550e-11,4.303315e-02,-1.350617e-12,1.791894e-01,4.110013e-01,-9.415650e-13
NOR2_X1,A_f_ZN_r,trans,0,2,M1,N,vth,-5.000000e-15,2.108185e-02,-1.054092e-16,8.937837e-10,5.000000e-01,-7.500000e-17
NOR2_X1,A_f_ZN_r,trans,0,2,M1,N,u0,0.000000e+00,1.054093e-01,0.0,0.000000e+00,,0.000000e+00
NOR2_X1,A_f_ZN_r,trans,0,2,M2,N,vth,-5.000000e-15,2.108185e-02,-1.054092e-16,8.937837e-10,5.000000e-01,-7.500000e-17
NOR2_X1,A_f_ZN_r,trans,0,2,M2,N,u0,0.000000e+00,1.054093e-01,0.0,0.000000e+00,,0.000000e+00
NOR2_X1,A_f_ZN_r,trans,0,2,M3,P,vth,1.352750e-10,9.467293e-03,1.280688e-12,1.319355e-01,4.208144e-01,2.029125e-12
NOR2_X1,A_f_ZN_r,trans,0,2,M3,P,u0,-4.964750e-11,4.303315e-02,-2.136488e-12,3.671775e-01,5.474267e-01,-1.489425e-12
NOR2_X1,A_f_ZN_r,trans,0,2,M4,P,vth,1.861850e-10,9.467293e-03,1.762668e-12,2.499286e-01,5.791856e-01,2.792775e-12
NOR2_X1,A_f_ZN_r,trans,0,2,M4,P,u0,-4.104500e-11,4.303315e-02,-1.766296e-12,2.509584e-01,4.525733e-01,-1.231350e-12
NOR2_X1,A_f_ZN_r,delay,1,0,M1,N,vth,1.011500e-12,2.108185e-02,2.132429e-14,2.370506e-04,1.000000e+00,1.517250e-14
NOR2_X1,A_f_ZN_r,delay,1,0,M1,N,u0,-1.610000e-13,1.054093e-01,-1.69709e-14,1.501418e-04,1.000000e+00,-4.830000e-15
NOR2_X1,A_f_ZN_r,delay,1,0,M2,N,vth,0.000000e+00,2.108185e-02,0.0,0.000000e+00,0.000000e+00,0.000000e+00
NOR2_X1,A_f_ZN_r,delay,1,0,M2,N,u0,0.000000e+00,1.054093e-01,0.0,0.000000e+00,-0.000000e+00,0.000000e+00
NOR2_X1,A_f_ZN_r,delay,1,0,M3,P,vth,9.584050e-11,9.467293e-03,9.073501e-13,4.291822e-01,6.735102e-01,1.437607e-12
NOR2_X1,A_f_ZN_r,delay,1,0,M3,P,u0,-1.987675e-11,4.303315e-02,-8.553592e-13,3.814072e-01,6.753104e-01,-5.963025e-13
NOR2_X1,A_f_ZN_r,delay,1,0,M4,P,vth,4.645950e-11,9.467293e-03,4.398457e-13,1.008539e-01,3.264898e-01,6.968925e-13
NOR2_X1,A_f_ZN_r,delay,1,0,M4,P,u0,-9.556750e-12,4.303315e-02,-4.112571e-13,8.816955e-02,3.246896e-01,-2.867025e-13
NOR2_X1,A_f_ZN_r,trans,1,0,M1,N,vth,-9.950000e-14,2.108185e-02,-2.097644e-15,5.220040e-06,9.802956e-01,-1.492500e-15
NOR2_X1,A_f_ZN_r,trans,1,0,M1,N,u0,1.550000e-14,1.054093e-01,1.633844e-15,3.166879e-06,1.000000e+00,4.650000e-16
NOR2_X1,A_f_ZN_r,trans,1,0,M2,N,vth,-2.000000e-15,2.108185e-02,-4.21637e-17,2.109054e-09,1.970443e-02,-3.000000e-17
NOR2_X1,A_f_ZN_r,trans,1,0,M2,N,u0,0.000000e+00,1.054093e-01,0.0,0.000000e+00,0.000000e+00,0.000000e+00
NOR2_X1,A_f_ZN_r,trans,1,0,M3,P,vth,4.102950e-11,9.467293e-03,3.884383e-13,1.790005e-01,5.415721e-01,6.154425e-13
NOR2_X1,A_f_ZN_r,trans,1,0,M3,P,u0,-1.514900e-11,4.303315e-02,-6.519092e-13,5.041787e-01,6.205237e-01,-4.544700e-13
NOR2_X1,A_f_ZN_r,trans,1,0,M4,P,vth,3.473050e-11,9.467293e-03,3.288038e-13,1.282579e-01,4.584279e-01,5.209575e-13
NOR2_X1,A_f_ZN_r,trans,1,0,M4,P,u0,-9.264250e-12,4.303315e-02,-3.986699e-13,1.885546e-01,3.794763e-01,-2.779275e-13
NOR2_X1,A_f_ZN_r,delay,1,1,M1,N,vth,8.065000e-13,2.108185e-02,1.700251e-14,8.105156e-05,1.001241e+00,1.209750e-14
NOR2_X1,A_f_ZN_r,delay,1,1,M1,N,u0,-1.667500e-13,1.054093e-01,-1.7577e-14,8.662130e-05,1.000000e+00,-5.002500e-15
NOR2_X1,A_f_ZN_r,delay,1,1,M2,N,vth,-1.000000e-15,2.108185e-02,-2.108185e-17,1.246099e-10,-1.241465e-03,-1.500000e-17
NOR2_X1,A_f_ZN_r,delay,1,1,M2,N,u0,0.000000e+00,1.054093e-01,0.0,0.000000e+00,-0.000000e+00,0.000000e+00
NOR2_X1,A_f_ZN_r,delay,1,1,M3,P,vth,1.156880e-10,9.467293e-03,1.095252e-12,3.363283e-01,5.912026e-01,1.735320e-12
NOR2_X1,A_f_ZN_r,delay,1,1,M3,P,u0,-2.697850e-11,4.303315e-02,-1.16097e-12,3.779001e-01,6.350572e-01,-8.093550e-13
NOR2_X1,A_f_ZN_r,delay,1,1,M4,P,vth,7.999450e-11,9.467293e-03,7.573314e-13,1.608078e-01,4.087974e-01,1.199917e-12
NOR2_X1,A_f_ZN_r,delay,1,1,M4,P,u0,-1.550350e-11,4.303315e-02,-6.671644e-13,1.247961e-01,3.649428e-01,-4.651050e-13
NOR2_X1,A_f_ZN_r,trans,1,1,M1,N,vth,-1.950000e-14,2.108185e-02,-4.110961e-16,6.401945e-08,8.478261e-01,-2.925000e-16
NOR2_X1,A_f_ZN_r,trans,1,1,M1,N,u0,3.500000e-15,1.054093e-01,3.689325e-16,5.156075e-08,1.000000e+00,1.050000e-16
NOR2_X1,A_f_ZN_r,trans,1,1,M2,N,vth,-3.500000e-15,2.108185e-02,-7.378647e-17,2.062428e-09,1.521739e-01,-5.250000e-17
NOR2_X1,A_f_ZN_r,trans,1,1,M2,N,u0,0.000000e+00,1.054093e-01,0.0,0.000000e+00,0.000000e+00,0.000000e+00
NOR2_X1,A_f_ZN_r,trans,1,1,M3,P,vth,6.688050e-11,9.467293e-03,6.331773e-13,1.518714e-01,4.659931e-01,1.003207e-12
NOR2_X1,A_f_ZN_r,trans,1,1,M3,P,u0,-2.457175e-11,4.303315e-02,-1.0574e-12,4.235491e-01,5.783425e-01,-7.371525e-13
NOR2_X1,A_f_ZN_r,trans,1,1,M4,P,vth,7.664200e-11,9.467293e-03,7.255923e-13,1.994392e-01,5.340069e-01,1.149630e-12
NOR2_X1,A_f_ZN_r,trans,1,1,M4,P,u0,-1.791475e-11,4.303315e-02,-7.709281e-13,2.251402e-01,4.216575e-01,-5.374425e-13
NOR2_X1,A_f_ZN_r,delay,1,2,M1,N,vth,2.800000e-13,2.108185e-02,5.902918e-15,3.230201e-06,1.000000e+00,4.200000e-15
NOR2_X1,A_f_ZN_r,delay,1,2,M1,N,u0,-1.250000e-13,1.054093e-01,-1.317616e-14,1.609437e-05,1.000000e+00,-3.750000e-15
NOR2_X1,A_f_ZN_r,delay,1,2,M2,N,vth,0.000000e+00,2.108185e-02,0.0,0.000000e+00,0.000000e+00,0.000000e+00
NOR2_X1,A_f_ZN_r,delay,1,2,M2,N,u0,0.000000e+00,1.054093e-01,0.0,0.000000e+00,-0.000000e+00,0.000000e+00
NOR2_X1,A_f_ZN_r,delay,1,2,M3,P,vth,1.678305e-10,9.467293e-03,1.588901e-12,2.340397e-01,4.969067e-01,2.517457e-12
NOR2_X1,A_f_ZN_r,delay,1,2,M3,P,u0,-4.564250e-11,4.303315e-02,-1.964141e-12,3.576360e-01,5.930486e-01,-1.369275e-12
NOR2_X1,A_f_ZN_r,delay,1,2,M4,P,vth,1.699200e-10,9.467293e-03,1.608682e-12,2.399036e-01,5.030933e-01,2.548800e-12
NOR2_X1,A_f_ZN_r,delay,1,2,M4,P,u0,-3.132000e-11,4.303315e-02,-1.347798e-12,1.684015e-01,4.069514e-01,-9.396000e-13
NOR2_X1,A_f_ZN_r,trans,1,2,M1,N,vth,-5.000000e-15,2.108185e-02,-1.054092e-16,8.937353e-10,5.000000e-01,-7.500000e-17
NOR2_X1,A_f_ZN_r,trans,1,2,M1,N,u0,2.500000e-15,1.054093e-01,2.635232e-16,5.585851e-09,5.000000e-01,7.500000e-17
NOR2_X1,A_f_ZN_r,trans,1,2,M2,N,vth,-5.000000e-15,2.108185e-02,-1.054092e-16,8.937353e-10,5.000000e-01,-7.500000e-17
NOR2_X1,A_f_ZN_r,trans,1,2,M2,N,u0,2.500000e-15,1.054093e-01,2.635232e-16,5.585851e-09,5.000000e-01,7.500000e-17
NOR2_X1,A_f_ZN_r,trans,1,2,M3,P,vth,1.352750e-10,9.467293e-03,1.280688e-12,1.319284e-01,4.208210e-01,2.029125e-12
NOR2_X1,A_f_ZN_r,trans,1,2,M3,P,u0,-4.965000e-11,4.303315e-02,-2.136596e-12,3.671946e-01,5.474241e-01,-1.489500e-12
NOR2_X1,A_f_ZN_r,trans,1,2,M4,P,vth,1.861800e-10,9.467293e-03,1.762621e-12,2.499017e-01,5.791790e-01,2.792700e-12
NOR2_X1,A_f_ZN_r,trans,1,2,M4,P,u0,-4.104750e-11,4.303315e-02,-1.766403e-12,2.509754e-01,4.525759e-01,-1.231425e-12
NOR2_X1,A_f_ZN_r,delay,2,0,M1,N,vth,1.043500e-12,2.108185e-02,2.199891e-14,1.044866e-04,1.000959e+00,1.565250e-14
NOR2_X1,A_f_ZN_r,delay,2,0,M1,N,u0,-1.217500e-13,1.054093e-01,-1.283358e-14,3.555937e-05,1.000000e+00,-3.652500e-15
NOR2_X1,A_f_ZN_r,delay,2,0,M2,N,vth,-1.000000e-15,2.108185e-02,-2.108185e-17,9.595679e-11,-9.592326e-04,-1.500000e-17
NOR2_X1,A_f_ZN_r,delay,2,0,M2,N,u0,0.000000e+00,1.054093e-01,0.0,0.000000e+00,-0.000000e+00,0.000000e+00
NOR2_X1,A_f_ZN_r,delay,2,0,M3,P,vth,1.819960e-10,9.467293e-03,1.723009e-12,6.409640e-01,8.023171e-01,2.729940e-12
NOR2_X1,A_f_ZN_r,delay,2,0,M3,P,u0,-2.672925e-11,4.303315e-02,-1.150244e-12,2.856526e-01,7.425668e-01,-8.018775e-13
NOR2_X1,A_f_ZN_r,delay,2,0,M4,P,vth,4.484200e-11,9.467293e-03,4.245324e-13,3.891167e-02,1.976829e-01,6.726300e-13
NOR2_X1,A_f_ZN_r,delay,2,0,M4,P,u0,-9.266500e-12,4.303315e-02,-3.987667e-13,3.433176e-02,2.574332e-01,-2.779950e-13
NOR2_X1,A_f_ZN_r,trans,2,0,M1,N,vth,-4.220000e-13,2.108185e-02,-8.896541e-15,1.811253e-04,9.941107e-01,-6.330000e-15
NOR2_X1,A_f_ZN_r,trans,2,0,M1,N,u0,4.850000e-14,1.054093e-01,5.112351e-15,5.981061e-05,1.000000e+00,1.455000e-15
NOR2_X1,A_f_ZN_r,trans,2,0,M2,N,vth,-2.500000e-15,2.108185e-02,-5.270462e-17,6.356738e-09,5.889282e-03,-3.750000e-17
NOR2_X1,A_f_ZN_r,trans,2,0,M2,N,u0,0.000000e+00,1.054093e-01,0.0,0.000000e+00,0.000000e+00,0.000000e+00
NOR2_X1,A_f_ZN_r,trans,2,0,M3,P,vth,9.595500e-12,9.467293e-03,9.084341e-14,1.888529e-02,2.682518e-01,1.439325e-13
NOR2_X1,A_f_ZN_r,trans,2,0,M3,P,u0,-1.184325e-11,4.303315e-02,-5.096524e-13,5.944084e-01,6.085555e-01,-3.552975e-13
NOR2_X1,A_f_ZN_r,trans,2,0,M4,P,vth,2.617500e-11,9.467293e-03,2.478064e-13,1.405277e-01,7.317482e-01,3.926250e-13
NOR2_X1,A_f_ZN_r,trans,2,0,M4,P,u0,-7.618000e-12,4.303315e-02,-3.278265e-13,2.459377e-01,3.914445e-01,-2.285400e-13
NOR2_X1,A_f_ZN_r,delay,2,1,M1,N,vth,9.975000e-13,2.108185e-02,2.102915e-14,7.508763e-05,1.001506e+00,1.496250e-14
NOR2_X1,A_f_ZN_r,delay,2,1,M1,N,u0,-1.455000e-13,1.054093e-01,-1.533705e-14,3.994008e-05,1.001721e+00,-4.365000e-15
NOR2_X1,A_f_ZN_r,delay,2,1,M2,N,vth,-1.500000e-15,2.108185e-02,-3.162277e-17,1.697951e-10,-1.506024e-03,-2.250000e-17
NOR2_X1,A_f_ZN_r,delay,2,1,M2,N,u0,2.500000e-16,1.054093e-01,2.635233e-17,1.179134e-10,-1.721170e-03,7.500000e-18
NOR2_X1,A_f_ZN_r,delay,2,1,M3,P,vth,1.868515e-10,9.467293e-03,1.768978e-12,5.313368e-01,7.154894e-01,2.802772e-12
NOR2_X1,A_f_ZN_r,delay,2,1,M3,P,u0,-3.186575e-11,4.303315e-02,-1.371284e-12,3.192859e-01,6.886802e-01,-9.559725e-13
NOR2_X1,A_f_ZN_r,delay,2,1,M4,P,vth,7.430050e-11,9.467293e-03,7.034246e-13,8.401566e-02,2.845106e-01,1.114507e-12
NOR2_X1,A_f_ZN_r,delay,2,1,M4,P,u0,-1.440500e-11,4.303315e-02,-6.198925e-13,6.524661e-02,3.113198e-01,-4.321500e-13
NOR2_X1,A_f_ZN_r,trans,2,1,M1,N,vth,-2.105000e-13,2.108185e-02,-4.437729e-15,9.627870e-06,9.836449e-01,-3.157500e-15
NOR2_X1,A_f_ZN_r,trans,2,1,M1,N,u0,3.025000e-14,1.054093e-01,3.188631e-15,4.970696e-06,1.000000e+00,9.075000e-16
NOR2_X1,A_f_ZN_r,trans,2,1,M2,N,vth,-3.500000e-15,2.108185e-02,-7.378647e-17,2.661718e-09,1.635514e-02,-5.250000e-17
NOR2_X1,A_f_ZN_r,trans,2,1,M2,N,u0,0.000000e+00,1.054093e-01,0.0,0.000000e+00,0.000000e+00,0.000000e+00
NOR2_X1,A_f_ZN_r,trans,2,1,M3,P,vth,4.492500e-11,9.467293e-03,4.253181e-13,8.843749e-02,3.882786e-01,6.738750e-13
NOR2_X1,A_f_ZN_r,trans,2,1,M3,P,u0,-2.198500e-11,4.303315e-02,-9.460838e-13,4.375904e-01,5.673622e-01,-6.595500e-13
NOR2_X1,A_f_ZN_r,trans,2,1,M4,P,vth,7.077800e-11,9.467293e-03,6.700761e-13,2.195113e-01,6.117214e-01,1.061670e-12
NOR2_X1,A_f_ZN_r,trans,2,1,M4,P,u0,-1.676450e-11,4.303315e-02,-7.214292e-13,2.544463e-01,4.326378e-01,-5.029350e-13
NOR2_X1,A_f_ZN_r,delay,2,2,M1,N,vth,8.700000e-13,2.108185e-02,1.834121e-14,2.420534e-05,1.000000e+00,1.305000e-14
NOR2_X1,A_f_ZN_r,delay,2,2,M1,N,u0,-1.725000e-13,1.054093e-01,-1.81831e-14,2.378983e-05,1.000000e+00,-5.175000e-15
NOR2_X1,A_f_ZN_r,delay,2,2,M2,N,vth,0.000000e+00,2.108185e-02,0.0,0.000000e+00,0.000000e+00,0.000000e+00
NOR2_X1,A_f_ZN_r,delay,2,2,M2,N,u0,0.000000e+00,1.054093e-01,0.0,0.000000e+00,-0.000000e+00,0.000000e+00
NOR2_X1,A_f_ZN_r,delay,2,2,M3,P,vth,2.383650e-10,9.467293e-03,2.256671e-12,3.664307e-01,5.925719e-01,3.575475e-12
NOR2_X1,A_f_ZN_r,delay,2,2,M3,P,u0,-5.044000e-11,4.303315e-02,-2.170592e-12,3.390094e-01,6.257288e-01,-1.513200e-12
NOR2_X1,A_f_ZN_r,delay,2,2,M4,P,vth,1.638900e-10,9.467293e-03,1.551595e-12,1.732255e-01,4.074281e-01,2.458350e-12
NOR2_X1,A_f_ZN_r,delay,2,2,M4,P,u0,-3.017000e-11,4.303315e-02,-1.29831e-12,1.212864e-01,3.742712e-01,-9.051000e-13
NOR2_X1,A_f_ZN_r,trans,2,2,M1,N,vth,-2.000000e-14,2.108185e-02,-4.21637e-16,1.445225e-08,6.666667e-01,-3.000000e-16
NOR2_X1,A_f_ZN_r,trans,2,2,M1,N,u0,2.500000e-15,1.054093e-01,2.635232e-16,5.645414e-09,1.000000e+00,7.500000e-17
NOR2_X1,A_f_ZN_r,trans,2,2,M2,N,vth,-1.000000e-14,2.108185e-02,-2.108185e-16,3.613061e-09,3.333333e-01,-1.500000e-16
NOR2_X1,A_f_ZN_r,trans,2,2,M2,N,u0,0.000000e+00,1.054093e-01,0.0,0.000000e+00,0.000000e+00,0.000000e+00
NOR2_X1,A_f_ZN_r,trans,2,2,M3,P,vth,1.333850e-10,9.467293e-03,1.262795e-12,1.296354e-01,4.183512e-01,2.000775e-12
NOR2_X1,A_f_ZN_r,trans,2,2,M3,P,u0,-4.940250e-11,4.303315e-02,-2.125945e-12,3.674193e-01,5.468205e-01,-1.482075e-12
NOR2_X1,A_f_ZN_r,trans,2,2,M4,P,vth,1.854500e-10,9.467293e-03,1.755709e-12,2.505897e-01,5.816488e-01,2.781750e-12
NOR2_X1,A_f_ZN_r,trans,2,2,M4,P,u0,-4.094250e-11,4.303315e-02,-1.761885e-12,2.523556e-01,4.531795e-01,-1.228275e-12
NOR2_X1,B_r_ZN_f,delay,0,0,M1,N,vth,2.000000e-15,2.108185e-02,4.21637e-17,1.198101e-09,4.051905e-05,3.000000e-17
NOR2_X1,B_r_ZN_f,delay,0,0,M1,N,u0,0.000000e+00,1.054093e-01,0.0,0.000000e+00,-0.000000e+00,0.000000e+00
NOR2_X1,B_r_ZN_f,delay,0,0,M2,N,vth,4.935750e-11,2.108185e-02,1.040547e-12,7.296922e-01,9.999595e-01,7.403625e-13
NOR2_X1,B_r_ZN_f,delay,0,0,M2,N,u0,-6.004250e-12,1.054093e-01,-6.329038e-13,2.699550e-01,1.000000e+00,-1.801275e-13
NOR2_X1,B_r_ZN_f,delay,0,0,M3,P,vth,6.185000e-13,9.467293e-03,5.855521e-15,2.310718e-05,-1.410490e+00,9.277500e-15
NOR2_X1,B_r_ZN_f,delay,0,0,M3,P,u0,-2.752500e-13,4.303315e-02,-1.184487e-14,9.455335e-05,4.289053e-01,-8.257500e-15
NOR2_X1,B_r_ZN_f,delay,0,0,M4,P,vth,-1.057000e-12,9.467293e-03,-1.000693e-14,6.748661e-05,2.410490e+00,-1.585500e-14
NOR2_X1,B_r_ZN_f,delay,0,0,M4,P,u0,-3.665000e-13,4.303315e-02,-1.577165e-14,1.676371e-04,5.710947e-01,-1.099500e-14
NOR2_X1,B_r_ZN_f,trans,0,0,M1,N,vth,5.000000e-16,2.108185e-02,1.054093e-17,1.244187e-10,1.406272e-05,7.500000e-18
NOR2_X1,B_r_ZN_f,trans,0,0,M1,N,u0,0.000000e+00,1.054093e-01,0.0,0.000000e+00,-0.000000e+00,0.000000e+00
NOR2_X1,B_r_ZN_f,trans,0,0,M2,N,vth,3.555450e-11,2.108185e-02,7.495546e-13,6.291217e-01,9.999859e-01,5.333175e-13
NOR2_X1,B_r_ZN_f,trans,0,0,M2,N,u0,-5.459750e-12,1.054093e-01,-5.755084e-13,3.708783e-01,1.000000e+00,-1.637925e-13
NOR2_X1,B_r_ZN_f,trans,0,0,M3,P,vth,5.000000e-16,9.467293e-03,4.733647e-18,2.509110e-11,-5.000000e-01,7.500000e-18
NOR2_X1,B_r_ZN_f,trans,0,0,M3,P,u0,-2.500000e-16,4.303315e-02,-1.075829e-17,1.296028e-10,5.000000e-01,-7.500000e-18
NOR2_X1,B_r_ZN_f,trans,0,0,M4,P,vth,-1.500000e-15,9.467293e-03,-1.420094e-17,2.258199e-10,1.500000e+00,-2.250000e-17
NOR2_X1,B_r_ZN_f,trans,0,0,M4,P,u0,-2.500000e-16,4.303315e-02,-1.075829e-17,1.296028e-10,5.000000e-01,-7.500000e-18
NOR2_X1,B_r_ZN_f,delay,0,1,M1,N,vth,3.000000e-15,2.108185e-02,6.324555e-17,1.090876e-09,3.902845e-05,4.500000e-17
NOR2_X1,B_r_ZN_f,delay,0,1,M1,N,u0,0.000000e+00,1.054093e-01,0.0,0.000000e+00,-0.000000e+00,0.000000e+00
NOR2_X1,B_r_ZN_f,delay,0,1,M2,N,vth,7.686400e-11,2.108185e-02,1.620435e-12,7.161084e-01,9.999610e-01,1.152960e-12
NOR2_X1,B_r_ZN_f,delay,0,1,M2,N,u0,-9.674000e-12,1.054093e-01,-1.01973e-12,2.835864e-01,1.000000e+00,-2.902200e-13
NOR2_X1,B_r_ZN_f,delay,0,1,M3,P,vth,6.070000e-13,9.467293e-03,5.746647e-15,9.006258e-06,-2.294029e-01,9.105000e-15
NOR2_X1,B_r_ZN_f,delay,0,1,M3,P,u0,-2.682500e-13,4.303315e-02,-1.154364e-14,3.634135e-05,8.482213e-01,-8.047500e-15
NOR2_X1,B_r_ZN_f,delay,0,1,M4,P,vth,-3.253000e-12,9.467293e-03,-3.07971e-14,2.586635e-04,1.229403e+00,-4.879500e-14
NOR2_X1,B_r_ZN_f,delay,0,1,M4,P,u0,-4.800000e-14,4.303315e-02,-2.065591e-15,1.163601e-06,1.517787e-01,-1.440000e-15
NOR2_X1,B_r_ZN_f,trans,0,1,M1,N,vth,1.000000e-15,2.108185e-02,2.108185e-17,1.392457e-10,1.487597e-05,1.500000e-17
NOR2_X1,B_r_ZN_f,trans,0,1,M1,N,u0,0.000000e+00,1.054093e-01,0.0,0.000000e+00,-0.000000e+00,0.000000e+00
NOR2_X1,B_r_ZN_f,trans,0,1,M2,N,vth,6.722150e-11,2.108185e-02,1.417154e-12,6.292137e-01,9.999851e-01,1.008322e-12
NOR2_X1,B_r_ZN_f,trans,0,1,M2,N,u0,-1.032050e-11,1.054093e-01,-1.087877e-12,3.707863e-01,1.000000e+00,-3.096150e-13
NOR2_X1,B_r_ZN_f,trans,0,1,M3,P,vth,0.000000e+00,9.467293e-03,0.0,0.000000e+00,-0.000000e+00,0.000000e+00
NOR2_X1,B_r_ZN_f,trans,0,1,M3,P,u0,0.000000e+00,4.303315e-02,0.0,0.000000e+00,,0.000000e+00
NOR2_X1,B_r_ZN_f,trans,0,1,M4,P,vth,-1.000000e-15,9.467293e-03,-9.467293e-18,2.808122e-11,1.000000e+00,-1.500000e-17
NOR2_X1,B_r_ZN_f,trans,0,1,M4,P,u0,0.000000e+00,4.303315e-02,0.0,0.000000e+00,,0.000000e+00
NOR2_X1,B_r_ZN_f,delay,0,2,M1,N,vth,6.500000e-15,2.108185e-02,1.37032e-16,1.394718e-09,4.454740e-05,9.750000e-17
NOR2_X1,B_r_ZN_f,delay,0,2,M1,N,u0,-2.500000e-16,1.054093e-01,-2.635233e-17,5.157987e-11,1.317766e-05,-7.500000e-18
NOR2_X1,B_r_ZN_f,delay,0,2,M2,N,vth,1.459055e-10,2.108185e-02,3.075958e-12,7.027536e-01,9.999555e-01,2.188582e-12
NOR2_X1,B_r_ZN_f,delay,0,2,M2,N,u0,-1.897125e-11,1.054093e-01,-1.999746e-12,2.970244e-01,9.999868e-01,-5.691375e-13
NOR2_X1,B_r_ZN_f,delay,0,2,M3,P,vth,6.155000e-13,9.467293e-03,5.827119e-15,2.522029e-06,-1.271038e-01,9.232500e-15
NOR2_X1,B_r_ZN_f,delay,0,2,M3,P,u0,-2.705000e-13,4.303315e-02,-1.164047e-14,1.006429e-05,-2.003704e+01,-8.115000e-15
NOR2_X1,B_r_ZN_f,delay,0,2,M4,P,vth,-5.458000e-12,9.467293e-03,-5.167249e-14,1.983175e-04,1.127104e+00,-8.187000e-14
NOR2_X1,B_r_ZN_f,delay,0,2,M4,P,u0,2.840000e-13,4.303315e-02,1.222141e-14,1.109393e-05,2.103704e+01,8.520000e-15
NOR2_X1,B_r_ZN_f,trans,0,2,M1,N,vth,2.500000e-15,2.108185e-02,5.270462e-17,1.710211e-10,1.648549e-05,3.750000e-17
NOR2_X1,B_r_ZN_f,trans,0,2,M1,N,u0,-2.500000e-16,1.054093e-01,-2.635233e-17,4.275532e-11,1.073883e-05,-7.500000e-18
NOR2_X1,B_r_ZN_f,trans,0,2,M2,N,vth,1.516460e-10,2.108185e-02,3.196978e-12,6.292623e-01,9.999835e-01,2.274690e-12
NOR2_X1,B_r_ZN_f,trans,0,2,M2,N,u0,-2.327975e-11,1.054093e-01,-2.453902e-12,3.707377e-01,9.999893e-01,-6.983925e-13
NOR2_X1,B_r_ZN_f,trans,0,2,M3,P,vth,0.000000e+00,9.467293e-03,0.0,0.000000e+00,-0.000000e+00,0.000000e+00
NOR2_X1,B_r_ZN_f,trans,0,2,M3,P,u0,0.000000e+00,4.303315e-02,0.0,0.000000e+00,,0.000000e+00
NOR2_X1,B_r_ZN_f,trans,0,2,M4,P,vth,-3.500000e-15,9.467293e-03,-3.313553e-17,6.759897e-11,1.000000e+00,-5.250000e-17
NOR2_X1,B_r_ZN_f,trans,0,2,M4,P,u0,0.000000e+00,4.303315e-02,0.0,0.000000e+00,,0.000000e+00
NOR2_X1,B_r_ZN_f,delay,1,0,M1,N,vth,2.000000e-15,2.108185e-02,4.21637e-17,8.322100e-10,3.244225e-05,3.000000e-17
NOR2_X1,B_r_ZN_f,delay,1,0,M1,N,u0,-2.500000e-16,1.054093e-01,-2.635233e-17,3.250823e-10,3.945084e-05,-7.500000e-18
NOR2_X1,B_r_ZN_f,delay,1,0,M2,N,vth,6.164600e-11,2.108185e-02,1.299612e-12,7.906472e-01,9.999676e-01,9.246900e-13
NOR2_X1,B_r_ZN_f,delay,1,0,M2,N,u0,-6.336750e-12,1.054093e-01,-6.679524e-13,2.088558e-01,9.999605e-01,-1.901025e-13
NOR2_X1,B_r_ZN_f,delay,1,0,M3,P,vth,1.179000e-12,9.467293e-03,1.116194e-14,5.832231e-05,9.386943e-01,1.768500e-14
NOR2_X1,B_r_ZN_f,delay,1,0,M3,P,u0,-5.072500e-13,4.303315e-02,-2.182857e-14,2.230519e-04,5.043500e-01,-1.521750e-14
NOR2_X1,B_r_ZN_f,delay,1,0,M4,P,vth,7.700000e-14,9.467293e-03,7.289816e-16,2.487646e-07,6.130573e-02,1.155000e-15
NOR2_X1,B_r_ZN_f,delay,1,0,M4,P,u0,-4.985000e-13,4.303315e-02,-2.145203e-14,2.154230e-04,4.956500e-01,-1.495500e-14
NOR2_X1,B_r_ZN_f,trans,1,0,M1,N,vth,0.000000e+00,2.108185e-02,0.0,0.000000e+00,0.000000e+00,0.000000e+00
NOR2_X1,B_r_ZN_f,trans,1,0,M1,N,u0,0.000000e+00,1.054093e-01,0.0,0.000000e+00,-0.000000e+00,0.000000e+00
NOR2_X1,B_r_ZN_f,trans,1,0,M2,N,vth,2.259400e-11,2.108185e-02,4.763233e-13,5.240657e-01,1.000000e+00,3.389100e-13
NOR2_X1,B_r_ZN_f,trans,1,0,M2,N,u0,-4.305000e-12,1.054093e-01,-4.53787e-13,4.756486e-01,1.000000e+00,-1.291500e-13
NOR2_X1,B_r_ZN_f,trans,1,0,M3,P,vth,-4.020000e-13,9.467293e-03,-3.805852e-15,3.345691e-05,9.337979e-01,-6.030000e-15
NOR2_X1,B_r_ZN_f,trans,1,0,M3,P,u0,1.730000e-13,4.303315e-02,7.444735e-15,1.280208e-04,5.040058e-01,5.190000e-15
NOR2_X1,B_r_ZN_f,trans,1,0,M4,P,vth,-2.850000e-14,9.467293e-03,-2.698179e-16,1.681603e-07,6.620209e-02,-4.275000e-16
NOR2_X1,B_r_ZN_f,trans,1,0,M4,P,u0,1.702500e-13,4.303315e-02,7.326394e-15,1.239831e-04,4.959942e-01,5.107500e-15
NOR2_X1,B_r_ZN_f,delay,1,1,M1,N,vth,3.500000e-15,2.108185e-02,7.378647e-17,1.138363e-09,3.865225e-05,5.250000e-17
NOR2_X1,B_r_ZN_f,delay,1,1,M1,N,u0,-2.500000e-16,1.054093e-01,-2.635233e-17,1.451995e-10,2.470600e-05,-7.500000e-18
NOR2_X1,B_r_ZN_f,delay,1,1,M2,N,vth,9.054750e-11,2.108185e-02,1.908909e-12,7.618995e-01,9.999613e-01,1.358212e-12
NOR2_X1,B_r_ZN_f,delay,1,1,M2,N,u0,-1.011875e-11,1.054093e-01,-1.06661e-12,2.378696e-01,9.999753e-01,-3.035625e-13
NOR2_X1,B_r_ZN_f,delay,1,1,M3,P,vth,1.333000e-12,9.467293e-03,1.26199e-14,3.329962e-05,2.904139e+00,1.999500e-14
NOR2_X1,B_r_ZN_f,delay,1,1,M3,P,u0,-5.705000e-13,4.303315e-02,-2.455041e-14,1.260216e-04,5.973822e-01,-1.711500e-14
NOR2_X1,B_r_ZN_f,delay,1,1,M4,P,vth,-8.740000e-13,9.467293e-03,-8.274414e-15,1.431535e-05,-1.904139e+00,-1.311000e-14
NOR2_X1,B_r_ZN_f,delay,1,1,M4,P,u0,-3.845000e-13,4.303315e-02,-1.654625e-14,5.724352e-05,4.026178e-01,-1.153500e-14
NOR2_X1,B_r_ZN_f,trans,1,1,M1,N,vth,1.500000e-15,2.108185e-02,3.162277e-17,3.133765e-10,2.231446e-05,2.250000e-17
NOR2_X1,B_r_ZN_f,trans,1,1,M1,N,u0,-2.500000e-16,1.054093e-01,-2.635233e-17,2.176227e-10,2.422950e-05,-7.500000e-18
NOR2_X1,B_r_ZN_f,trans,1,1,M2,N,vth,6.721950e-11,2.108185e-02,1.417111e-12,6.293242e-01,9.999777e-01,1.008292e-12
NOR2_X1,B_r_ZN_f,trans,1,1,M2,N,u0,-1.031775e-11,1.054093e-01,-1.087587e-12,3.706758e-01,9.999758e-01,-3.095325e-13
NOR2_X1,B_r_ZN_f,trans,1,1,M3,P,vth,4.000000e-15,9.467293e-03,3.786917e-17,4.494051e-10,8.000000e+00,6.000000e-17
NOR2_X1,B_r_ZN_f,trans,1,1,M3,P,u0,-1.500000e-15,4.303315e-02,-6.454972e-17,1.305735e-09,6.000000e-01,-4.500000e-17
NOR2_X1,B_r_ZN_f,trans,1,1,M4,P,vth,-3.500000e-15,9.467293e-03,-3.313553e-17,3.440758e-10,-7.000000e+00,-5.250000e-17
NOR2_X1,B_r_ZN_f,trans,1,1,M4,P,u0,-1.000000e-15,4.303315e-02,-4.303315e-17,5.803269e-10,4.000000e-01,-3.000000e-17
NOR2_X1,B_r_ZN_f,delay,1,2,M1,N,vth,6.500000e-15,2.108185e-02,1.37032e-16,1.183186e-09,4.023510e-05,9.750000e-17
NOR2_X1,B_r_ZN_f,delay,1,2,M1,N,u0,-2.500000e-16,1.054093e-01,-2.635233e-17,4.375693e-11,1.275234e-05,-7.500000e-18
NOR2_X1,B_r_ZN_f,delay,1,2,M2,N,vth,1.615440e-10,2.108185e-02,3.405646e-12,7.308160e-01,9.999598e-01,2.423160e-12
NOR2_X1,B_r_ZN_f,delay,1,2,M2,N,u0,-1.960400e-11,1.054093e-01,-2.066444e-12,2.690644e-01,9.999872e-01,-5.881200e-13
NOR2_X1,B_r_ZN_f,delay,1,2,M3,P,vth,1.347000e-12,9.467293e-03,1.275244e-14,1.024698e-05,-6.125512e-01,2.020500e-14
NOR2_X1,B_r_ZN_f,delay,1,2,M3,P,u0,-5.730000e-13,4.303315e-02,-2.465799e-14,3.831109e-05,1.022758e+00,-1.719000e-14
NOR2_X1,B_r_ZN_f,delay,1,2,M4,P,vth,-3.546000e-12,9.467293e-03,-3.357102e-14,7.101303e-05,1.612551e+00,-5.319000e-14
NOR2_X1,B_r_ZN_f,delay,1,2,M4,P,u0,1.275000e-14,4.303315e-02,5.486727e-16,1.896861e-08,-2.275770e-02,3.825000e-16
NOR2_X1,B_r_ZN_f,trans,1,2,M1,N,vth,2.500000e-15,2.108185e-02,5.270462e-17,1.710232e-10,1.648555e-05,3.750000e-17
NOR2_X1,B_r_ZN_f,trans,1,2,M1,N,u0,0.000000e+00,1.054093e-01,0.0,0.000000e+00,-0.000000e+00,0.000000e+00
NOR2_X1,B_r_ZN_f,trans,1,2,M2,N,vth,1.516455e-10,2.108185e-02,3.196968e-12,6.292657e-01,9.999835e-01,2.274682e-12
NOR2_X1,B_r_ZN_f,trans,1,2,M2,N,u0,-2.327950e-11,1.054093e-01,-2.453876e-12,3.707343e-01,1.000000e+00,-6.983850e-13
NOR2_X1,B_r_ZN_f,trans,1,2,M3,P,vth,5.000000e-16,9.467293e-03,4.733647e-18,1.379587e-12,-1.250000e-01,7.500000e-18
NOR2_X1,B_r_ZN_f,trans,1,2,M3,P,u0,-5.000000e-16,4.303315e-02,-2.151657e-17,2.850387e-11,1.000000e+00,-1.500000e-17
NOR2_X1,B_r_ZN_f,trans,1,2,M4,P,vth,-4.500000e-15,9.467293e-03,-4.260282e-17,1.117466e-10,1.125000e+00,-6.750000e-17
NOR2_X1,B_r_ZN_f,trans,1,2,M4,P,u0,0.000000e+00,4.303315e-02,0.0,0.000000e+00,-0.000000e+00,0.000000e+00
NOR2_X1,B_r_ZN_f,delay,2,0,M1,N,vth,4.500000e-15,2.108185e-02,9.486832e-17,8.754059e-10,3.192440e-05,6.750000e-17
NOR2_X1,B_r_ZN_f,delay,2,0,M1,N,u0,-2.500000e-16,1.054093e-01,-2.635233e-17,6.754682e-11,2.190245e-05,-7.500000e-18
NOR2_X1,B_r_ZN_f,delay,2,0,M2,N,vth,1.409535e-10,2.108185e-02,2.971561e-12,8.588873e-01,9.999681e-01,2.114302e-12
NOR2_X1,B_r_ZN_f,delay,2,0,M2,N,u0,-1.141400e-11,1.054093e-01,-1.203142e-12,1.407993e-01,9.999781e-01,-3.424200e-13
NOR2_X1,B_r_ZN_f,delay,2,0,M3,P,vth,1.587500e-12,9.467293e-03,1.502933e-14,2.197081e-05,-5.150041e-01,2.381250e-14
NOR2_X1,B_r_ZN_f,delay,2,0,M3,P,u0,-6.700000e-13,4.303315e-02,-2.883221e-14,8.085798e-05,6.655078e-01,-2.010000e-14
NOR2_X1,B_r_ZN_f,delay,2,0,M4,P,vth,-4.670000e-12,9.467293e-03,-4.421226e-14,1.901308e-04,1.515004e+00,-7.005000e-14
NOR2_X1,B_r_ZN_f,delay,2,0,M4,P,u0,-3.367500e-13,4.303315e-02,-1.449141e-14,2.042624e-05,3.344922e-01,-1.010250e-14
NOR2_X1,B_r_ZN_f,trans,2,0,M1,N,vth,-1.500000e-15,2.108185e-02,-3.162277e-17,5.787997e-09,-2.196997e-04,-2.250000e-17
NOR2_X1,B_r_ZN_f,trans,2,0,M1,N,u0,2.500000e-16,1.054093e-01,2.635233e-17,4.019446e-09,-6.798559e-05,7.500000e-18
NOR2_X1,B_r_ZN_f,trans,2,0,M2,N,vth,6.829000e-12,2.108185e-02,1.43968e-13,1.199665e-01,1.000220e+00,1.024350e-13
NOR2_X1,B_r_ZN_f,trans,2,0,M2,N,u0,-3.677500e-12,1.054093e-01,-3.876427e-13,8.697443e-01,1.000068e+00,-1.103250e-13
NOR2_X1,B_r_ZN_f,trans,2,0,M3,P,vth,-1.280000e-12,9.467293e-03,-1.211814e-14,8.499628e-04,-6.589447e-01,-1.920000e-14
NOR2_X1,B_r_ZN_f,trans,2,0,M3,P,u0,5.400000e-13,4.303315e-02,2.32379e-14,3.125519e-03,6.474820e-01,1.620000e-14
NOR2_X1,B_r_ZN_f,trans,2,0,M4,P,vth,3.222500e-12,9.467293e-03,3.050835e-14,5.387234e-03,1.658945e+00,4.833750e-14
NOR2_X1,B_r_ZN_f,trans,2,0,M4,P,u0,2.940000e-13,4.303315e-02,1.265175e-14,9.264656e-04,3.525180e-01,8.820000e-15
NOR2_X1,B_r_ZN_f,delay,2,1,M1,N,vth,5.500000e-15,2.108185e-02,1.159502e-16,1.155703e-09,3.734003e-05,8.250000e-17
NOR2_X1,B_r_ZN_f,delay,2,1,M1,N,u0,-2.500000e-16,1.054093e-01,-2.635233e-17,5.969547e-11,1.868286e-05,-7.500000e-18
NOR2_X1,B_r_ZN_f,delay,2,1,M2,N,vth,1.472895e-10,2.108185e-02,3.105135e-12,8.288282e-01,9.999627e-01,2.209343e-12
NOR2_X1,B_r_ZN_f,delay,2,1,M2,N,u0,-1.338100e-11,1.054093e-01,-1.410482e-12,1.710167e-01,9.999813e-01,-4.014300e-13
NOR2_X1,B_r_ZN_f,delay,2,1,M3,P,vth,1.631000e-12,9.467293e-03,1.544115e-14,2.049571e-05,-8.321429e+00,2.446500e-14
NOR2_X1,B_r_ZN_f,delay,2,1,M3,P,u0,-6.875000e-13,4.303315e-02,-2.958529e-14,7.524111e-05,5.992591e-01,-2.062500e-14
NOR2_X1,B_r_ZN_f,delay,2,1,M4,P,vth,-1.827000e-12,9.467293e-03,-1.729674e-14,2.571771e-05,9.321429e+00,-2.740500e-14
NOR2_X1,B_r_ZN_f,delay,2,1,M4,P,u0,-4.597500e-13,4.303315e-02,-1.978449e-14,3.364754e-05,4.007409e-01,-1.379250e-14
NOR2_X1,B_r_ZN_f,trans,2,1,M1,N,vth,-2.000000e-15,2.108185e-02,-4.21637e-17,3.280399e-09,-1.242738e-04,-3.000000e-17
NOR2_X1,B_r_ZN_f,trans,2,1,M1,N,u0,0.000000e+00,1.054093e-01,0.0,0.000000e+00,-0.000000e+00,0.000000e+00
NOR2_X1,B_r_ZN_f,trans,2,1,M2,N,vth,1.609550e-11,2.108185e-02,3.393229e-13,2.124592e-01,1.000124e+00,2.414325e-13
NOR2_X1,B_r_ZN_f,trans,2,1,M2,N,u0,-6.190750e-12,1.054093e-01,-6.525626e-13,7.857666e-01,1.000000e+00,-1.857225e-13
NOR2_X1,B_r_ZN_f,trans,2,1,M3,P,vth,-1.199000e-12,9.467293e-03,-1.135128e-14,2.377602e-04,-1.776296e+01,-1.798500e-14
NOR2_X1,B_r_ZN_f,trans,2,1,M3,P,u0,5.055000e-13,4.303315e-02,2.175326e-14,8.731680e-04,5.969885e-01,1.516500e-14
NOR2_X1,B_r_ZN_f,trans,2,1,M4,P,vth,1.266500e-12,9.467293e-03,1.199033e-14,2.652841e-04,1.876296e+01,1.899750e-14
NOR2_X1,B_r_ZN_f,trans,2,1,M4,P,u0,3.412500e-13,4.303315e-02,1.468506e-14,3.979246e-04,4.030115e-01,1.023750e-14
NOR2_X1,B_r_ZN_f,delay,2,2,M1,N,vth,7.500000e-15,2.108185e-02,1.581139e-16,1.109907e-09,3.769214e-05,1.125000e-16
NOR2_X1,B_r_ZN_f,delay,2,2,M1,N,u0,-2.500000e-16,1.054093e-01,-2.635233e-17,3.083077e-11,1.187197e-05,-7.500000e-18
NOR2_X1,B_r_ZN_f,delay,2,2,M2,N,vth,1.989730e-10,2.108185e-02,4.194719e-12,7.811821e-01,9.999623e-01,2.984595e-12
NOR2_X1,B_r_ZN_f,delay,2,2,M2,N,u0,-2.105775e-11,1.054093e-01,-2.219683e-12,2.187401e-01,9.999881e-01,-6.317325e-13
NOR2_X1,B_r_ZN_f,delay,2,2,M3,P,vth,1.746500e-12,9.467293e-03,1.653463e-14,1.213767e-05,3.881111e+02,2.619750e-14
NOR2_X1,B_r_ZN_f,delay,2,2,M3,P,u0,-7.340000e-13,4.303315e-02,-3.158633e-14,4.429400e-05,6.855008e-01,-2.202000e-14
NOR2_X1,B_r_ZN_f,delay,2,2,M4,P,vth,-1.742000e-12,9.467293e-03,-1.649202e-14,1.207520e-05,-3.871111e+02,-2.613000e-14
NOR2_X1,B_r_ZN_f,delay,2,2,M4,P,u0,-3.367500e-13,4.303315e-02,-1.449141e-14,9.323265e-06,3.144992e-01,-1.010250e-14
NOR2_X1,B_r_ZN_f,trans,2,2,M1,N,vth,1.000000e-15,2.108185e-02,2.108185e-17,3.753578e-11,7.981642e-06,1.500000e-17
NOR2_X1,B_r_ZN_f,trans,2,2,M1,N,u0,0.000000e+00,1.054093e-01,0.0,0.000000e+00,-0.000000e+00,0.000000e+00
NOR2_X1,B_r_ZN_f,trans,2,2,M2,N,vth,1.252865e-10,2.108185e-02,2.641271e-12,5.891882e-01,9.999920e-01,1.879298e-12
NOR2_X1,B_r_ZN_f,trans,2,2,M2,N,u0,-2.092300e-11,1.054093e-01,-2.205479e-12,4.108032e-01,1.000000e+00,-6.276900e-13
NOR2_X1,B_r_ZN_f,trans,2,2,M3,P,vth,-4.215000e-13,9.467293e-03,-3.990464e-15,1.344853e-06,6.484615e+01,-6.322500e-15
NOR2_X1,B_r_ZN_f,trans,2,2,M3,P,u0,1.770000e-13,4.303315e-02,7.616868e-15,4.899828e-06,6.853824e-01,5.310000e-15
NOR2_X1,B_r_ZN_f,trans,2,2,M4,P,vth,4.150000e-13,9.467293e-03,3.928927e-15,1.303695e-06,-6.384615e+01,6.225000e-15
NOR2_X1,B_r_ZN_f,trans,2,2,M4,P,u0,8.125000e-14,4.303315e-02,3.496443e-15,1.032479e-06,3.146176e-01,2.437500e-15
NOR2_X1,B_f_ZN_r,delay,0,0,M1,N,vth,5.000000e-16,2.108185e-02,1.054093e-17,1.528091e-10,1.776830e-04,7.500000e-18
NOR2_X1,B_f_ZN_r,delay,0,0,M1,N,u0,0.000000e+00,1.054093e-01,0.0,0.000000e+00,-0.000000e+00,0.000000e+00
NOR2_X1,B_f_ZN_r,delay,0,0,M2,N,vth,2.813500e-12,2.108185e-02,5.931378e-14,4.838415e-03,9.998223e-01,4.220250e-14
NOR2_X1,B_f_ZN_r,delay,0,0,M2,N,u0,-3.862500e-13,1.054093e-01,-4.071434e-14,2.279747e-03,1.000000e+00,-1.158750e-14
NOR2_X1,B_f_ZN_r,delay,0,0,M3,P,vth,2.149750e-11,9.467293e-03,2.035231e-13,5.696648e-02,2.567540e-01,3.224625e-13
NOR2_X1,B_f_ZN_r,delay,0,0,M3,P,u0,-7.573250e-12,4.303315e-02,-3.259008e-13,1.460706e-01,4.060724e-01,-2.271975e-13
NOR2_X1,B_f_ZN_r,delay,0,0,M4,P,vth,6.223050e-11,9.467293e-03,5.891544e-13,4.773644e-01,7.432460e-01,9.334575e-13
NOR2_X1,B_f_ZN_r,delay,0,0,M4,P,u0,-1.107675e-11,4.303315e-02,-4.766674e-13,3.124804e-01,5.939276e-01,-3.323025e-13
NOR2_X1,B_f_ZN_r,trans,0,0,M1,N,vth,-2.000000e-15,2.108185e-02,-4.21637e-17,2.121967e-09,-1.294498e-02,-3.000000e-17
NOR2_X1,B_f_ZN_r,trans,0,0,M1,N,u0,0.000000e+00,1.054093e-01,0.0,0.000000e+00,-0.000000e+00,0.000000e+00
NOR2_X1,B_f_ZN_r,trans,0,0,M2,N,vth,1.565000e-13,2.108185e-02,3.29931e-15,1.299293e-05,1.012945e+00,2.347500e-15
NOR2_X1,B_f_ZN_r,trans,0,0,M2,N,u0,-2.175000e-14,1.054093e-01,-2.292652e-15,6.273899e-06,1.000000e+00,-6.525000e-16
NOR2_X1,B_f_ZN_r,trans,0,0,M3,P,vth,3.967950e-11,9.467293e-03,3.756575e-13,1.684400e-01,5.079041e-01,5.951925e-13
NOR2_X1,B_f_ZN_r,trans,0,0,M3,P,u0,-1.452300e-11,4.303315e-02,-6.249704e-13,4.662084e-01,5.999938e-01,-4.356900e-13
NOR2_X1,B_f_ZN_r,trans,0,0,M4,P,vth,3.844450e-11,9.467293e-03,3.639653e-13,1.581180e-01,4.920959e-01,5.766675e-13
NOR2_X1,B_f_ZN_r,trans,0,0,M4,P,u0,-9.682250e-12,4.303315e-02,-4.166577e-13,2.072144e-01,4.000062e-01,-2.904675e-13
NOR2_X1,B_f_ZN_r,delay,0,1,M1,N,vth,-5.000000e-16,2.108185e-02,-1.054093e-17,5.705110e-11,-2.936858e-04,-7.500000e-18
NOR2_X1,B_f_ZN_r,delay,0,1,M1,N,u0,0.000000e+00,1.054093e-01,0.0,0.000000e+00,-0.000000e+00,0.000000e+00
NOR2_X1,B_f_ZN_r,delay,0,1,M2,N,vth,1.703000e-12,2.108185e-02,3.590239e-14,6.618405e-04,1.000294e+00,2.554500e-14
NOR2_X1,B_f_ZN_r,delay,0,1,M2,N,u0,-2.887500e-13,1.054093e-01,-3.043694e-14,4.756730e-04,1.000000e+00,-8.662500e-15
NOR2_X1,B_f_ZN_r,delay,0,1,M3,P,vth,4.152850e-11,9.467293e-03,3.931625e-13,7.936897e-02,2.999996e-01,6.229275e-13
NOR2_X1,B_f_ZN_r,delay,0,1,M3,P,u0,-1.474050e-11,4.303315e-02,-6.343301e-13,2.066033e-01,4.617336e-01,-4.422150e-13
NOR2_X1,B_f_ZN_r,delay,0,1,M4,P,vth,9.690000e-11,9.467293e-03,9.173807e-13,4.321214e-01,7.000004e-01,1.453500e-12
NOR2_X1,B_f_ZN_r,delay,0,1,M4,P,u0,-1.718375e-11,4.303315e-02,-7.394709e-13,2.807688e-01,5.382664e-01,-5.155125e-13
NOR2_X1,B_f_ZN_r,trans,0,1,M1,N,vth,-3.500000e-15,2.108185e-02,-7.378647e-17,2.056998e-09,-2.058824e-01,-5.250000e-17
NOR2_X1,B_f_ZN_r,trans,0,1,M1,N,u0,0.000000e+00,1.054093e-01,0.0,0.000000e+00,-0.000000e+00,0.000000e+00
NOR2_X1,B_f_ZN_r,trans,0,1,M2,N,vth,2.050000e-14,2.108185e-02,4.321779e-16,7.056763e-08,1.205882e+00,3.075000e-16
NOR2_X1,B_f_ZN_r,trans,0,1,M2,N,u0,-4.000000e-15,1.054093e-01,-4.216372e-16,6.716735e-08,1.000000e+00,-1.200000e-16
NOR2_X1,B_f_ZN_r,trans,0,1,M3,P,vth,6.652350e-11,9.467293e-03,6.297975e-13,1.498588e-01,4.605009e-01,9.978525e-13
NOR2_X1,B_f_ZN_r,trans,0,1,M3,P,u0,-2.440925e-11,4.303315e-02,-1.050407e-12,4.168651e-01,5.750795e-01,-7.322775e-13
NOR2_X1,B_f_ZN_r,trans,0,1,M4,P,vth,7.793550e-11,9.467293e-03,7.378382e-13,2.056850e-01,5.394991e-01,1.169032e-12
NOR2_X1,B_f_ZN_r,trans,0,1,M4,P,u0,-1.803575e-11,4.303315e-02,-7.761351e-13,2.275910e-01,4.249205e-01,-5.410725e-13
NOR2_X1,B_f_ZN_r,delay,0,2,M1,N,vth,-3.000000e-15,2.108185e-02,-6.324555e-17,4.982686e-10,-6.042296e-03,-4.500000e-17
NOR2_X1,B_f_ZN_r,delay,0,2,M1,N,u0,0.000000e+00,1.054093e-01,0.0,0.000000e+00,-0.000000e+00,0.000000e+00
NOR2_X1,B_f_ZN_r,delay,0,2,M2,N,vth,4.995000e-13,2.108185e-02,1.053038e-14,1.381313e-05,1.006042e+00,7.492500e-15
NOR2_X1,B_f_ZN_r,delay,0,2,M2,N,u0,-1.585000e-13,1.054093e-01,-1.670737e-14,3.477122e-05,1.000000e+00,-4.755000e-15
NOR2_X1,B_f_ZN_r,delay,0,2,M3,P,vth,9.380950e-11,9.467293e-03,8.88122e-13,9.825369e-02,3.338262e-01,1.407143e-12
NOR2_X1,B_f_ZN_r,delay,0,2,M3,P,u0,-3.345950e-11,4.303315e-02,-1.439868e-12,2.582550e-01,5.029821e-01,-1.003785e-12
NOR2_X1,B_f_ZN_r,delay,0,2,M4,P,vth,1.872035e-10,9.467293e-03,1.77231e-12,3.912760e-01,6.661738e-01,2.808052e-12
NOR2_X1,B_f_ZN_r,delay,0,2,M4,P,u0,-3.306275e-11,4.303315e-02,-1.422794e-12,2.521667e-01,4.970179e-01,-9.918825e-13
NOR2_X1,B_f_ZN_r,trans,0,2,M1,N,vth,-1.000000e-14,2.108185e-02,-2.108185e-16,3.574552e-09,5.000000e-01,-1.500000e-16
NOR2_X1,B_f_ZN_r,trans,0,2,M1,N,u0,0.000000e+00,1.054093e-01,0.0,0.000000e+00,,0.000000e+00
NOR2_X1,B_f_ZN_r,trans,0,2,M2,N,vth,-1.000000e-14,2.108185e-02,-2.108185e-16,3.574552e-09,5.000000e-01,-1.500000e-16
NOR2_X1,B_f_ZN_r,trans,0,2,M2,N,u0,0.000000e+00,1.054093e-01,0.0,0.000000e+00,,0.000000e+00
NOR2_X1,B_f_ZN_r,trans,0,2,M3,P,vth,1.352600e-10,9.467293e-03,1.280546e-12,1.318847e-01,4.207023e-01,2.028900e-12
NOR2_X1,B_f_ZN_r,trans,0,2,M3,P,u0,-4.964250e-11,4.303315e-02,-2.136273e-12,3.670437e-01,5.473565e-01,-1.489275e-12
NOR2_X1,B_f_ZN_r,trans,0,2,M4,P,vth,1.862500e-10,9.467293e-03,1.763283e-12,2.500624e-01,5.792977e-01,2.793750e-12
NOR2_X1,B_f_ZN_r,trans,0,2,M4,P,u0,-4.105250e-11,4.303315e-02,-1.766618e-12,2.510092e-01,4.526435e-01,-1.231575e-12
NOR2_X1,B_f_ZN_r,delay,1,0,M1,N,vth,-5.000000e-16,2.108185e-02,-1.054093e-17,1.339558e-10,-2.308936e-04,-7.500000e-18
NOR2_X1,B_f_ZN_r,delay,1,0,M1,N,u0,0.000000e+00,1.054093e-01,0.0,0.000000e+00,-0.000000e+00,0.000000e+00
NOR2_X1,B_f_ZN_r,delay,1,0,M2,N,vth,2.166000e-12,2.108185e-02,4.566329e-14,2.513845e-03,1.000231e+00,3.249000e-14
NOR2_X1,B_f_ZN_r,delay,1,0,M2,N,u0,-3.230000e-13,1.054093e-01,-3.40472e-14,1.397549e-03,1.000000e+00,-9.690000e-15
NOR2_X1,B_f_ZN_r,delay,1,0,M3,P,vth,1.781500e-11,9.467293e-03,1.686598e-13,3.429473e-02,1.947740e-01,2.672250e-13
NOR2_X1,B_f_ZN_r,delay,1,0,M3,P,u0,-6.460750e-12,4.303315e-02,-2.780264e-13,9.319148e-02,3.648338e-01,-1.938225e-13
NOR2_X1,B_f_ZN_r,delay,1,0,M4,P,vth,7.365000e-11,9.467293e-03,6.972661e-13,5.861398e-01,8.052260e-01,1.104750e-12
NOR2_X1,B_f_ZN_r,delay,1,0,M4,P,u0,-1.124800e-11,4.303315e-02,-4.840369e-13,2.824626e-01,6.351662e-01,-3.374400e-13
NOR2_X1,B_f_ZN_r,trans,1,0,M1,N,vth,-2.000000e-15,2.108185e-02,-4.21637e-17,3.052174e-09,2.673797e-03,-3.000000e-17
NOR2_X1,B_f_ZN_r,trans,1,0,M1,N,u0,0.000000e+00,1.054093e-01,0.0,0.000000e+00,0.000000e+00,0.000000e+00
NOR2_X1,B_f_ZN_r,trans,1,0,M2,N,vth,-7.460000e-13,2.108185e-02,-1.572706e-14,4.246460e-04,9.973262e-01,-1.119000e-14
NOR2_X1,B_f_ZN_r,trans,1,0,M2,N,u0,1.120000e-13,1.054093e-01,1.180584e-14,2.392907e-04,1.000000e+00,3.360000e-15
NOR2_X1,B_f_ZN_r,trans,1,0,M3,P,vth,3.501750e-11,9.467293e-03,3.315209e-13,1.886921e-01,6.044117e-01,5.252625e-13
NOR2_X1,B_f_ZN_r,trans,1,0,M3,P,u0,-1.281725e-11,4.303315e-02,-5.515666e-13,5.223095e-01,6.133829e-01,-3.845175e-13
NOR2_X1,B_f_ZN_r,trans,1,0,M4,P,vth,2.291900e-11,9.467293e-03,2.169809e-13,8.083043e-02,3.955883e-01,3.437850e-13
NOR2_X1,B_f_ZN_r,trans,1,0,M4,P,u0,-8.078750e-12,4.303315e-02,-3.476541e-13,2.075040e-01,3.866171e-01,-2.423625e-13
NOR2_X1,B_f_ZN_r,delay,1,1,M1,N,vth,-1.000000e-15,2.108185e-02,-2.108185e-17,2.076889e-10,-4.021717e-04,-1.500000e-17
NOR2_X1,B_f_ZN_r,delay,1,1,M1,N,u0,0.000000e+00,1.054093e-01,0.0,0.000000e+00,-0.000000e+00,0.000000e+00
NOR2_X1,B_f_ZN_r,delay,1,1,M2,N,vth,2.487500e-12,2.108185e-02,5.24411e-14,1.285107e-03,1.000402e+00,3.731250e-14
NOR2_X1,B_f_ZN_r,delay,1,1,M2,N,u0,-3.932500e-13,1.054093e-01,-4.145221e-14,8.029548e-04,1.000000e+00,-1.179750e-14
NOR2_X1,B_f_ZN_r,delay,1,1,M3,P,vth,3.771400e-11,9.467293e-03,3.570495e-13,5.957343e-02,2.546376e-01,5.657100e-13
NOR2_X1,B_f_ZN_r,delay,1,1,M3,P,u0,-1.358375e-11,4.303315e-02,-5.845516e-13,1.596766e-01,4.355267e-01,-4.075125e-13
NOR2_X1,B_f_ZN_r,delay,1,1,M4,P,vth,1.103945e-10,9.467293e-03,1.045137e-12,5.104372e-01,7.453624e-01,1.655918e-12
NOR2_X1,B_f_ZN_r,delay,1,1,M4,P,u0,-1.760550e-11,4.303315e-02,-7.576201e-13,2.682247e-01,5.644733e-01,-5.281650e-13
NOR2_X1,B_f_ZN_r,trans,1,1,M1,N,vth,-3.500000e-15,2.108185e-02,-7.378647e-17,2.017398e-09,-2.456140e-02,-5.250000e-17
NOR2_X1,B_f_ZN_r,trans,1,1,M1,N,u0,2.500000e-16,1.054093e-01,2.635233e-17,2.573214e-10,-1.075269e-02,7.500000e-18
NOR2_X1,B_f_ZN_r,trans,1,1,M2,N,vth,1.460000e-13,2.108185e-02,3.07795e-15,3.510436e-06,1.024561e+00,2.190000e-15
NOR2_X1,B_f_ZN_r,trans,1,1,M2,N,u0,-2.350000e-14,1.054093e-01,-2.477119e-15,2.273692e-06,1.010753e+00,-7.050000e-16
NOR2_X1,B_f_ZN_r,trans,1,1,M3,P,vth,6.589000e-11,9.467293e-03,6.237999e-13,1.441878e-01,4.484052e-01,9.883500e-13
NOR2_X1,B_f_ZN_r,trans,1,1,M3,P,u0,-2.417650e-11,4.303315e-02,-1.040391e-12,4.010801e-01,5.656248e-01,-7.252950e-13
NOR2_X1,B_f_ZN_r,trans,1,1,M4,P,vth,8.105300e-11,9.467293e-03,7.673525e-13,2.181865e-01,5.515948e-01,1.215795e-12
NOR2_X1,B_f_ZN_r,trans,1,1,M4,P,u0,-1.856650e-11,4.303315e-02,-7.98975e-13,2.365399e-01,4.343752e-01,-5.569950e-13
NOR2_X1,B_f_ZN_r,delay,1,2,M1,N,vth,-3.000000e-15,2.108185e-02,-6.324555e-17,4.747919e-10,-1.776725e-03,-4.500000e-17
NOR2_X1,B_f_ZN_r,delay,1,2,M1,N,u0,2.500000e-16,1.054093e-01,2.635233e-17,8.242923e-11,-7.886435e-04,7.500000e-18
NOR2_X1,B_f_ZN_r,delay,1,2,M2,N,vth,1.691500e-12,2.108185e-02,3.565995e-14,1.509402e-04,1.001777e+00,2.537250e-14
NOR2_X1,B_f_ZN_r,delay,1,2,M2,N,u0,-3.172500e-13,1.054093e-01,-3.34411e-14,1.327408e-04,1.000789e+00,-9.517500e-15
NOR2_X1,B_f_ZN_r,delay,1,2,M3,P,vth,9.029200e-11,9.467293e-03,8.548208e-13,8.673483e-02,3.090160e-01,1.354380e-12
NOR2_X1,B_f_ZN_r,delay,1,2,M3,P,u0,-3.241175e-11,4.303315e-02,-1.39478e-12,2.309163e-01,4.908844e-01,-9.723525e-13
NOR2_X1,B_f_ZN_r,delay,1,2,M4,P,vth,2.019000e-10,9.467293e-03,1.911446e-12,4.336782e-01,6.909840e-01,3.028500e-12
NOR2_X1,B_f_ZN_r,delay,1,2,M4,P,u0,-3.361550e-11,4.303315e-02,-1.446581e-12,2.483870e-01,5.091156e-01,-1.008465e-12
NOR2_X1,B_f_ZN_r,trans,1,2,M1,N,vth,-1.000000e-14,2.108185e-02,-2.108185e-16,3.572969e-09,1.000000e+00,-1.500000e-16
NOR2_X1,B_f_ZN_r,trans,1,2,M1,N,u0,0.000000e+00,1.054093e-01,0.0,0.000000e+00,,0.000000e+00
NOR2_X1,B_f_ZN_r,trans,1,2,M2,N,vth,0.000000e+00,2.108185e-02,0.0,0.000000e+00,-0.000000e+00,0.000000e+00
NOR2_X1,B_f_ZN_r,trans,1,2,M2,N,u0,0.000000e+00,1.054093e-01,0.0,0.000000e+00,,0.000000e+00
NOR2_X1,B_f_ZN_r,trans,1,2,M3,P,vth,1.352450e-10,9.467293e-03,1.280404e-12,1.317971e-01,4.204987e-01,2.028675e-12
NOR2_X1,B_f_ZN_r,trans,1,2,M3,P,u0,-4.963750e-11,4.303315e-02,-2.136058e-12,3.668073e-01,5.472411e-01,-1.489125e-12
NOR2_X1,B_f_ZN_r,trans,1,2,M4,P,vth,1.863850e-10,9.467293e-03,1.764561e-12,2.503142e-01,5.795013e-01,2.795775e-12
NOR2_X1,B_f_ZN_r,trans,1,2,M4,P,u0,-4.106750e-11,4.303315e-02,-1.767264e-12,2.510815e-01,4.527589e-01,-1.232025e-12
NOR2_X1,B_f_ZN_r,delay,2,0,M1,N,vth,-2.000000e-15,2.108185e-02,-4.21637e-17,6.456319e-10,3.183699e-04,-3.000000e-17
NOR2_X1,B_f_ZN_r,delay,2,0,M1,N,u0,0.000000e+00,1.054093e-01,0.0,0.000000e+00,0.000000e+00,0.000000e+00
NOR2_X1,B_f_ZN_r,delay,2,0,M2,N,vth,-6.280000e-12,2.108185e-02,-1.32394e-13,6.365672e-03,9.996816e-01,-9.420000e-14
NOR2_X1,B_f_ZN_r,delay,2,0,M2,N,u0,2.117500e-13,1.054093e-01,2.232042e-14,1.809307e-04,1.000000e+00,6.352500e-15
NOR2_X1,B_f_ZN_r,delay,2,0,M3,P,vth,2.154650e-11,9.467293e-03,2.03987e-13,1.511168e-02,1.252609e-01,3.231975e-13
NOR2_X1,B_f_ZN_r,delay,2,0,M3,P,u0,-8.302000e-12,4.303315e-02,-3.572612e-13,4.635315e-02,3.277342e-01,-2.490600e-13
NOR2_X1,B_f_ZN_r,delay,2,0,M4,P,vth,1.504665e-10,9.467293e-03,1.42451e-12,7.369513e-01,8.747391e-01,2.256997e-12
NOR2_X1,B_f_ZN_r,delay,2,0,M4,P,u0,-1.702950e-11,4.303315e-02,-7.32833e-13,1.950373e-01,6.722658e-01,-5.108850e-13
NOR2_X1,B_f_ZN_r,trans,2,0,M1,N,vth,-1.500000e-15,2.108185e-02,-3.162277e-17,2.532731e-09,-2.616431e-04,-2.250000e-17
NOR2_X1,B_f_ZN_r,trans,2,0,M1,N,u0,0.000000e+00,1.054093e-01,0.0,0.000000e+00,-0.000000e+00,0.000000e+00
NOR2_X1,B_f_ZN_r,trans,2,0,M2,N,vth,5.734500e-12,2.108185e-02,1.208939e-13,3.701670e-02,1.000262e+00,8.601750e-14
NOR2_X1,B_f_ZN_r,trans,2,0,M2,N,u0,-1.920000e-13,1.054093e-01,-2.023859e-14,1.037408e-03,1.000000e+00,-5.760000e-15
NOR2_X1,B_f_ZN_r,trans,2,0,M3,P,vth,2.879700e-11,9.467293e-03,2.726296e-13,1.882501e-01,9.712802e-01,4.319550e-13
NOR2_X1,B_f_ZN_r,trans,2,0,M3,P,u0,-1.071500e-11,4.303315e-02,-4.611002e-13,5.384926e-01,6.021693e-01,-3.214500e-13
NOR2_X1,B_f_ZN_r,trans,2,0,M4,P,vth,8.515000e-13,9.467293e-03,8.0614e-15,1.645925e-04,2.871983e-02,1.277250e-14
NOR2_X1,B_f_ZN_r,trans,2,0,M4,P,u0,-7.079000e-12,4.303315e-02,-3.046317e-13,2.350386e-01,3.978307e-01,-2.123700e-13
NOR2_X1,B_f_ZN_r,delay,2,1,M1,N,vth,-2.500000e-15,2.108185e-02,-5.270462e-17,8.292371e-10,1.102536e-03,-3.750000e-17
NOR2_X1,B_f_ZN_r,delay,2,1,M1,N,u0,0.000000e+00,1.054093e-01,0.0,0.000000e+00,-0.000000e+00,0.000000e+00
NOR2_X1,B_f_ZN_r,delay,2,1,M2,N,vth,-2.265000e-12,2.108185e-02,-4.775039e-14,6.806677e-04,9.988975e-01,-3.397500e-14
NOR2_X1,B_f_ZN_r,delay,2,1,M2,N,u0,-4.225000e-14,1.054093e-01,-4.453543e-15,5.920966e-06,1.000000e+00,-1.267500e-15
NOR2_X1,B_f_ZN_r,delay,2,1,M3,P,vth,3.361650e-11,9.467293e-03,3.182573e-13,3.023694e-02,1.771014e-01,5.042475e-13
NOR2_X1,B_f_ZN_r,delay,2,1,M3,P,u0,-1.261100e-11,4.303315e-02,-5.426911e-13,8.791978e-02,3.829086e-01,-3.783300e-13
NOR2_X1,B_f_ZN_r,delay,2,1,M4,P,vth,1.561985e-10,9.467293e-03,1.478777e-12,6.528097e-01,8.228986e-01,2.342977e-12
NOR2_X1,B_f_ZN_r,delay,2,1,M4,P,u0,-2.032375e-11,4.303315e-02,-8.74595e-13,2.283470e-01,6.170914e-01,-6.097125e-13
NOR2_X1,B_f_ZN_r,trans,2,1,M1,N,vth,-3.000000e-15,2.108185e-02,-6.324555e-17,2.828088e-09,-1.976936e-03,-4.500000e-17
NOR2_X1,B_f_ZN_r,trans,2,1,M1,N,u0,0.000000e+00,1.054093e-01,0.0,0.000000e+00,0.000000e+00,0.000000e+00
NOR2_X1,B_f_ZN_r,trans,2,1,M2,N,vth,1.520500e-12,2.108185e-02,3.205495e-14,7.264794e-04,1.001977e+00,2.280750e-14
NOR2_X1,B_f_ZN_r,trans,2,1,M2,N,u0,3.150000e-14,1.054093e-01,3.320393e-15,7.794925e-06,1.000000e+00,9.450000e-16
NOR2_X1,B_f_ZN_r,trans,2,1,M3,P,vth,5.368200e-11,9.467293e-03,5.082232e-13,1.826173e-01,6.352711e-01,8.052300e-13
NOR2_X1,B_f_ZN_r,trans,2,1,M3,P,u0,-1.980700e-11,4.303315e-02,-8.523576e-13,5.136611e-01,5.925893e-01,-5.942100e-13
NOR2_X1,B_f_ZN_r,trans,2,1,M4,P,vth,3.082050e-11,9.467293e-03,2.917867e-13,6.019549e-02,3.647289e-01,4.623075e-13
NOR2_X1,B_f_ZN_r,trans,2,1,M4,P,u0,-1.361750e-11,4.303315e-02,-5.860039e-13,2.427918e-01,4.074107e-01,-4.085250e-13
NOR2_X1,B_f_ZN_r,delay,2,2,M1,N,vth,-5.000000e-15,2.108185e-02,-1.054092e-16,1.128565e-09,-3.333333e-01,-7.500000e-17
NOR2_X1,B_f_ZN_r,delay,2,2,M1,N,u0,0.000000e+00,1.054093e-01,0.0,0.000000e+00,-0.000000e+00,0.000000e+00
NOR2_X1,B_f_ZN_r,delay,2,2,M2,N,vth,2.000000e-14,2.108185e-02,4.21637e-16,1.805704e-08,1.333333e+00,3.000000e-16
NOR2_X1,B_f_ZN_r,delay,2,2,M2,N,u0,-2.425000e-13,1.054093e-01,-2.556176e-14,6.636672e-05,1.000000e+00,-7.275000e-15
NOR2_X1,B_f_ZN_r,delay,2,2,M3,P,vth,8.307000e-11,9.467293e-03,7.86448e-13,6.282162e-02,2.563849e-01,1.246050e-12
NOR2_X1,B_f_ZN_r,delay,2,2,M3,P,u0,-3.031250e-11,4.303315e-02,-1.304442e-12,1.728299e-01,4.612371e-01,-9.093750e-13
NOR2_X1,B_f_ZN_r,delay,2,2,M4,P,vth,2.409350e-10,9.467293e-03,2.281002e-12,5.284702e-01,7.436151e-01,3.614025e-12
NOR2_X1,B_f_ZN_r,delay,2,2,M4,P,u0,-3.540750e-11,4.303315e-02,-1.523696e-12,2.358120e-01,5.387629e-01,-1.062225e-12
NOR2_X1,B_f_ZN_r,trans,2,2,M1,N,vth,-5.000000e-15,2.108185e-02,-1.054092e-16,9.945128e-10,3.333333e-01,-7.500000e-17
NOR2_X1,B_f_ZN_r,trans,2,2,M1,N,u0,0.000000e+00,1.054093e-01,0.0,0.000000e+00,0.000000e+00,0.000000e+00
NOR2_X1,B_f_ZN_r,trans,2,2,M2,N,vth,-1.000000e-14,2.108185e-02,-2.108185e-16,3.978051e-09,6.666667e-01,-1.500000e-16
NOR2_X1,B_f_ZN_r,trans,2,2,M2,N,u0,3.000000e-14,1.054093e-01,3.162279e-15,8.950624e-07,1.000000e+00,9.000000e-16
NOR2_X1,B_f_ZN_r,trans,2,2,M3,P,vth,1.300700e-10,9.467293e-03,1.231411e-12,1.357247e-01,4.339572e-01,1.951050e-12
NOR2_X1,B_f_ZN_r,trans,2,2,M3,P,u0,-4.774250e-11,4.303315e-02,-2.05451e-12,3.778066e-01,5.487171e-01,-1.432275e-12
NOR2_X1,B_f_ZN_r,trans,2,2,M4,P,vth,1.696600e-10,9.467293e-03,1.606221e-12,2.309210e-01,5.660428e-01,2.544900e-12
NOR2_X1,B_f_ZN_r,trans,2,2,M4,P,u0,-3.926500e-11,4.303315e-02,-1.689697e-12,2.555468e-01,4.512829e-01,-1.177950e-12
