cell,arc,meas,slew_idx,load_idx,slew,load,inst,group,param,delta,sigma_mm,v0,vplus,vminus,s1,s2
INV_X1,A_r_ZN_f,delay,0,0,1.000000e-11,1.000000e-15,M1,N,vth,0.010,2.108185e-02,1.470415e-11,1.504682e-11,1.43732e-11,3.368100e-11,1.172000e-10
INV_X1,A_r_ZN_f,delay,0,0,1.000000e-11,1.000000e-15,M1,N,u0,0.02,1.054093e-01,1.470415e-11,1.462854e-11,1.478289e-11,-3.858750e-12,7.825000e-12
INV_X1,A_r_ZN_f,delay,0,0,1.000000e-11,1.000000e-15,M2,P,vth,0.010,1.338877e-02,1.470415e-11,1.471008e-11,1.469784e-11,6.120000e-13,-3.800000e-12
INV_X1,A_r_ZN_f,delay,0,0,1.000000e-11,1.000000e-15,M2,P,u0,0.02,6.085806e-02,1.470415e-11,1.469655e-11,1.471184e-11,-3.822500e-13,2.250000e-13
INV_X1,A_r_ZN_f,delay,0,0,1.000000e-11,1.000000e-15,GROUP:N,N,vth,0.010,,1.470415e-11,1.504682e-11,1.43732e-11,3.368100e-11,1.172000e-10
INV_X1,A_r_ZN_f,delay,0,0,1.000000e-11,1.000000e-15,GROUP:N,N,u0,0.02,,1.470415e-11,1.462854e-11,1.478289e-11,-3.858750e-12,7.825000e-12
INV_X1,A_r_ZN_f,delay,0,0,1.000000e-11,1.000000e-15,GROUP:P,P,vth,0.010,,1.470415e-11,1.471008e-11,1.469784e-11,6.120000e-13,-3.800000e-12
INV_X1,A_r_ZN_f,delay,0,0,1.000000e-11,1.000000e-15,GROUP:P,P,u0,0.02,,1.470415e-11,1.469655e-11,1.471184e-11,-3.822500e-13,2.250000e-13
INV_X1,A_r_ZN_f,trans,0,0,1.000000e-11,1.000000e-15,M1,N,vth,0.010,2.108185e-02,1.029284e-11,1.053772e-11,1.00592e-11,2.392600e-11,1.124000e-10
INV_X1,A_r_ZN_f,trans,0,0,1.000000e-11,1.000000e-15,M1,N,u0,0.02,1.054093e-01,1.029284e-11,1.022053e-11,1.036786e-11,-3.683250e-12,6.775000e-12
INV_X1,A_r_ZN_f,trans,0,0,1.000000e-11,1.000000e-15,M2,P,vth,0.010,1.338877e-02,1.029284e-11,1.029281e-11,1.029286e-11,-2.500000e-15,-1.000000e-13
INV_X1,A_r_ZN_f,trans,0,0,1.000000e-11,1.000000e-15,M2,P,u0,0.02,6.085806e-02,1.029284e-11,1.029286e-11,1.029281e-11,1.250000e-15,-2.500000e-14
INV_X1,A_r_ZN_f,trans,0,0,1.000000e-11,1.000000e-15,GROUP:N,N,vth,0.010,,1.029284e-11,1.053772e-11,1.00592e-11,2.392600e-11,1.124000e-10
INV_X1,A_r_ZN_f,trans,0,0,1.000000e-11,1.000000e-15,GROUP:N,N,u0,0.02,,1.029284e-11,1.022053e-11,1.036786e-11,-3.683250e-12,6.775000e-12
INV_X1,A_r_ZN_f,trans,0,0,1.000000e-11,1.000000e-15,GROUP:P,P,vth,0.010,,1.029284e-11,1.029281e-11,1.029286e-11,-2.500000e-15,-1.000000e-13
INV_X1,A_r_ZN_f,trans,0,0,1.000000e-11,1.000000e-15,GROUP:P,P,u0,0.02,,1.029284e-11,1.029286e-11,1.029281e-11,1.250000e-15,-2.500000e-14
INV_X1,A_r_ZN_f,delay,0,1,1.000000e-11,4.000000e-15,M1,N,vth,0.010,2.108185e-02,2.540853e-11,2.602179e-11,2.481919e-11,6.013000e-11,2.392000e-10
INV_X1,A_r_ZN_f,delay,0,1,1.000000e-11,4.000000e-15,M1,N,u0,0.02,1.054093e-01,2.540853e-11,2.526351e-11,2.555961e-11,-7.402500e-12,1.515000e-11
INV_X1,A_r_ZN_f,delay,0,1,1.000000e-11,4.000000e-15,M2,P,vth,0.010,1.338877e-02,2.540853e-11,2.540373e-11,2.541293e-11,-4.600000e-13,-4.000000e-12
INV_X1,A_r_ZN_f,delay,0,1,1.000000e-11,4.000000e-15,M2,P,u0,0.02,6.085806e-02,2.540853e-11,2.540398e-11,2.541311e-11,-2.282500e-13,7.500000e-14
INV_X1,A_r_ZN_f,delay,0,1,1.000000e-11,4.000000e-15,GROUP:N,N,vth,0.010,,2.540853e-11,2.602179e-11,2.481919e-11,6.013000e-11,2.392000e-10
INV_X1,A_r_ZN_f,delay,0,1,1.000000e-11,4.000000e-15,GROUP:N,N,u0,0.02,,2.540853e-11,2.526351e-11,2.555961e-11,-7.402500e-12,1.515000e-11
INV_X1,A_r_ZN_f,delay,0,1,1.000000e-11,4.000000e-15,GROUP:P,P,vth,0.010,,2.540853e-11,2.540373e-11,2.541293e-11,-4.600000e-13,-4.000000e-12
INV_X1,A_r_ZN_f,delay,0,1,1.000000e-11,4.000000e-15,GROUP:P,P,u0,0.02,,2.540853e-11,2.540398e-11,2.541311e-11,-2.282500e-13,7.500000e-14
INV_X1,A_r_ZN_f,trans,0,1,1.000000e-11,4.000000e-15,M1,N,vth,0.010,2.108185e-02,2.389741e-11,2.446647e-11,2.335522e-11,5.556250e-11,2.687000e-10
INV_X1,A_r_ZN_f,trans,0,1,1.000000e-11,4.000000e-15,M1,N,u0,0.02,1.054093e-01,2.389741e-11,2.373009e-11,2.40715e-11,-8.535250e-12,1.692500e-11
INV_X1,A_r_ZN_f,trans,0,1,1.000000e-11,4.000000e-15,M2,P,vth,0.010,1.338877e-02,2.389741e-11,2.38974e-11,2.389742e-11,-1.000000e-15,0.000000e+00
INV_X1,A_r_ZN_f,trans,0,1,1.000000e-11,4.000000e-15,M2,P,u0,0.02,6.085806e-02,2.389741e-11,2.389741e-11,2.389741e-11,0.000000e+00,0.000000e+00
INV_X1,A_r_ZN_f,trans,0,1,1.000000e-11,4.000000e-15,GROUP:N,N,vth,0.010,,2.389741e-11,2.446647e-11,2.335522e-11,5.556250e-11,2.687000e-10
INV_X1,A_r_ZN_f,trans,0,1,1.000000e-11,4.000000e-15,GROUP:N,N,u0,0.02,,2.389741e-11,2.373009e-11,2.40715e-11,-8.535250e-12,1.692500e-11
INV_X1,A_r_ZN_f,trans,0,1,1.000000e-11,4.000000e-15,GROUP:P,P,vth,0.010,,2.389741e-11,2.38974e-11,2.389742e-11,-1.000000e-15,0.000000e+00
INV_X1,A_r_ZN_f,trans,0,1,1.000000e-11,4.000000e-15,GROUP:P,P,u0,0.02,,2.389741e-11,2.389741e-11,2.389741e-11,0.000000e+00,0.000000e+00
INV_X1,A_r_ZN_f,delay,0,2,1.000000e-11,1.200000e-14,M1,N,vth,0.010,2.108185e-02,5.328358e-11,5.459393e-11,5.202889e-11,1.282520e-10,5.566000e-10
INV_X1,A_r_ZN_f,delay,0,2,1.000000e-11,1.200000e-14,M1,N,u0,0.02,1.054093e-01,5.328358e-11,5.295873e-11,5.362221e-11,-1.658700e-11,3.445000e-11
INV_X1,A_r_ZN_f,delay,0,2,1.000000e-11,1.200000e-14,M2,P,vth,0.010,1.338877e-02,5.328358e-11,5.327067e-11,5.329629e-11,-1.281000e-12,-2.000000e-12
INV_X1,A_r_ZN_f,delay,0,2,1.000000e-11,1.200000e-14,M2,P,u0,0.02,6.085806e-02,5.328358e-11,5.328153e-11,5.328564e-11,-1.027500e-13,2.500000e-14
INV_X1,A_r_ZN_f,delay,0,2,1.000000e-11,1.200000e-14,GROUP:N,N,vth,0.010,,5.328358e-11,5.459393e-11,5.202889e-11,1.282520e-10,5.566000e-10
INV_X1,A_r_ZN_f,delay,0,2,1.000000e-11,1.200000e-14,GROUP:N,N,u0,0.02,,5.328358e-11,5.295873e-11,5.362221e-11,-1.658700e-11,3.445000e-11
INV_X1,A_r_ZN_f,delay,0,2,1.000000e-11,1.200000e-14,GROUP:P,P,vth,0.010,,5.328358e-11,5.327067e-11,5.329629e-11,-1.281000e-12,-2.000000e-12
INV_X1,A_r_ZN_f,delay,0,2,1.000000e-11,1.200000e-14,GROUP:P,P,u0,0.02,,5.328358e-11,5.328153e-11,5.328564e-11,-1.027500e-13,2.500000e-14
INV_X1,A_r_ZN_f,trans,0,2,1.000000e-11,1.200000e-14,M1,N,vth,0.010,2.108185e-02,6.017713e-11,6.161106e-11,5.881121e-11,1.399925e-10,6.801000e-10
INV_X1,A_r_ZN_f,trans,0,2,1.000000e-11,1.200000e-14,M1,N,u0,0.02,1.054093e-01,6.017713e-11,5.975618e-11,6.061601e-11,-2.149575e-11,4.482500e-11
INV_X1,A_r_ZN_f,trans,0,2,1.000000e-11,1.200000e-14,M2,P,vth,0.010,1.338877e-02,6.017713e-11,6.01771e-11,6.017716e-11,-3.000000e-15,-1.292470e-22
INV_X1,A_r_ZN_f,trans,0,2,1.000000e-11,1.200000e-14,M2,P,u0,0.02,6.085806e-02,6.017713e-11,6.017713e-11,6.017713e-11,0.000000e+00,0.000000e+00
INV_X1,A_r_ZN_f,trans,0,2,1.000000e-11,1.200000e-14,GROUP:N,N,vth,0.010,,6.017713e-11,6.161106e-11,5.881121e-11,1.399925e-10,6.801000e-10
INV_X1,A_r_ZN_f,trans,0,2,1.000000e-11,1.200000e-14,GROUP:N,N,u0,0.02,,6.017713e-11,5.975618e-11,6.061601e-11,-2.149575e-11,4.482500e-11
INV_X1,A_r_ZN_f,trans,0,2,1.000000e-11,1.200000e-14,GROUP:P,P,vth,0.010,,6.017713e-11,6.01771e-11,6.017716e-11,-3.000000e-15,-1.292470e-22
INV_X1,A_r_ZN_f,trans,0,2,1.000000e-11,1.200000e-14,GROUP:P,P,u0,0.02,,6.017713e-11,6.017713e-11,6.017713e-11,0.000000e+00,0.000000e+00
INV_X1,A_r_ZN_f,delay,1,0,3.000000e-11,1.000000e-15,M1,N,vth,0.010,2.108185e-02,2.202089e-11,2.258931e-11,2.14542e-11,5.675550e-11,1.730000e-11
INV_X1,A_r_ZN_f,delay,1,0,3.000000e-11,1.000000e-15,M1,N,u0,0.02,1.054093e-01,2.202089e-11,2.191915e-11,2.212599e-11,-5.171000e-12,8.400000e-12
INV_X1,A_r_ZN_f,delay,1,0,3.000000e-11,1.000000e-15,M2,P,vth,0.010,1.338877e-02,2.202089e-11,2.203175e-11,2.201094e-11,1.040500e-12,9.100000e-12
INV_X1,A_r_ZN_f,delay,1,0,3.000000e-11,1.000000e-15,M2,P,u0,0.02,6.085806e-02,2.202089e-11,2.201106e-11,2.203096e-11,-4.975000e-13,6.000000e-13
INV_X1,A_r_ZN_f,delay,1,0,3.000000e-11,1.000000e-15,GROUP:N,N,vth,0.010,,2.202089e-11,2.258931e-11,2.14542e-11,5.675550e-11,1.730000e-11
INV_X1,A_r_ZN_f,delay,1,0,3.000000e-11,1.000000e-15,GROUP:N,N,u0,0.02,,2.202089e-11,2.191915e-11,2.212599e-11,-5.171000e-12,8.400000e-12
INV_X1,A_r_ZN_f,delay,1,0,3.000000e-11,1.000000e-15,GROUP:P,P,vth,0.010,,2.202089e-11,2.203175e-11,2.201094e-11,1.040500e-12,9.100000e-12
INV_X1,A_r_ZN_f,delay,1,0,3.000000e-11,1.000000e-15,GROUP:P,P,u0,0.02,,2.202089e-11,2.201106e-11,2.203096e-11,-4.975000e-13,6.000000e-13
INV_X1,A_r_ZN_f,trans,1,0,3.000000e-11,1.000000e-15,M1,N,vth,0.010,2.108185e-02,1.285186e-11,1.289427e-11,1.282321e-11,3.553000e-12,1.376000e-10
INV_X1,A_r_ZN_f,trans,1,0,3.000000e-11,1.000000e-15,M1,N,u0,0.02,1.054093e-01,1.285186e-11,1.281169e-11,1.289392e-11,-2.055750e-12,4.725000e-12
INV_X1,A_r_ZN_f,trans,1,0,3.000000e-11,1.000000e-15,M2,P,vth,0.010,1.338877e-02,1.285186e-11,1.284394e-11,1.285914e-11,-7.600000e-13,-6.400000e-12
INV_X1,A_r_ZN_f,trans,1,0,3.000000e-11,1.000000e-15,M2,P,u0,0.02,6.085806e-02,1.285186e-11,1.285896e-11,1.284458e-11,3.595000e-13,-4.500000e-13
INV_X1,A_r_ZN_f,trans,1,0,3.000000e-11,1.000000e-15,GROUP:N,N,vth,0.010,,1.285186e-11,1.289427e-11,1.282321e-11,3.553000e-12,1.376000e-10
INV_X1,A_r_ZN_f,trans,1,0,3.000000e-11,1.000000e-15,GROUP:N,N,u0,0.02,,1.285186e-11,1.281169e-11,1.289392e-11,-2.055750e-12,4.725000e-12
INV_X1,A_r_ZN_f,trans,1,0,3.000000e-11,1.000000e-15,GROUP:P,P,vth,0.010,,1.285186e-11,1.284394e-11,1.285914e-11,-7.600000e-13,-6.400000e-12
INV_X1,A_r_ZN_f,trans,1,0,3.000000e-11,1.000000e-15,GROUP:P,P,u0,0.02,,1.285186e-11,1.285896e-11,1.284458e-11,3.595000e-13,-4.500000e-13
INV_X1,A_r_ZN_f,delay,1,1,3.000000e-11,4.000000e-15,M1,N,vth,0.010,2.108185e-02,3.306038e-11,3.382555e-11,3.231834e-11,7.536050e-11,2.313000e-10
INV_X1,A_r_ZN_f,delay,1,1,3.000000e-11,4.000000e-15,M1,N,u0,0.02,1.054093e-01,3.306038e-11,3.290363e-11,3.322335e-11,-7.993000e-12,1.555000e-11
INV_X1,A_r_ZN_f,delay,1,1,3.000000e-11,4.000000e-15,M2,P,vth,0.010,1.338877e-02,3.306038e-11,3.306616e-11,3.30546e-11,5.780000e-13,0.000000e+00
INV_X1,A_r_ZN_f,delay,1,1,3.000000e-11,4.000000e-15,M2,P,u0,0.02,6.085806e-02,3.306038e-11,3.305237e-11,3.306851e-11,-4.035000e-13,3.000000e-13
INV_X1,A_r_ZN_f,delay,1,1,3.000000e-11,4.000000e-15,GROUP:N,N,vth,0.010,,3.306038e-11,3.382555e-11,3.231834e-11,7.536050e-11,2.313000e-10
INV_X1,A_r_ZN_f,delay,1,1,3.000000e-11,4.000000e-15,GROUP:N,N,u0,0.02,,3.306038e-11,3.290363e-11,3.322335e-11,-7.993000e-12,1.555000e-11
INV_X1,A_r_ZN_f,delay,1,1,3.000000e-11,4.000000e-15,GROUP:P,P,vth,0.010,,3.306038e-11,3.306616e-11,3.30546e-11,5.780000e-13,0.000000e+00
INV_X1,A_r_ZN_f,delay,1,1,3.000000e-11,4.000000e-15,GROUP:P,P,u0,0.02,,3.306038e-11,3.305237e-11,3.306851e-11,-4.035000e-13,3.000000e-13
INV_X1,A_r_ZN_f,trans,1,1,3.000000e-11,4.000000e-15,M1,N,vth,0.010,2.108185e-02,2.431095e-11,2.478397e-11,2.387362e-11,4.551750e-11,3.569000e-10
INV_X1,A_r_ZN_f,trans,1,1,3.000000e-11,4.000000e-15,M1,N,u0,0.02,1.054093e-01,2.431095e-11,2.416153e-11,2.446705e-11,-7.638000e-12,1.670000e-11
INV_X1,A_r_ZN_f,trans,1,1,3.000000e-11,4.000000e-15,M2,P,vth,0.010,1.338877e-02,2.431095e-11,2.430957e-11,2.431232e-11,-1.375000e-13,-1.000000e-13
INV_X1,A_r_ZN_f,trans,1,1,3.000000e-11,4.000000e-15,M2,P,u0,0.02,6.085806e-02,2.431095e-11,2.431285e-11,2.430901e-11,9.600000e-14,-1.000000e-13
INV_X1,A_r_ZN_f,trans,1,1,3.000000e-11,4.000000e-15,GROUP:N,N,vth,0.010,,2.431095e-11,2.478397e-11,2.387362e-11,4.551750e-11,3.569000e-10
INV_X1,A_r_ZN_f,trans,1,1,3.000000e-11,4.000000e-15,GROUP:N,N,u0,0.02,,2.431095e-11,2.416153e-11,2.446705e-11,-7.638000e-12,1.670000e-11
INV_X1,A_r_ZN_f,trans,1,1,3.000000e-11,4.000000e-15,GROUP:P,P,vth,0.010,,2.431095e-11,2.430957e-11,2.431232e-11,-1.375000e-13,-1.000000e-13
INV_X1,A_r_ZN_f,trans,1,1,3.000000e-11,4.000000e-15,GROUP:P,P,u0,0.02,,2.431095e-11,2.431285e-11,2.430901e-11,9.600000e-14,-1.000000e-13
INV_X1,A_r_ZN_f,delay,1,2,3.000000e-11,1.200000e-14,M1,N,vth,0.010,2.108185e-02,6.106910e-11,6.254085e-11,5.965233e-11,1.444260e-10,5.498000e-10
INV_X1,A_r_ZN_f,delay,1,2,3.000000e-11,1.200000e-14,M1,N,u0,0.02,1.054093e-01,6.106910e-11,6.07308e-11,6.142141e-11,-1.726525e-11,3.502500e-11
INV_X1,A_r_ZN_f,delay,1,2,3.000000e-11,1.200000e-14,M2,P,vth,0.010,1.338877e-02,6.106910e-11,6.106431e-11,6.107363e-11,-4.660000e-13,-2.600000e-12
INV_X1,A_r_ZN_f,delay,1,2,3.000000e-11,1.200000e-14,M2,P,u0,0.02,6.085806e-02,6.106910e-11,6.106425e-11,6.107399e-11,-2.435000e-13,1.000000e-13
INV_X1,A_r_ZN_f,delay,1,2,3.000000e-11,1.200000e-14,GROUP:N,N,vth,0.010,,6.106910e-11,6.254085e-11,5.965233e-11,1.444260e-10,5.498000e-10
INV_X1,A_r_ZN_f,delay,1,2,3.000000e-11,1.200000e-14,GROUP:N,N,u0,0.02,,6.106910e-11,6.07308e-11,6.142141e-11,-1.726525e-11,3.502500e-11
INV_X1,A_r_ZN_f,delay,1,2,3.000000e-11,1.200000e-14,GROUP:P,P,vth,0.010,,6.106910e-11,6.106431e-11,6.107363e-11,-4.660000e-13,-2.600000e-12
INV_X1,A_r_ZN_f,delay,1,2,3.000000e-11,1.200000e-14,GROUP:P,P,u0,0.02,,6.106910e-11,6.106425e-11,6.107399e-11,-2.435000e-13,1.000000e-13
INV_X1,A_r_ZN_f,trans,1,2,3.000000e-11,1.200000e-14,M1,N,vth,0.010,2.108185e-02,6.017707e-11,6.161105e-11,5.881121e-11,1.399920e-10,6.812000e-10
INV_X1,A_r_ZN_f,trans,1,2,3.000000e-11,1.200000e-14,M1,N,u0,0.02,1.054093e-01,6.017707e-11,5.975625e-11,6.061605e-11,-2.149500e-11,4.540000e-11
INV_X1,A_r_ZN_f,trans,1,2,3.000000e-11,1.200000e-14,M2,P,vth,0.010,1.338877e-02,6.017707e-11,6.017704e-11,6.01771e-11,-3.000000e-15,1.292470e-22
INV_X1,A_r_ZN_f,trans,1,2,3.000000e-11,1.200000e-14,M2,P,u0,0.02,6.085806e-02,6.017707e-11,6.017706e-11,6.017708e-11,-5.000000e-16,3.231174e-23
INV_X1,A_r_ZN_f,trans,1,2,3.000000e-11,1.200000e-14,GROUP:N,N,vth,0.010,,6.017707e-11,6.161105e-11,5.881121e-11,1.399920e-10,6.812000e-10
INV_X1,A_r_ZN_f,trans,1,2,3.000000e-11,1.200000e-14,GROUP:N,N,u0,0.02,,6.017707e-11,5.975625e-11,6.061605e-11,-2.149500e-11,4.540000e-11
INV_X1,A_r_ZN_f,trans,1,2,3.000000e-11,1.200000e-14,GROUP:P,P,vth,0.010,,6.017707e-11,6.017704e-11,6.01771e-11,-3.000000e-15,1.292470e-22
INV_X1,A_r_ZN_f,trans,1,2,3.000000e-11,1.200000e-14,GROUP:P,P,u0,0.02,,6.017707e-11,6.017706e-11,6.017708e-11,-5.000000e-16,3.231174e-23
INV_X1,A_r_ZN_f,delay,2,0,8.000000e-11,1.000000e-15,M1,N,vth,0.010,2.108185e-02,3.355257e-11,3.496437e-11,3.214905e-11,1.407660e-10,8.280000e-11
INV_X1,A_r_ZN_f,delay,2,0,8.000000e-11,1.000000e-15,M1,N,u0,0.02,1.054093e-01,3.355257e-11,3.335145e-11,3.375998e-11,-1.021325e-11,1.572500e-11
INV_X1,A_r_ZN_f,delay,2,0,8.000000e-11,1.000000e-15,M2,P,vth,0.010,1.338877e-02,3.355257e-11,3.351312e-11,3.360015e-11,-4.351500e-12,8.130000e-11
INV_X1,A_r_ZN_f,delay,2,0,8.000000e-11,1.000000e-15,M2,P,u0,0.02,6.085806e-02,3.355257e-11,3.354877e-11,3.355672e-11,-1.987500e-13,8.750000e-13
INV_X1,A_r_ZN_f,delay,2,0,8.000000e-11,1.000000e-15,GROUP:N,N,vth,0.010,,3.355257e-11,3.496437e-11,3.214905e-11,1.407660e-10,8.280000e-11
INV_X1,A_r_ZN_f,delay,2,0,8.000000e-11,1.000000e-15,GROUP:N,N,u0,0.02,,3.355257e-11,3.335145e-11,3.375998e-11,-1.021325e-11,1.572500e-11
INV_X1,A_r_ZN_f,delay,2,0,8.000000e-11,1.000000e-15,GROUP:P,P,vth,0.010,,3.355257e-11,3.351312e-11,3.360015e-11,-4.351500e-12,8.130000e-11
INV_X1,A_r_ZN_f,delay,2,0,8.000000e-11,1.000000e-15,GROUP:P,P,u0,0.02,,3.355257e-11,3.354877e-11,3.355672e-11,-1.987500e-13,8.750000e-13
INV_X1,A_r_ZN_f,trans,2,0,8.000000e-11,1.000000e-15,M1,N,vth,0.010,2.108185e-02,2.282545e-11,2.288572e-11,2.276115e-11,6.228500e-12,-4.030000e-11
INV_X1,A_r_ZN_f,trans,2,0,8.000000e-11,1.000000e-15,M1,N,u0,0.02,1.054093e-01,2.282545e-11,2.276521e-11,2.288783e-11,-3.065500e-12,5.350000e-12
INV_X1,A_r_ZN_f,trans,2,0,8.000000e-11,1.000000e-15,M2,P,vth,0.010,1.338877e-02,2.282545e-11,2.285136e-11,2.279437e-11,2.849500e-12,-5.170000e-11
INV_X1,A_r_ZN_f,trans,2,0,8.000000e-11,1.000000e-15,M2,P,u0,0.02,6.085806e-02,2.282545e-11,2.283007e-11,2.28205e-11,2.392500e-13,-8.250000e-13
INV_X1,A_r_ZN_f,trans,2,0,8.000000e-11,1.000000e-15,GROUP:N,N,vth,0.010,,2.282545e-11,2.288572e-11,2.276115e-11,6.228500e-12,-4.030000e-11
INV_X1,A_r_ZN_f,trans,2,0,8.000000e-11,1.000000e-15,GROUP:N,N,u0,0.02,,2.282545e-11,2.276521e-11,2.288783e-11,-3.065500e-12,5.350000e-12
INV_X1,A_r_ZN_f,trans,2,0,8.000000e-11,1.000000e-15,GROUP:P,P,vth,0.010,,2.282545e-11,2.285136e-11,2.279437e-11,2.849500e-12,-5.170000e-11
INV_X1,A_r_ZN_f,trans,2,0,8.000000e-11,1.000000e-15,GROUP:P,P,u0,0.02,,2.282545e-11,2.283007e-11,2.28205e-11,2.392500e-13,-8.250000e-13
INV_X1,A_r_ZN_f,delay,2,1,8.000000e-11,4.000000e-15,M1,N,vth,0.010,2.108185e-02,5.076944e-11,5.224751e-11,4.92961e-11,1.475705e-10,4.730000e-11
INV_X1,A_r_ZN_f,delay,2,1,8.000000e-11,4.000000e-15,M1,N,u0,0.02,1.054093e-01,5.076944e-11,5.052308e-11,5.102384e-11,-1.251900e-11,2.010000e-11
INV_X1,A_r_ZN_f,delay,2,1,8.000000e-11,4.000000e-15,M2,P,vth,0.010,1.338877e-02,5.076944e-11,5.07635e-11,5.077883e-11,-7.665000e-13,3.450000e-11
INV_X1,A_r_ZN_f,delay,2,1,8.000000e-11,4.000000e-15,M2,P,u0,0.02,6.085806e-02,5.076944e-11,5.076114e-11,5.077802e-11,-4.220000e-13,7.000000e-13
INV_X1,A_r_ZN_f,delay,2,1,8.000000e-11,4.000000e-15,GROUP:N,N,vth,0.010,,5.076944e-11,5.224751e-11,4.92961e-11,1.475705e-10,4.730000e-11
INV_X1,A_r_ZN_f,delay,2,1,8.000000e-11,4.000000e-15,GROUP:N,N,u0,0.02,,5.076944e-11,5.052308e-11,5.102384e-11,-1.251900e-11,2.010000e-11
INV_X1,A_r_ZN_f,delay,2,1,8.000000e-11,4.000000e-15,GROUP:P,P,vth,0.010,,5.076944e-11,5.07635e-11,5.077883e-11,-7.665000e-13,3.450000e-11
INV_X1,A_r_ZN_f,delay,2,1,8.000000e-11,4.000000e-15,GROUP:P,P,u0,0.02,,5.076944e-11,5.076114e-11,5.077802e-11,-4.220000e-13,7.000000e-13
INV_X1,A_r_ZN_f,trans,2,1,8.000000e-11,4.000000e-15,M1,N,vth,0.010,2.108185e-02,3.375328e-11,3.380745e-11,3.368806e-11,5.969500e-12,-1.105000e-10
INV_X1,A_r_ZN_f,trans,2,1,8.000000e-11,4.000000e-15,M1,N,u0,0.02,1.054093e-01,3.375328e-11,3.365726e-11,3.385335e-11,-4.902250e-12,1.012500e-11
INV_X1,A_r_ZN_f,trans,2,1,8.000000e-11,4.000000e-15,M2,P,vth,0.010,1.338877e-02,3.375328e-11,3.375737e-11,3.374649e-11,5.440000e-13,-2.700000e-11
INV_X1,A_r_ZN_f,trans,2,1,8.000000e-11,4.000000e-15,M2,P,u0,0.02,6.085806e-02,3.375328e-11,3.376063e-11,3.374572e-11,3.727500e-13,-5.250000e-13
INV_X1,A_r_ZN_f,trans,2,1,8.000000e-11,4.000000e-15,GROUP:N,N,vth,0.010,,3.375328e-11,3.380745e-11,3.368806e-11,5.969500e-12,-1.105000e-10
INV_X1,A_r_ZN_f,trans,2,1,8.000000e-11,4.000000e-15,GROUP:N,N,u0,0.02,,3.375328e-11,3.365726e-11,3.385335e-11,-4.902250e-12,1.012500e-11
INV_X1,A_r_ZN_f,trans,2,1,8.000000e-11,4.000000e-15,GROUP:P,P,vth,0.010,,3.375328e-11,3.375737e-11,3.374649e-11,5.440000e-13,-2.700000e-11
INV_X1,A_r_ZN_f,trans,2,1,8.000000e-11,4.000000e-15,GROUP:P,P,u0,0.02,,3.375328e-11,3.376063e-11,3.374572e-11,3.727500e-13,-5.250000e-13
INV_X1,A_r_ZN_f,delay,2,2,8.000000e-11,1.200000e-14,M1,N,vth,0.010,2.108185e-02,8.083652e-11,8.270619e-11,7.902058e-11,1.842805e-10,5.373000e-10
INV_X1,A_r_ZN_f,delay,2,2,8.000000e-11,1.200000e-14,M1,N,u0,0.02,1.054093e-01,8.083652e-11,8.046495e-11,8.122268e-11,-1.894325e-11,3.647500e-11
INV_X1,A_r_ZN_f,delay,2,2,8.000000e-11,1.200000e-14,M2,P,vth,0.010,1.338877e-02,8.083652e-11,8.083511e-11,8.083888e-11,-1.885000e-13,9.500000e-12
INV_X1,A_r_ZN_f,delay,2,2,8.000000e-11,1.200000e-14,M2,P,u0,0.02,6.085806e-02,8.083652e-11,8.082946e-11,8.084369e-11,-3.557500e-13,2.750000e-13
INV_X1,A_r_ZN_f,delay,2,2,8.000000e-11,1.200000e-14,GROUP:N,N,vth,0.010,,8.083652e-11,8.270619e-11,7.902058e-11,1.842805e-10,5.373000e-10
INV_X1,A_r_ZN_f,delay,2,2,8.000000e-11,1.200000e-14,GROUP:N,N,u0,0.02,,8.083652e-11,8.046495e-11,8.122268e-11,-1.894325e-11,3.647500e-11
INV_X1,A_r_ZN_f,delay,2,2,8.000000e-11,1.200000e-14,GROUP:P,P,vth,0.010,,8.083652e-11,8.083511e-11,8.083888e-11,-1.885000e-13,9.500000e-12
INV_X1,A_r_ZN_f,delay,2,2,8.000000e-11,1.200000e-14,GROUP:P,P,u0,0.02,,8.083652e-11,8.082946e-11,8.084369e-11,-3.557500e-13,2.750000e-13
INV_X1,A_r_ZN_f,trans,2,2,8.000000e-11,1.200000e-14,M1,N,vth,0.010,2.108185e-02,6.245970e-11,6.355647e-11,6.144884e-11,1.053815e-10,8.591000e-10
INV_X1,A_r_ZN_f,trans,2,2,8.000000e-11,1.200000e-14,M1,N,u0,0.02,1.054093e-01,6.245970e-11,6.209813e-11,6.283801e-11,-1.849700e-11,4.185000e-11
INV_X1,A_r_ZN_f,trans,2,2,8.000000e-11,1.200000e-14,M2,P,vth,0.010,1.338877e-02,6.245970e-11,6.246017e-11,6.245888e-11,6.450000e-14,-3.500000e-12
INV_X1,A_r_ZN_f,trans,2,2,8.000000e-11,1.200000e-14,M2,P,u0,0.02,6.085806e-02,6.245970e-11,6.246227e-11,6.245708e-11,1.297500e-13,-1.250000e-13
INV_X1,A_r_ZN_f,trans,2,2,8.000000e-11,1.200000e-14,GROUP:N,N,vth,0.010,,6.245970e-11,6.355647e-11,6.144884e-11,1.053815e-10,8.591000e-10
INV_X1,A_r_ZN_f,trans,2,2,8.000000e-11,1.200000e-14,GROUP:N,N,u0,0.02,,6.245970e-11,6.209813e-11,6.283801e-11,-1.849700e-11,4.185000e-11
INV_X1,A_r_ZN_f,trans,2,2,8.000000e-11,1.200000e-14,GROUP:P,P,vth,0.010,,6.245970e-11,6.246017e-11,6.245888e-11,6.450000e-14,-3.500000e-12
INV_X1,A_r_ZN_f,trans,2,2,8.000000e-11,1.200000e-14,GROUP:P,P,u0,0.02,,6.245970e-11,6.246227e-11,6.245708e-11,1.297500e-13,-1.250000e-13
INV_X1,A_f_ZN_r,delay,0,0,1.000000e-11,1.000000e-15,M1,N,vth,0.010,2.108185e-02,1.806795e-11,1.80865e-11,1.804937e-11,1.856500e-12,-3.000000e-13
INV_X1,A_f_ZN_r,delay,0,0,1.000000e-11,1.000000e-15,M1,N,u0,0.02,1.054093e-01,1.806795e-11,1.806264e-11,1.807339e-11,-2.687500e-13,3.250000e-13
INV_X1,A_f_ZN_r,delay,0,0,1.000000e-11,1.000000e-15,M2,P,vth,0.010,1.338877e-02,1.806795e-11,1.858065e-11,1.757604e-11,5.023050e-11,2.079000e-10
INV_X1,A_f_ZN_r,delay,0,0,1.000000e-11,1.000000e-15,M2,P,u0,0.02,6.085806e-02,1.806795e-11,1.784581e-11,1.829932e-11,-1.133775e-11,2.307500e-11
INV_X1,A_f_ZN_r,delay,0,0,1.000000e-11,1.000000e-15,GROUP:N,N,vth,0.010,,1.806795e-11,1.80865e-11,1.804937e-11,1.856500e-12,-3.000000e-13
INV_X1,A_f_ZN_r,delay,0,0,1.000000e-11,1.000000e-15,GROUP:N,N,u0,0.02,,1.806795e-11,1.806264e-11,1.807339e-11,-2.687500e-13,3.250000e-13
INV_X1,A_f_ZN_r,delay,0,0,1.000000e-11,1.000000e-15,GROUP:P,P,vth,0.010,,1.806795e-11,1.858065e-11,1.757604e-11,5.023050e-11,2.079000e-10
INV_X1,A_f_ZN_r,delay,0,0,1.000000e-11,1.000000e-15,GROUP:P,P,u0,0.02,,1.806795e-11,1.784581e-11,1.829932e-11,-1.133775e-11,2.307500e-11
INV_X1,A_f_ZN_r,trans,0,0,1.000000e-11,1.000000e-15,M1,N,vth,0.010,2.108185e-02,1.611505e-11,1.611509e-11,1.611498e-11,5.500000e-15,-3.000000e-13
INV_X1,A_f_ZN_r,trans,0,0,1.000000e-11,1.000000e-15,M1,N,u0,0.02,1.054093e-01,1.611505e-11,1.611503e-11,1.611507e-11,-1.000000e-15,-8.077936e-24
INV_X1,A_f_ZN_r,trans,0,0,1.000000e-11,1.000000e-15,M2,P,vth,0.010,1.338877e-02,1.611505e-11,1.660015e-11,1.565292e-11,4.736150e-11,2.297000e-10
INV_X1,A_f_ZN_r,trans,0,0,1.000000e-11,1.000000e-15,M2,P,u0,0.02,6.085806e-02,1.611505e-11,1.58509e-11,1.638986e-11,-1.347400e-11,2.665000e-11
INV_X1,A_f_ZN_r,trans,0,0,1.000000e-11,1.000000e-15,GROUP:N,N,vth,0.010,,1.611505e-11,1.611509e-11,1.611498e-11,5.500000e-15,-3.000000e-13
INV_X1,A_f_ZN_r,trans,0,0,1.000000e-11,1.000000e-15,GROUP:N,N,u0,0.02,,1.611505e-11,1.611503e-11,1.611507e-11,-1.000000e-15,-8.077936e-24
INV_X1,A_f_ZN_r,trans,0,0,1.000000e-11,1.000000e-15,GROUP:P,P,vth,0.010,,1.611505e-11,1.660015e-11,1.565292e-11,4.736150e-11,2.297000e-10
INV_X1,A_f_ZN_r,trans,0,0,1.000000e-11,1.000000e-15,GROUP:P,P,u0,0.02,,1.611505e-11,1.58509e-11,1.638986e-11,-1.347400e-11,2.665000e-11
INV_X1,A_f_ZN_r,delay,0,1,1.000000e-11,4.000000e-15,M1,N,vth,0.010,2.108185e-02,3.279435e-11,3.280452e-11,3.278385e-11,1.033500e-12,-3.300000e-12
INV_X1,A_f_ZN_r,delay,0,1,1.000000e-11,4.000000e-15,M1,N,u0,0.02,1.054093e-01,3.279435e-11,3.279026e-11,3.279852e-11,-2.065000e-13,2.000000e-13
INV_X1,A_f_ZN_r,delay,0,1,1.000000e-11,4.000000e-15,M2,P,vth,0.010,1.338877e-02,3.279435e-11,3.379749e-11,3.18353e-11,9.810950e-11,4.409000e-10
INV_X1,A_f_ZN_r,delay,0,1,1.000000e-11,4.000000e-15,M2,P,u0,0.02,6.085806e-02,3.279435e-11,3.233646e-11,3.327104e-11,-2.336450e-11,4.700000e-11
INV_X1,A_f_ZN_r,delay,0,1,1.000000e-11,4.000000e-15,GROUP:N,N,vth,0.010,,3.279435e-11,3.280452e-11,3.278385e-11,1.033500e-12,-3.300000e-12
INV_X1,A_f_ZN_r,delay,0,1,1.000000e-11,4.000000e-15,GROUP:N,N,u0,0.02,,3.279435e-11,3.279026e-11,3.279852e-11,-2.065000e-13,2.000000e-13
INV_X1,A_f_ZN_r,delay,0,1,1.000000e-11,4.000000e-15,GROUP:P,P,vth,0.010,,3.279435e-11,3.379749e-11,3.18353e-11,9.810950e-11,4.409000e-10
INV_X1,A_f_ZN_r,delay,0,1,1.000000e-11,4.000000e-15,GROUP:P,P,u0,0.02,,3.279435e-11,3.233646e-11,3.327104e-11,-2.336450e-11,4.700000e-11
INV_X1,A_f_ZN_r,trans,0,1,1.000000e-11,4.000000e-15,M1,N,vth,0.010,2.108185e-02,3.661626e-11,3.661625e-11,3.661626e-11,-5.000000e-16,-1.000000e-13
INV_X1,A_f_ZN_r,trans,0,1,1.000000e-11,4.000000e-15,M1,N,u0,0.02,1.054093e-01,3.661626e-11,3.661625e-11,3.661626e-11,-2.500000e-16,-2.500000e-14
INV_X1,A_f_ZN_r,trans,0,1,1.000000e-11,4.000000e-15,M2,P,vth,0.010,1.338877e-02,3.661626e-11,3.772529e-11,3.556003e-11,1.082630e-10,5.280000e-10
INV_X1,A_f_ZN_r,trans,0,1,1.000000e-11,4.000000e-15,M2,P,u0,0.02,6.085806e-02,3.661626e-11,3.601662e-11,3.724055e-11,-3.059825e-11,6.162500e-11
INV_X1,A_f_ZN_r,trans,0,1,1.000000e-11,4.000000e-15,GROUP:N,N,vth,0.010,,3.661626e-11,3.661625e-11,3.661626e-11,-5.000000e-16,-1.000000e-13
INV_X1,A_f_ZN_r,trans,0,1,1.000000e-11,4.000000e-15,GROUP:N,N,u0,0.02,,3.661626e-11,3.661625e-11,3.661626e-11,-2.500000e-16,-2.500000e-14
INV_X1,A_f_ZN_r,trans,0,1,1.000000e-11,4.000000e-15,GROUP:P,P,vth,0.010,,3.661626e-11,3.772529e-11,3.556003e-11,1.082630e-10,5.280000e-10
INV_X1,A_f_ZN_r,trans,0,1,1.000000e-11,4.000000e-15,GROUP:P,P,u0,0.02,,3.661626e-11,3.601662e-11,3.724055e-11,-3.059825e-11,6.162500e-11
INV_X1,A_f_ZN_r,delay,0,2,1.000000e-11,1.200000e-14,M1,N,vth,0.010,2.108185e-02,7.137842e-11,7.137951e-11,7.137709e-11,1.210000e-13,-2.400000e-12
INV_X1,A_f_ZN_r,delay,0,2,1.000000e-11,1.200000e-14,M1,N,u0,0.02,1.054093e-01,7.137842e-11,7.137627e-11,7.138061e-11,-1.085000e-13,1.000000e-13
INV_X1,A_f_ZN_r,delay,0,2,1.000000e-11,1.200000e-14,M2,P,vth,0.010,1.338877e-02,7.137842e-11,7.366075e-11,6.920155e-11,2.229600e-10,1.054600e-09
INV_X1,A_f_ZN_r,delay,0,2,1.000000e-11,1.200000e-14,M2,P,u0,0.02,6.085806e-02,7.137842e-11,7.030482e-11,7.249625e-11,-5.478575e-11,1.105750e-10
INV_X1,A_f_ZN_r,delay,0,2,1.000000e-11,1.200000e-14,GROUP:N,N,vth,0.010,,7.137842e-11,7.137951e-11,7.137709e-11,1.210000e-13,-2.400000e-12
INV_X1,A_f_ZN_r,delay,0,2,1.000000e-11,1.200000e-14,GROUP:N,N,u0,0.02,,7.137842e-11,7.137627e-11,7.138061e-11,-1.085000e-13,1.000000e-13
INV_X1,A_f_ZN_r,delay,0,2,1.000000e-11,1.200000e-14,GROUP:P,P,vth,0.010,,7.137842e-11,7.366075e-11,6.920155e-11,2.229600e-10,1.054600e-09
INV_X1,A_f_ZN_r,delay,0,2,1.000000e-11,1.200000e-14,GROUP:P,P,u0,0.02,,7.137842e-11,7.030482e-11,7.249625e-11,-5.478575e-11,1.105750e-10
INV_X1,A_f_ZN_r,trans,0,2,1.000000e-11,1.200000e-14,M1,N,vth,0.010,2.108185e-02,9.128664e-11,9.128658e-11,9.128671e-11,-6.500000e-15,1.000000e-13
INV_X1,A_f_ZN_r,trans,0,2,1.000000e-11,1.200000e-14,M1,N,u0,0.02,1.054093e-01,9.128664e-11,9.128664e-11,9.128663e-11,2.500000e-16,-2.500000e-14
INV_X1,A_f_ZN_r,trans,0,2,1.000000e-11,1.200000e-14,M2,P,vth,0.010,1.338877e-02,9.128664e-11,9.405898e-11,8.864608e-11,2.706450e-10,1.317800e-09
INV_X1,A_f_ZN_r,trans,0,2,1.000000e-11,1.200000e-14,M2,P,u0,0.02,6.085806e-02,9.128664e-11,8.979168e-11,9.284284e-11,-7.627900e-11,1.531000e-10
INV_X1,A_f_ZN_r,trans,0,2,1.000000e-11,1.200000e-14,GROUP:N,N,vth,0.010,,9.128664e-11,9.128658e-11,9.128671e-11,-6.500000e-15,1.000000e-13
INV_X1,A_f_ZN_r,trans,0,2,1.000000e-11,1.200000e-14,GROUP:N,N,u0,0.02,,9.128664e-11,9.128664e-11,9.128663e-11,2.500000e-16,-2.500000e-14
INV_X1,A_f_ZN_r,trans,0,2,1.000000e-11,1.200000e-14,GROUP:P,P,vth,0.010,,9.128664e-11,9.405898e-11,8.864608e-11,2.706450e-10,1.317800e-09
INV_X1,A_f_ZN_r,trans,0,2,1.000000e-11,1.200000e-14,GROUP:P,P,u0,0.02,,9.128664e-11,8.979168e-11,9.284284e-11,-7.627900e-11,1.531000e-10
INV_X1,A_f_ZN_r,delay,1,0,3.000000e-11,1.000000e-15,M1,N,vth,0.010,2.108185e-02,2.638431e-11,2.639219e-11,2.637804e-11,7.075000e-13,1.610000e-11
INV_X1,A_f_ZN_r,delay,1,0,3.000000e-11,1.000000e-15,M1,N,u0,0.02,1.054093e-01,2.638431e-11,2.638132e-11,2.638742e-11,-1.525000e-13,3.000000e-13
INV_X1,A_f_ZN_r,delay,1,0,3.000000e-11,1.000000e-15,M2,P,vth,0.010,1.338877e-02,2.638431e-11,2.701367e-11,2.577453e-11,6.195700e-11,1.958000e-10
INV_X1,A_f_ZN_r,delay,1,0,3.000000e-11,1.000000e-15,M2,P,u0,0.02,6.085806e-02,2.638431e-11,2.616402e-11,2.661343e-11,-1.123525e-11,2.207500e-11
INV_X1,A_f_ZN_r,delay,1,0,3.000000e-11,1.000000e-15,GROUP:N,N,vth,0.010,,2.638431e-11,2.639219e-11,2.637804e-11,7.075000e-13,1.610000e-11
INV_X1,A_f_ZN_r,delay,1,0,3.000000e-11,1.000000e-15,GROUP:N,N,u0,0.02,,2.638431e-11,2.638132e-11,2.638742e-11,-1.525000e-13,3.000000e-13
INV_X1,A_f_ZN_r,delay,1,0,3.000000e-11,1.000000e-15,GROUP:P,P,vth,0.010,,2.638431e-11,2.701367e-11,2.577453e-11,6.195700e-11,1.958000e-10
INV_X1,A_f_ZN_r,delay,1,0,3.000000e-11,1.000000e-15,GROUP:P,P,u0,0.02,,2.638431e-11,2.616402e-11,2.661343e-11,-1.123525e-11,2.207500e-11
INV_X1,A_f_ZN_r,trans,1,0,3.000000e-11,1.000000e-15,M1,N,vth,0.010,2.108185e-02,1.816676e-11,1.816052e-11,1.817176e-11,-5.620000e-13,-1.240000e-11
INV_X1,A_f_ZN_r,trans,1,0,3.000000e-11,1.000000e-15,M1,N,u0,0.02,1.054093e-01,1.816676e-11,1.816911e-11,1.816432e-11,1.197500e-13,-2.250000e-13
INV_X1,A_f_ZN_r,trans,1,0,3.000000e-11,1.000000e-15,M2,P,vth,0.010,1.338877e-02,1.816676e-11,1.842709e-11,1.7935e-11,2.460450e-11,2.857000e-10
INV_X1,A_f_ZN_r,trans,1,0,3.000000e-11,1.000000e-15,M2,P,u0,0.02,6.085806e-02,1.816676e-11,1.79687e-11,1.837477e-11,-1.015175e-11,2.487500e-11
INV_X1,A_f_ZN_r,trans,1,0,3.000000e-11,1.000000e-15,GROUP:N,N,vth,0.010,,1.816676e-11,1.816052e-11,1.817176e-11,-5.620000e-13,-1.240000e-11
INV_X1,A_f_ZN_r,trans,1,0,3.000000e-11,1.000000e-15,GROUP:N,N,u0,0.02,,1.816676e-11,1.816911e-11,1.816432e-11,1.197500e-13,-2.250000e-13
INV_X1,A_f_ZN_r,trans,1,0,3.000000e-11,1.000000e-15,GROUP:P,P,vth,0.010,,1.816676e-11,1.842709e-11,1.7935e-11,2.460450e-11,2.857000e-10
INV_X1,A_f_ZN_r,trans,1,0,3.000000e-11,1.000000e-15,GROUP:P,P,u0,0.02,,1.816676e-11,1.79687e-11,1.837477e-11,-1.015175e-11,2.487500e-11
INV_X1,A_f_ZN_r,delay,1,1,3.000000e-11,4.000000e-15,M1,N,vth,0.010,2.108185e-02,4.095798e-11,4.097144e-11,4.094529e-11,1.307500e-12,7.700000e-12
INV_X1,A_f_ZN_r,delay,1,1,3.000000e-11,4.000000e-15,M1,N,u0,0.02,1.054093e-01,4.095798e-11,4.095312e-11,4.096297e-11,-2.462500e-13,3.250000e-13
INV_X1,A_f_ZN_r,delay,1,1,3.000000e-11,4.000000e-15,M2,P,vth,0.010,1.338877e-02,4.095798e-11,4.208468e-11,3.987436e-11,1.105160e-10,4.308000e-10
INV_X1,A_f_ZN_r,delay,1,1,3.000000e-11,4.000000e-15,M2,P,u0,0.02,6.085806e-02,4.095798e-11,4.05015e-11,4.143298e-11,-2.328700e-11,4.630000e-11
INV_X1,A_f_ZN_r,delay,1,1,3.000000e-11,4.000000e-15,GROUP:N,N,vth,0.010,,4.095798e-11,4.097144e-11,4.094529e-11,1.307500e-12,7.700000e-12
INV_X1,A_f_ZN_r,delay,1,1,3.000000e-11,4.000000e-15,GROUP:N,N,u0,0.02,,4.095798e-11,4.095312e-11,4.096297e-11,-2.462500e-13,3.250000e-13
INV_X1,A_f_ZN_r,delay,1,1,3.000000e-11,4.000000e-15,GROUP:P,P,vth,0.010,,4.095798e-11,4.208468e-11,3.987436e-11,1.105160e-10,4.308000e-10
INV_X1,A_f_ZN_r,delay,1,1,3.000000e-11,4.000000e-15,GROUP:P,P,u0,0.02,,4.095798e-11,4.05015e-11,4.143298e-11,-2.328700e-11,4.630000e-11
INV_X1,A_f_ZN_r,trans,1,1,3.000000e-11,4.000000e-15,M1,N,vth,0.010,2.108185e-02,3.661625e-11,3.661625e-11,3.661625e-11,0.000000e+00,0.000000e+00
INV_X1,A_f_ZN_r,trans,1,1,3.000000e-11,4.000000e-15,M1,N,u0,0.02,1.054093e-01,3.661625e-11,3.661625e-11,3.661626e-11,-2.500000e-16,2.500000e-14
INV_X1,A_f_ZN_r,trans,1,1,3.000000e-11,4.000000e-15,M2,P,vth,0.010,1.338877e-02,3.661625e-11,3.772534e-11,3.560653e-11,1.059405e-10,9.937000e-10
INV_X1,A_f_ZN_r,trans,1,1,3.000000e-11,4.000000e-15,M2,P,u0,0.02,6.085806e-02,3.661625e-11,3.60201e-11,3.724053e-11,-3.051075e-11,7.032500e-11
INV_X1,A_f_ZN_r,trans,1,1,3.000000e-11,4.000000e-15,GROUP:N,N,vth,0.010,,3.661625e-11,3.661625e-11,3.661625e-11,0.000000e+00,0.000000e+00
INV_X1,A_f_ZN_r,trans,1,1,3.000000e-11,4.000000e-15,GROUP:N,N,u0,0.02,,3.661625e-11,3.661625e-11,3.661626e-11,-2.500000e-16,2.500000e-14
INV_X1,A_f_ZN_r,trans,1,1,3.000000e-11,4.000000e-15,GROUP:P,P,vth,0.010,,3.661625e-11,3.772534e-11,3.560653e-11,1.059405e-10,9.937000e-10
INV_X1,A_f_ZN_r,trans,1,1,3.000000e-11,4.000000e-15,GROUP:P,P,u0,0.02,,3.661625e-11,3.60201e-11,3.724053e-11,-3.051075e-11,7.032500e-11
INV_X1,A_f_ZN_r,delay,1,2,3.000000e-11,1.200000e-14,M1,N,vth,0.010,2.108185e-02,7.961634e-11,7.962512e-11,7.960761e-11,8.755000e-13,5.000000e-13
INV_X1,A_f_ZN_r,delay,1,2,3.000000e-11,1.200000e-14,M1,N,u0,0.02,1.054093e-01,7.961634e-11,7.961218e-11,7.962058e-11,-2.100000e-13,2.000000e-13
INV_X1,A_f_ZN_r,delay,1,2,3.000000e-11,1.200000e-14,M2,P,vth,0.010,1.338877e-02,7.961634e-11,8.203256e-11,7.730456e-11,2.364000e-10,1.044400e-09
INV_X1,A_f_ZN_r,delay,1,2,3.000000e-11,1.200000e-14,M2,P,u0,0.02,6.085806e-02,7.961634e-11,7.854115e-11,8.073559e-11,-5.486100e-11,1.101500e-10
INV_X1,A_f_ZN_r,delay,1,2,3.000000e-11,1.200000e-14,GROUP:N,N,vth,0.010,,7.961634e-11,7.962512e-11,7.960761e-11,8.755000e-13,5.000000e-13
INV_X1,A_f_ZN_r,delay,1,2,3.000000e-11,1.200000e-14,GROUP:N,N,u0,0.02,,7.961634e-11,7.961218e-11,7.962058e-11,-2.100000e-13,2.000000e-13
INV_X1,A_f_ZN_r,delay,1,2,3.000000e-11,1.200000e-14,GROUP:P,P,vth,0.010,,7.961634e-11,8.203256e-11,7.730456e-11,2.364000e-10,1.044400e-09
INV_X1,A_f_ZN_r,delay,1,2,3.000000e-11,1.200000e-14,GROUP:P,P,u0,0.02,,7.961634e-11,7.854115e-11,8.073559e-11,-5.486100e-11,1.101500e-10
INV_X1,A_f_ZN_r,trans,1,2,3.000000e-11,1.200000e-14,M1,N,vth,0.010,2.108185e-02,9.128658e-11,9.128654e-11,9.128666e-11,-6.000000e-15,4.000000e-13
INV_X1,A_f_ZN_r,trans,1,2,3.000000e-11,1.200000e-14,M1,N,u0,0.02,1.054093e-01,9.128658e-11,9.128658e-11,9.128658e-11,0.000000e+00,0.000000e+00
INV_X1,A_f_ZN_r,trans,1,2,3.000000e-11,1.200000e-14,M2,P,vth,0.010,1.338877e-02,9.128658e-11,9.405901e-11,8.86461e-11,2.706455e-10,1.319500e-09
INV_X1,A_f_ZN_r,trans,1,2,3.000000e-11,1.200000e-14,M2,P,u0,0.02,6.085806e-02,9.128658e-11,8.979173e-11,9.284283e-11,-7.627750e-11,1.535000e-10
INV_X1,A_f_ZN_r,trans,1,2,3.000000e-11,1.200000e-14,GROUP:N,N,vth,0.010,,9.128658e-11,9.128654e-11,9.128666e-11,-6.000000e-15,4.000000e-13
INV_X1,A_f_ZN_r,trans,1,2,3.000000e-11,1.200000e-14,GROUP:N,N,u0,0.02,,9.128658e-11,9.128658e-11,9.128658e-11,0.000000e+00,0.000000e+00
INV_X1,A_f_ZN_r,trans,1,2,3.000000e-11,1.200000e-14,GROUP:P,P,vth,0.010,,9.128658e-11,9.405901e-11,8.86461e-11,2.706455e-10,1.319500e-09
INV_X1,A_f_ZN_r,trans,1,2,3.000000e-11,1.200000e-14,GROUP:P,P,u0,0.02,,9.128658e-11,8.979173e-11,9.284283e-11,-7.627750e-11,1.535000e-10
INV_X1,A_f_ZN_r,delay,2,0,8.000000e-11,1.000000e-15,M1,N,vth,0.010,2.108185e-02,4.194191e-11,4.18656e-11,4.202868e-11,-8.154000e-12,1.046000e-10
INV_X1,A_f_ZN_r,delay,2,0,8.000000e-11,1.000000e-15,M1,N,u0,0.02,1.054093e-01,4.194191e-11,4.194875e-11,4.193507e-11,3.420000e-13,0.000000e+00
INV_X1,A_f_ZN_r,delay,2,0,8.000000e-11,1.000000e-15,M2,P,vth,0.010,1.338877e-02,4.194191e-11,4.345243e-11,4.044121e-11,1.505610e-10,9.820000e-11
INV_X1,A_f_ZN_r,delay,2,0,8.000000e-11,1.000000e-15,M2,P,u0,0.02,6.085806e-02,4.194191e-11,4.154637e-11,4.234916e-11,-2.006975e-11,2.927500e-11
INV_X1,A_f_ZN_r,delay,2,0,8.000000e-11,1.000000e-15,GROUP:N,N,vth,0.010,,4.194191e-11,4.18656e-11,4.202868e-11,-8.154000e-12,1.046000e-10
INV_X1,A_f_ZN_r,delay,2,0,8.000000e-11,1.000000e-15,GROUP:N,N,u0,0.02,,4.194191e-11,4.194875e-11,4.193507e-11,3.420000e-13,0.000000e+00
INV_X1,A_f_ZN_r,delay,2,0,8.000000e-11,1.000000e-15,GROUP:P,P,vth,0.010,,4.194191e-11,4.345243e-11,4.044121e-11,1.505610e-10,9.820000e-11
INV_X1,A_f_ZN_r,delay,2,0,8.000000e-11,1.000000e-15,GROUP:P,P,u0,0.02,,4.194191e-11,4.154637e-11,4.234916e-11,-2.006975e-11,2.927500e-11
INV_X1,A_f_ZN_r,trans,2,0,8.000000e-11,1.000000e-15,M1,N,vth,0.010,2.108185e-02,3.004457e-11,3.011827e-11,2.99617e-11,7.828500e-12,-9.170000e-11
INV_X1,A_f_ZN_r,trans,2,0,8.000000e-11,1.000000e-15,M1,N,u0,0.02,1.054093e-01,3.004457e-11,3.003793e-11,3.00512e-11,-3.317500e-13,-2.500000e-14
INV_X1,A_f_ZN_r,trans,2,0,8.000000e-11,1.000000e-15,M2,P,vth,0.010,1.338877e-02,3.004457e-11,3.02233e-11,2.985609e-11,1.836050e-11,-9.750000e-11
INV_X1,A_f_ZN_r,trans,2,0,8.000000e-11,1.000000e-15,M2,P,u0,0.02,6.085806e-02,3.004457e-11,2.98333e-11,3.026292e-11,-1.074050e-11,1.770000e-11
INV_X1,A_f_ZN_r,trans,2,0,8.000000e-11,1.000000e-15,GROUP:N,N,vth,0.010,,3.004457e-11,3.011827e-11,2.99617e-11,7.828500e-12,-9.170000e-11
INV_X1,A_f_ZN_r,trans,2,0,8.000000e-11,1.000000e-15,GROUP:N,N,u0,0.02,,3.004457e-11,3.003793e-11,3.00512e-11,-3.317500e-13,-2.500000e-14
INV_X1,A_f_ZN_r,trans,2,0,8.000000e-11,1.000000e-15,GROUP:P,P,vth,0.010,,3.004457e-11,3.02233e-11,2.985609e-11,1.836050e-11,-9.750000e-11
INV_X1,A_f_ZN_r,trans,2,0,8.000000e-11,1.000000e-15,GROUP:P,P,u0,0.02,,3.004457e-11,2.98333e-11,3.026292e-11,-1.074050e-11,1.770000e-11
INV_X1,A_f_ZN_r,delay,2,1,8.000000e-11,4.000000e-15,M1,N,vth,0.010,2.108185e-02,6.199059e-11,6.196674e-11,6.20197e-11,-2.648000e-12,5.260000e-11
INV_X1,A_f_ZN_r,delay,2,1,8.000000e-11,4.000000e-15,M1,N,u0,0.02,1.054093e-01,6.199059e-11,6.199127e-11,6.199001e-11,3.150000e-14,2.500000e-13
INV_X1,A_f_ZN_r,delay,2,1,8.000000e-11,4.000000e-15,M2,P,vth,0.010,1.338877e-02,6.199059e-11,6.361153e-11,6.037403e-11,1.618750e-10,4.380000e-11
INV_X1,A_f_ZN_r,delay,2,1,8.000000e-11,4.000000e-15,M2,P,u0,0.02,6.085806e-02,6.199059e-11,6.146286e-11,6.253425e-11,-2.678475e-11,3.982500e-11
INV_X1,A_f_ZN_r,delay,2,1,8.000000e-11,4.000000e-15,GROUP:N,N,vth,0.010,,6.199059e-11,6.196674e-11,6.20197e-11,-2.648000e-12,5.260000e-11
INV_X1,A_f_ZN_r,delay,2,1,8.000000e-11,4.000000e-15,GROUP:N,N,u0,0.02,,6.199059e-11,6.199127e-11,6.199001e-11,3.150000e-14,2.500000e-13
INV_X1,A_f_ZN_r,delay,2,1,8.000000e-11,4.000000e-15,GROUP:P,P,vth,0.010,,6.199059e-11,6.361153e-11,6.037403e-11,1.618750e-10,4.380000e-11
INV_X1,A_f_ZN_r,delay,2,1,8.000000e-11,4.000000e-15,GROUP:P,P,u0,0.02,,6.199059e-11,6.146286e-11,6.253425e-11,-2.678475e-11,3.982500e-11
INV_X1,A_f_ZN_r,trans,2,1,8.000000e-11,4.000000e-15,M1,N,vth,0.010,2.108185e-02,4.426741e-11,4.428823e-11,4.424221e-11,2.301000e-12,-4.380000e-11
INV_X1,A_f_ZN_r,trans,2,1,8.000000e-11,4.000000e-15,M1,N,u0,0.02,1.054093e-01,4.426741e-11,4.426686e-11,4.426789e-11,-2.575000e-14,-1.750000e-13
INV_X1,A_f_ZN_r,trans,2,1,8.000000e-11,4.000000e-15,M2,P,vth,0.010,1.338877e-02,4.426741e-11,4.477623e-11,4.381421e-11,4.810100e-11,5.562000e-10
INV_X1,A_f_ZN_r,trans,2,1,8.000000e-11,4.000000e-15,M2,P,u0,0.02,6.085806e-02,4.426741e-11,4.383869e-11,4.471716e-11,-2.196175e-11,5.257500e-11
INV_X1,A_f_ZN_r,trans,2,1,8.000000e-11,4.000000e-15,GROUP:N,N,vth,0.010,,4.426741e-11,4.428823e-11,4.424221e-11,2.301000e-12,-4.380000e-11
INV_X1,A_f_ZN_r,trans,2,1,8.000000e-11,4.000000e-15,GROUP:N,N,u0,0.02,,4.426741e-11,4.426686e-11,4.426789e-11,-2.575000e-14,-1.750000e-13
INV_X1,A_f_ZN_r,trans,2,1,8.000000e-11,4.000000e-15,GROUP:P,P,vth,0.010,,4.426741e-11,4.477623e-11,4.381421e-11,4.810100e-11,5.562000e-10
INV_X1,A_f_ZN_r,trans,2,1,8.000000e-11,4.000000e-15,GROUP:P,P,u0,0.02,,4.426741e-11,4.383869e-11,4.471716e-11,-2.196175e-11,5.257500e-11
INV_X1,A_f_ZN_r,delay,2,2,8.000000e-11,1.200000e-14,M1,N,vth,0.010,2.108185e-02,1.006885e-10,1.006858e-10,1.006939e-10,-4.050000e-13,2.700000e-11
INV_X1,A_f_ZN_r,delay,2,2,8.000000e-11,1.200000e-14,M1,N,u0,0.02,1.054093e-01,1.006885e-10,1.006857e-10,1.006915e-10,-1.450000e-13,5.000000e-13
INV_X1,A_f_ZN_r,delay,2,2,8.000000e-11,1.200000e-14,M2,P,vth,0.010,1.338877e-02,1.006885e-10,1.034369e-10,9.804296e-11,2.696970e-10,1.028600e-09
INV_X1,A_f_ZN_r,delay,2,2,8.000000e-11,1.200000e-14,M2,P,u0,0.02,6.085806e-02,1.006885e-10,9.960584e-11,1.01815e-10,-5.522900e-11,1.096000e-10
INV_X1,A_f_ZN_r,delay,2,2,8.000000e-11,1.200000e-14,GROUP:N,N,vth,0.010,,1.006885e-10,1.006858e-10,1.006939e-10,-4.050000e-13,2.700000e-11
INV_X1,A_f_ZN_r,delay,2,2,8.000000e-11,1.200000e-14,GROUP:N,N,u0,0.02,,1.006885e-10,1.006857e-10,1.006915e-10,-1.450000e-13,5.000000e-13
INV_X1,A_f_ZN_r,delay,2,2,8.000000e-11,1.200000e-14,GROUP:P,P,vth,0.010,,1.006885e-10,1.034369e-10,9.804296e-11,2.696970e-10,1.028600e-09
INV_X1,A_f_ZN_r,delay,2,2,8.000000e-11,1.200000e-14,GROUP:P,P,u0,0.02,,1.006885e-10,9.960584e-11,1.01815e-10,-5.522900e-11,1.096000e-10
INV_X1,A_f_ZN_r,trans,2,2,8.000000e-11,1.200000e-14,M1,N,vth,0.010,2.108185e-02,9.181450e-11,9.181489e-11,9.181368e-11,6.050000e-14,-4.300000e-12
INV_X1,A_f_ZN_r,trans,2,2,8.000000e-11,1.200000e-14,M1,N,u0,0.02,1.054093e-01,9.181450e-11,9.181497e-11,9.1814e-11,2.425000e-14,-7.500000e-14
INV_X1,A_f_ZN_r,trans,2,2,8.000000e-11,1.200000e-14,M2,P,vth,0.010,1.338877e-02,9.181450e-11,9.438723e-11,8.941023e-11,2.488500e-10,1.684600e-09
INV_X1,A_f_ZN_r,trans,2,2,8.000000e-11,1.200000e-14,M2,P,u0,0.02,6.085806e-02,9.181450e-11,9.039189e-11,9.330055e-11,-7.271650e-11,1.586000e-10
INV_X1,A_f_ZN_r,trans,2,2,8.000000e-11,1.200000e-14,GROUP:N,N,vth,0.010,,9.181450e-11,9.181489e-11,9.181368e-11,6.050000e-14,-4.300000e-12
INV_X1,A_f_ZN_r,trans,2,2,8.000000e-11,1.200000e-14,GROUP:N,N,u0,0.02,,9.181450e-11,9.181497e-11,9.1814e-11,2.425000e-14,-7.500000e-14
INV_X1,A_f_ZN_r,trans,2,2,8.000000e-11,1.200000e-14,GROUP:P,P,vth,0.010,,9.181450e-11,9.438723e-11,8.941023e-11,2.488500e-10,1.684600e-09
INV_X1,A_f_ZN_r,trans,2,2,8.000000e-11,1.200000e-14,GROUP:P,P,u0,0.02,,9.181450e-11,9.039189e-11,9.330055e-11,-7.271650e-11,1.586000e-10
NAND2_X1,A_r_ZN_f,delay,0,0,1.000000e-11,1.000000e-15,M1,N,vth,0.010,1.490712e-02,1.674115e-11,1.71064e-11,1.638785e-11,3.592750e-11,1.195000e-10
NAND2_X1,A_r_ZN_f,delay,0,0,1.000000e-11,1.000000e-15,M1,N,u0,0.02,7.453560e-02,1.674115e-11,1.667416e-11,1.681066e-11,-3.412500e-12,6.300000e-12
NAND2_X1,A_r_ZN_f,delay,0,0,1.000000e-11,1.000000e-15,M2,N,vth,0.010,1.490712e-02,1.674115e-11,1.683252e-11,1.665446e-11,8.903000e-12,4.680000e-11
NAND2_X1,A_r_ZN_f,delay,0,0,1.000000e-11,1.000000e-15,M2,N,u0,0.02,7.453560e-02,1.674115e-11,1.669305e-11,1.679123e-11,-2.454500e-12,4.950000e-12
NAND2_X1,A_r_ZN_f,delay,0,0,1.000000e-11,1.000000e-15,M3,P,vth,0.010,1.338877e-02,1.674115e-11,1.674218e-11,1.673975e-11,1.215000e-13,-3.700000e-12
NAND2_X1,A_r_ZN_f,delay,0,0,1.000000e-11,1.000000e-15,M3,P,u0,0.02,6.085806e-02,1.674115e-11,1.673552e-11,1.674683e-11,-2.827500e-13,1.250000e-13
NAND2_X1,A_r_ZN_f,delay,0,0,1.000000e-11,1.000000e-15,M4,P,vth,0.010,1.338877e-02,1.674115e-11,1.674115e-11,1.674114e-11,5.000000e-16,-1.000000e-13
NAND2_X1,A_r_ZN_f,delay,0,0,1.000000e-11,1.000000e-15,M4,P,u0,0.02,6.085806e-02,1.674115e-11,1.674115e-11,1.674115e-11,0.000000e+00,0.000000e+00
NAND2_X1,A_r_ZN_f,delay,0,0,1.000000e-11,1.000000e-15,GROUP:N,N,vth,0.010,,1.674115e-11,1.719877e-11,1.630214e-11,4.483150e-11,1.861000e-10
NAND2_X1,A_r_ZN_f,delay,0,0,1.000000e-11,1.000000e-15,GROUP:N,N,u0,0.02,,1.674115e-11,1.662618e-11,1.686081e-11,-5.865750e-12,1.172500e-11
NAND2_X1,A_r_ZN_f,delay,0,0,1.000000e-11,1.000000e-15,GROUP:P,P,vth,0.010,,1.674115e-11,1.674218e-11,1.673975e-11,1.215000e-13,-3.700000e-12
NAND2_X1,A_r_ZN_f,delay,0,0,1.000000e-11,1.000000e-15,GROUP:P,P,u0,0.02,,1.674115e-11,1.673552e-11,1.674683e-11,-2.827500e-13,1.250000e-13
NAND2_X1,A_r_ZN_f,trans,0,0,1.000000e-11,1.000000e-15,M1,N,vth,0.010,1.490712e-02,1.379447e-11,1.40204e-11,1.358107e-11,2.196650e-11,1.253000e-10
NAND2_X1,A_r_ZN_f,trans,0,0,1.000000e-11,1.000000e-15,M1,N,u0,0.02,7.453560e-02,1.379447e-11,1.373562e-11,1.385541e-11,-2.994750e-12,5.225000e-12
NAND2_X1,A_r_ZN_f,trans,0,0,1.000000e-11,1.000000e-15,M2,N,vth,0.010,1.490712e-02,1.379447e-11,1.391524e-11,1.36801e-11,1.175700e-11,6.400000e-11
NAND2_X1,A_r_ZN_f,trans,0,0,1.000000e-11,1.000000e-15,M2,N,u0,0.02,7.453560e-02,1.379447e-11,1.373075e-11,1.386062e-11,-3.246750e-12,6.075000e-12
NAND2_X1,A_r_ZN_f,trans,0,0,1.000000e-11,1.000000e-15,M3,P,vth,0.010,1.338877e-02,1.379447e-11,1.379449e-11,1.379445e-11,2.000000e-15,0.000000e+00
NAND2_X1,A_r_ZN_f,trans,0,0,1.000000e-11,1.000000e-15,M3,P,u0,0.02,6.085806e-02,1.379447e-11,1.379441e-11,1.379453e-11,-3.000000e-15,-4.038968e-24
NAND2_X1,A_r_ZN_f,trans,0,0,1.000000e-11,1.000000e-15,M4,P,vth,0.010,1.338877e-02,1.379447e-11,1.379447e-11,1.379447e-11,0.000000e+00,0.000000e+00
NAND2_X1,A_r_ZN_f,trans,0,0,1.000000e-11,1.000000e-15,M4,P,u0,0.02,6.085806e-02,1.379447e-11,1.379447e-11,1.379447e-11,0.000000e+00,0.000000e+00
NAND2_X1,A_r_ZN_f,trans,0,0,1.000000e-11,1.000000e-15,GROUP:N,N,vth,0.010,,1.379447e-11,1.414057e-11,1.346603e-11,3.372700e-11,1.766000e-10
NAND2_X1,A_r_ZN_f,trans,0,0,1.000000e-11,1.000000e-15,GROUP:N,N,u0,0.02,,1.379447e-11,1.367197e-11,1.392205e-11,-6.252000e-12,1.270000e-11
NAND2_X1,A_r_ZN_f,trans,0,0,1.000000e-11,1.000000e-15,GROUP:P,P,vth,0.010,,1.379447e-11,1.379448e-11,1.379446e-11,1.000000e-15,-1.615587e-23
NAND2_X1,A_r_ZN_f,trans,0,0,1.000000e-11,1.000000e-15,GROUP:P,P,u0,0.02,,1.379447e-11,1.379441e-11,1.379453e-11,-3.000000e-15,-4.038968e-24
NAND2_X1,A_r_ZN_f,delay,0,1,1.000000e-11,4.000000e-15,M1,N,vth,0.010,1.490712e-02,2.582710e-11,2.638246e-11,2.529236e-11,5.450500e-11,2.062000e-10
NAND2_X1,A_r_ZN_f,delay,0,1,1.000000e-11,4.000000e-15,M1,N,u0,0.02,7.453560e-02,2.582710e-11,2.572159e-11,2.593667e-11,-5.377000e-12,1.015000e-11
NAND2_X1,A_r_ZN_f,delay,0,1,1.000000e-11,4.000000e-15,M2,N,vth,0.010,1.490712e-02,2.582710e-11,2.599449e-11,2.566842e-11,1.630350e-11,8.710000e-11
NAND2_X1,A_r_ZN_f,delay,0,1,1.000000e-11,4.000000e-15,M2,N,u0,0.02,7.453560e-02,2.582710e-11,2.574027e-11,2.591751e-11,-4.431000e-12,8.950000e-12
NAND2_X1,A_r_ZN_f,delay,0,1,1.000000e-11,4.000000e-15,M3,P,vth,0.010,1.338877e-02,2.582710e-11,2.582151e-11,2.583237e-11,-5.430000e-13,-3.200000e-12
NAND2_X1,A_r_ZN_f,delay,0,1,1.000000e-11,4.000000e-15,M3,P,u0,0.02,6.085806e-02,2.582710e-11,2.582351e-11,2.58307e-11,-1.797500e-13,2.500000e-14
NAND2_X1,A_r_ZN_f,delay,0,1,1.000000e-11,4.000000e-15,M4,P,vth,0.010,1.338877e-02,2.582710e-11,2.58271e-11,2.58271e-11,0.000000e+00,0.000000e+00
NAND2_X1,A_r_ZN_f,delay,0,1,1.000000e-11,4.000000e-15,M4,P,u0,0.02,6.085806e-02,2.582710e-11,2.58271e-11,2.58271e-11,0.000000e+00,0.000000e+00
NAND2_X1,A_r_ZN_f,delay,0,1,1.000000e-11,4.000000e-15,GROUP:N,N,vth,0.010,,2.582710e-11,2.655108e-11,2.513482e-11,7.081300e-11,3.170000e-10
NAND2_X1,A_r_ZN_f,delay,0,1,1.000000e-11,4.000000e-15,GROUP:N,N,u0,0.02,,2.582710e-11,2.56349e-11,2.60272e-11,-9.807500e-12,1.975000e-11
NAND2_X1,A_r_ZN_f,delay,0,1,1.000000e-11,4.000000e-15,GROUP:P,P,vth,0.010,,2.582710e-11,2.582151e-11,2.583237e-11,-5.430000e-13,-3.200000e-12
NAND2_X1,A_r_ZN_f,delay,0,1,1.000000e-11,4.000000e-15,GROUP:P,P,u0,0.02,,2.582710e-11,2.582351e-11,2.58307e-11,-1.797500e-13,2.500000e-14
NAND2_X1,A_r_ZN_f,trans,0,1,1.000000e-11,4.000000e-15,M1,N,vth,0.010,1.490712e-02,2.556354e-11,2.600426e-11,2.514716e-11,4.285500e-11,2.434000e-10
NAND2_X1,A_r_ZN_f,trans,0,1,1.000000e-11,4.000000e-15,M1,N,u0,0.02,7.453560e-02,2.556354e-11,2.545195e-11,2.567961e-11,-5.691500e-12,1.120000e-11
NAND2_X1,A_r_ZN_f,trans,0,1,1.000000e-11,4.000000e-15,M2,N,vth,0.010,1.490712e-02,2.556354e-11,2.57795e-11,2.535909e-11,2.102050e-11,1.151000e-10
NAND2_X1,A_r_ZN_f,trans,0,1,1.000000e-11,4.000000e-15,M2,N,u0,0.02,7.453560e-02,2.556354e-11,2.544948e-11,2.568234e-11,-5.821500e-12,1.185000e-11
NAND2_X1,A_r_ZN_f,trans,0,1,1.000000e-11,4.000000e-15,M3,P,vth,0.010,1.338877e-02,2.556354e-11,2.556355e-11,2.556353e-11,1.000000e-15,-3.231174e-23
NAND2_X1,A_r_ZN_f,trans,0,1,1.000000e-11,4.000000e-15,M3,P,u0,0.02,6.085806e-02,2.556354e-11,2.556355e-11,2.556352e-11,7.500000e-16,-2.500000e-14
NAND2_X1,A_r_ZN_f,trans,0,1,1.000000e-11,4.000000e-15,M4,P,vth,0.010,1.338877e-02,2.556354e-11,2.556353e-11,2.556354e-11,-5.000000e-16,-1.000000e-13
NAND2_X1,A_r_ZN_f,trans,0,1,1.000000e-11,4.000000e-15,M4,P,u0,0.02,6.085806e-02,2.556354e-11,2.556354e-11,2.556354e-11,0.000000e+00,0.000000e+00
NAND2_X1,A_r_ZN_f,trans,0,1,1.000000e-11,4.000000e-15,GROUP:N,N,vth,0.010,,2.556354e-11,2.62195e-11,2.49419e-11,6.388000e-11,3.432000e-10
NAND2_X1,A_r_ZN_f,trans,0,1,1.000000e-11,4.000000e-15,GROUP:N,N,u0,0.02,,2.556354e-11,2.533794e-11,2.579847e-11,-1.151325e-11,2.332500e-11
NAND2_X1,A_r_ZN_f,trans,0,1,1.000000e-11,4.000000e-15,GROUP:P,P,vth,0.010,,2.556354e-11,2.556354e-11,2.556354e-11,0.000000e+00,0.000000e+00
NAND2_X1,A_r_ZN_f,trans,0,1,1.000000e-11,4.000000e-15,GROUP:P,P,u0,0.02,,2.556354e-11,2.556355e-11,2.556352e-11,7.500000e-16,-2.500000e-14
NAND2_X1,A_r_ZN_f,delay,0,2,1.000000e-11,1.200000e-14,M1,N,vth,0.010,1.490712e-02,4.971340e-11,5.076515e-11,4.87052e-11,1.029975e-10,4.355000e-10
NAND2_X1,A_r_ZN_f,delay,0,2,1.000000e-11,1.200000e-14,M1,N,u0,0.02,7.453560e-02,4.971340e-11,4.950704e-11,4.992789e-11,-1.052125e-11,2.032500e-11
NAND2_X1,A_r_ZN_f,delay,0,2,1.000000e-11,1.200000e-14,M2,N,vth,0.010,1.490712e-02,4.971340e-11,5.00803e-11,4.936586e-11,3.572200e-11,1.936000e-10
NAND2_X1,A_r_ZN_f,delay,0,2,1.000000e-11,1.200000e-14,M2,N,u0,0.02,7.453560e-02,4.971340e-11,4.95249e-11,4.990972e-11,-9.620500e-12,1.955000e-11
NAND2_X1,A_r_ZN_f,delay,0,2,1.000000e-11,1.200000e-14,M3,P,vth,0.010,1.338877e-02,4.971340e-11,4.970206e-11,4.972456e-11,-1.125000e-12,-1.800000e-12
NAND2_X1,A_r_ZN_f,delay,0,2,1.000000e-11,1.200000e-14,M3,P,u0,0.02,6.085806e-02,4.971340e-11,4.971163e-11,4.971517e-11,-8.850000e-14,0.000000e+00
NAND2_X1,A_r_ZN_f,delay,0,2,1.000000e-11,1.200000e-14,M4,P,vth,0.010,1.338877e-02,4.971340e-11,4.971339e-11,4.97134e-11,-5.000000e-16,-1.000000e-13
NAND2_X1,A_r_ZN_f,delay,0,2,1.000000e-11,1.200000e-14,M4,P,u0,0.02,6.085806e-02,4.971340e-11,4.97134e-11,4.97134e-11,0.000000e+00,0.000000e+00
NAND2_X1,A_r_ZN_f,delay,0,2,1.000000e-11,1.200000e-14,GROUP:N,N,vth,0.010,,4.971340e-11,5.113377e-11,4.835926e-11,1.387255e-10,6.623000e-10
NAND2_X1,A_r_ZN_f,delay,0,2,1.000000e-11,1.200000e-14,GROUP:N,N,u0,0.02,,4.971340e-11,4.931875e-11,5.012443e-11,-2.014200e-11,4.095000e-11
NAND2_X1,A_r_ZN_f,delay,0,2,1.000000e-11,1.200000e-14,GROUP:P,P,vth,0.010,,4.971340e-11,4.970205e-11,4.972457e-11,-1.126000e-12,-1.800000e-12
NAND2_X1,A_r_ZN_f,delay,0,2,1.000000e-11,1.200000e-14,GROUP:P,P,u0,0.02,,4.971340e-11,4.971163e-11,4.971517e-11,-8.850000e-14,0.000000e+00
NAND2_X1,A_r_ZN_f,trans,0,2,1.000000e-11,1.200000e-14,M1,N,vth,0.010,1.490712e-02,5.688010e-11,5.789642e-11,5.591705e-11,9.896850e-11,5.327000e-10
NAND2_X1,A_r_ZN_f,trans,0,2,1.000000e-11,1.200000e-14,M1,N,u0,0.02,7.453560e-02,5.688010e-11,5.662682e-11,5.714357e-11,-1.291875e-11,2.547500e-11
NAND2_X1,A_r_ZN_f,trans,0,2,1.000000e-11,1.200000e-14,M2,N,vth,0.010,1.490712e-02,5.688010e-11,5.734757e-11,5.643681e-11,4.553800e-11,2.418000e-10
NAND2_X1,A_r_ZN_f,trans,0,2,1.000000e-11,1.200000e-14,M2,N,u0,0.02,7.453560e-02,5.688010e-11,5.663261e-11,5.713791e-11,-1.263250e-11,2.580000e-11
NAND2_X1,A_r_ZN_f,trans,0,2,1.000000e-11,1.200000e-14,M3,P,vth,0.010,1.338877e-02,5.688010e-11,5.68801e-11,5.68801e-11,0.000000e+00,0.000000e+00
NAND2_X1,A_r_ZN_f,trans,0,2,1.000000e-11,1.200000e-14,M3,P,u0,0.02,6.085806e-02,5.688010e-11,5.688011e-11,5.68801e-11,2.500000e-16,2.500000e-14
NAND2_X1,A_r_ZN_f,trans,0,2,1.000000e-11,1.200000e-14,M4,P,vth,0.010,1.338877e-02,5.688010e-11,5.688009e-11,5.688012e-11,-1.500000e-15,1.000000e-13
NAND2_X1,A_r_ZN_f,trans,0,2,1.000000e-11,1.200000e-14,M4,P,u0,0.02,6.085806e-02,5.688010e-11,5.68801e-11,5.68801e-11,0.000000e+00,0.000000e+00
NAND2_X1,A_r_ZN_f,trans,0,2,1.000000e-11,1.200000e-14,GROUP:N,N,vth,0.010,,5.688010e-11,5.836382e-11,5.547368e-11,1.445070e-10,7.730000e-10
NAND2_X1,A_r_ZN_f,trans,0,2,1.000000e-11,1.200000e-14,GROUP:N,N,u0,0.02,,5.688010e-11,5.637947e-11,5.740153e-11,-2.555150e-11,5.200000e-11
NAND2_X1,A_r_ZN_f,trans,0,2,1.000000e-11,1.200000e-14,GROUP:P,P,vth,0.010,,5.688010e-11,5.688009e-11,5.688012e-11,-1.500000e-15,1.000000e-13
NAND2_X1,A_r_ZN_f,trans,0,2,1.000000e-11,1.200000e-14,GROUP:P,P,u0,0.02,,5.688010e-11,5.688011e-11,5.68801e-11,2.500000e-16,2.500000e-14
NAND2_X1,A_r_ZN_f,delay,1,0,3.000000e-11,1.000000e-15,M1,N,vth,0.010,1.490712e-02,2.374415e-11,2.430824e-11,2.318144e-11,5.634000e-11,1.380000e-11
NAND2_X1,A_r_ZN_f,delay,1,0,3.000000e-11,1.000000e-15,M1,N,u0,0.02,7.453560e-02,2.374415e-11,2.365753e-11,2.383348e-11,-4.398750e-12,6.775000e-12
NAND2_X1,A_r_ZN_f,delay,1,0,3.000000e-11,1.000000e-15,M2,N,vth,0.010,1.490712e-02,2.374415e-11,2.382071e-11,2.367098e-11,7.486500e-12,3.390000e-11
NAND2_X1,A_r_ZN_f,delay,1,0,3.000000e-11,1.000000e-15,M2,N,u0,0.02,7.453560e-02,2.374415e-11,2.369941e-11,2.379064e-11,-2.280750e-12,4.375000e-12
NAND2_X1,A_r_ZN_f,delay,1,0,3.000000e-11,1.000000e-15,M3,P,vth,0.010,1.338877e-02,2.374415e-11,2.375126e-11,2.373757e-11,6.845000e-13,5.300000e-12
NAND2_X1,A_r_ZN_f,delay,1,0,3.000000e-11,1.000000e-15,M3,P,u0,0.02,6.085806e-02,2.374415e-11,2.373585e-11,2.37526e-11,-4.187500e-13,3.750000e-13
NAND2_X1,A_r_ZN_f,delay,1,0,3.000000e-11,1.000000e-15,M4,P,vth,0.010,1.338877e-02,2.374415e-11,2.374415e-11,2.374415e-11,0.000000e+00,0.000000e+00
NAND2_X1,A_r_ZN_f,delay,1,0,3.000000e-11,1.000000e-15,M4,P,u0,0.02,6.085806e-02,2.374415e-11,2.374415e-11,2.374415e-11,0.000000e+00,0.000000e+00
NAND2_X1,A_r_ZN_f,delay,1,0,3.000000e-11,1.000000e-15,GROUP:N,N,vth,0.010,,2.374415e-11,2.438493e-11,2.310825e-11,6.383400e-11,4.880000e-11
NAND2_X1,A_r_ZN_f,delay,1,0,3.000000e-11,1.000000e-15,GROUP:N,N,u0,0.02,,2.374415e-11,2.361271e-11,2.388005e-11,-6.683500e-12,1.115000e-11
NAND2_X1,A_r_ZN_f,delay,1,0,3.000000e-11,1.000000e-15,GROUP:P,P,vth,0.010,,2.374415e-11,2.375126e-11,2.373757e-11,6.845000e-13,5.300000e-12
NAND2_X1,A_r_ZN_f,delay,1,0,3.000000e-11,1.000000e-15,GROUP:P,P,u0,0.02,,2.374415e-11,2.373585e-11,2.37526e-11,-4.187500e-13,3.750000e-13
NAND2_X1,A_r_ZN_f,trans,1,0,3.000000e-11,1.000000e-15,M1,N,vth,0.010,1.490712e-02,1.577633e-11,1.583277e-11,1.573564e-11,4.856500e-12,1.575000e-10
NAND2_X1,A_r_ZN_f,trans,1,0,3.000000e-11,1.000000e-15,M1,N,u0,0.02,7.453560e-02,1.577633e-11,1.573992e-11,1.581524e-11,-1.883000e-12,6.250000e-12
NAND2_X1,A_r_ZN_f,trans,1,0,3.000000e-11,1.000000e-15,M2,N,vth,0.010,1.490712e-02,1.577633e-11,1.586965e-11,1.568851e-11,9.057000e-12,5.500000e-11
NAND2_X1,A_r_ZN_f,trans,1,0,3.000000e-11,1.000000e-15,M2,N,u0,0.02,7.453560e-02,1.577633e-11,1.572715e-11,1.582834e-11,-2.529750e-12,7.075000e-12
NAND2_X1,A_r_ZN_f,trans,1,0,3.000000e-11,1.000000e-15,M3,P,vth,0.010,1.338877e-02,1.577633e-11,1.577201e-11,1.578044e-11,-4.215000e-13,-2.100000e-12
NAND2_X1,A_r_ZN_f,trans,1,0,3.000000e-11,1.000000e-15,M3,P,u0,0.02,6.085806e-02,1.577633e-11,1.578143e-11,1.577123e-11,2.550000e-13,0.000000e+00
NAND2_X1,A_r_ZN_f,trans,1,0,3.000000e-11,1.000000e-15,M4,P,vth,0.010,1.338877e-02,1.577633e-11,1.577632e-11,1.577633e-11,-5.000000e-16,-1.000000e-13
NAND2_X1,A_r_ZN_f,trans,1,0,3.000000e-11,1.000000e-15,M4,P,u0,0.02,6.085806e-02,1.577633e-11,1.577633e-11,1.577633e-11,0.000000e+00,0.000000e+00
NAND2_X1,A_r_ZN_f,trans,1,0,3.000000e-11,1.000000e-15,GROUP:N,N,vth,0.010,,1.577633e-11,1.592675e-11,1.564868e-11,1.390350e-11,2.277000e-10
NAND2_X1,A_r_ZN_f,trans,1,0,3.000000e-11,1.000000e-15,GROUP:N,N,u0,0.02,,1.577633e-11,1.569054e-11,1.586671e-11,-4.404250e-12,1.147500e-11
NAND2_X1,A_r_ZN_f,trans,1,0,3.000000e-11,1.000000e-15,GROUP:P,P,vth,0.010,,1.577633e-11,1.577201e-11,1.578045e-11,-4.220000e-13,-2.000000e-12
NAND2_X1,A_r_ZN_f,trans,1,0,3.000000e-11,1.000000e-15,GROUP:P,P,u0,0.02,,1.577633e-11,1.578143e-11,1.577123e-11,2.550000e-13,0.000000e+00
NAND2_X1,A_r_ZN_f,delay,1,1,3.000000e-11,4.000000e-15,M1,N,vth,0.010,1.490712e-02,3.291998e-11,3.364296e-11,3.22164e-11,7.132800e-11,1.940000e-10
NAND2_X1,A_r_ZN_f,delay,1,1,3.000000e-11,4.000000e-15,M1,N,u0,0.02,7.453560e-02,3.291998e-11,3.280028e-11,3.304402e-11,-6.093500e-12,1.085000e-11
NAND2_X1,A_r_ZN_f,delay,1,1,3.000000e-11,4.000000e-15,M2,N,vth,0.010,1.490712e-02,3.291998e-11,3.306568e-11,3.278168e-11,1.420000e-11,7.400000e-11
NAND2_X1,A_r_ZN_f,delay,1,1,3.000000e-11,4.000000e-15,M2,N,u0,0.02,7.453560e-02,3.291998e-11,3.284022e-11,3.300303e-11,-4.070250e-12,8.225000e-12
NAND2_X1,A_r_ZN_f,delay,1,1,3.000000e-11,4.000000e-15,M3,P,vth,0.010,1.338877e-02,3.291998e-11,3.292272e-11,3.291728e-11,2.720000e-13,4.000000e-13
NAND2_X1,A_r_ZN_f,delay,1,1,3.000000e-11,4.000000e-15,M3,P,u0,0.02,6.085806e-02,3.291998e-11,3.291334e-11,3.292671e-11,-3.342500e-13,2.250000e-13
NAND2_X1,A_r_ZN_f,delay,1,1,3.000000e-11,4.000000e-15,M4,P,vth,0.010,1.338877e-02,3.291998e-11,3.291998e-11,3.291998e-11,0.000000e+00,0.000000e+00
NAND2_X1,A_r_ZN_f,delay,1,1,3.000000e-11,4.000000e-15,M4,P,u0,0.02,6.085806e-02,3.291998e-11,3.291998e-11,3.291998e-11,0.000000e+00,0.000000e+00
NAND2_X1,A_r_ZN_f,delay,1,1,3.000000e-11,4.000000e-15,GROUP:N,N,vth,0.010,,3.291998e-11,3.379073e-11,3.208006e-11,8.553350e-11,3.083000e-10
NAND2_X1,A_r_ZN_f,delay,1,1,3.000000e-11,4.000000e-15,GROUP:N,N,u0,0.02,,3.291998e-11,3.272067e-11,3.312723e-11,-1.016400e-11,1.985000e-11
NAND2_X1,A_r_ZN_f,delay,1,1,3.000000e-11,4.000000e-15,GROUP:P,P,vth,0.010,,3.291998e-11,3.292272e-11,3.291728e-11,2.720000e-13,4.000000e-13
NAND2_X1,A_r_ZN_f,delay,1,1,3.000000e-11,4.000000e-15,GROUP:P,P,u0,0.02,,3.291998e-11,3.291334e-11,3.292671e-11,-3.342500e-13,2.250000e-13
NAND2_X1,A_r_ZN_f,trans,1,1,3.000000e-11,4.000000e-15,M1,N,vth,0.010,1.490712e-02,2.601027e-11,2.635916e-11,2.569208e-11,3.335400e-11,3.070000e-10
NAND2_X1,A_r_ZN_f,trans,1,1,3.000000e-11,4.000000e-15,M1,N,u0,0.02,7.453560e-02,2.601027e-11,2.591188e-11,2.611266e-11,-5.019500e-12,1.000000e-11
NAND2_X1,A_r_ZN_f,trans,1,1,3.000000e-11,4.000000e-15,M2,N,vth,0.010,1.490712e-02,2.601027e-11,2.620958e-11,2.582136e-11,1.941100e-11,1.040000e-10
NAND2_X1,A_r_ZN_f,trans,1,1,3.000000e-11,4.000000e-15,M2,N,u0,0.02,7.453560e-02,2.601027e-11,2.590493e-11,2.612001e-11,-5.377000e-12,1.100000e-11
NAND2_X1,A_r_ZN_f,trans,1,1,3.000000e-11,4.000000e-15,M3,P,vth,0.010,1.338877e-02,2.601027e-11,2.600962e-11,2.601091e-11,-6.450000e-14,-1.000000e-13
NAND2_X1,A_r_ZN_f,trans,1,1,3.000000e-11,4.000000e-15,M3,P,u0,0.02,6.085806e-02,2.601027e-11,2.601183e-11,2.600869e-11,7.850000e-14,-5.000000e-14
NAND2_X1,A_r_ZN_f,trans,1,1,3.000000e-11,4.000000e-15,M4,P,vth,0.010,1.338877e-02,2.601027e-11,2.601026e-11,2.601028e-11,-1.000000e-15,0.000000e+00
NAND2_X1,A_r_ZN_f,trans,1,1,3.000000e-11,4.000000e-15,M4,P,u0,0.02,6.085806e-02,2.601027e-11,2.601027e-11,2.601027e-11,0.000000e+00,0.000000e+00
NAND2_X1,A_r_ZN_f,trans,1,1,3.000000e-11,4.000000e-15,GROUP:N,N,vth,0.010,,2.601027e-11,2.655982e-11,2.550463e-11,5.275950e-11,4.391000e-10
NAND2_X1,A_r_ZN_f,trans,1,1,3.000000e-11,4.000000e-15,GROUP:N,N,u0,0.02,,2.601027e-11,2.580688e-11,2.622265e-11,-1.039425e-11,2.247500e-11
NAND2_X1,A_r_ZN_f,trans,1,1,3.000000e-11,4.000000e-15,GROUP:P,P,vth,0.010,,2.601027e-11,2.600962e-11,2.601092e-11,-6.500000e-14,0.000000e+00
NAND2_X1,A_r_ZN_f,trans,1,1,3.000000e-11,4.000000e-15,GROUP:P,P,u0,0.02,,2.601027e-11,2.601183e-11,2.600869e-11,7.850000e-14,-5.000000e-14
NAND2_X1,A_r_ZN_f,delay,1,2,3.000000e-11,1.200000e-14,M1,N,vth,0.010,1.490712e-02,5.689694e-11,5.812395e-11,5.57122e-11,1.205875e-10,4.227000e-10
NAND2_X1,A_r_ZN_f,delay,1,2,3.000000e-11,1.200000e-14,M1,N,u0,0.02,7.453560e-02,5.689694e-11,5.667529e-11,5.712703e-11,-1.129350e-11,2.110000e-11
NAND2_X1,A_r_ZN_f,delay,1,2,3.000000e-11,1.200000e-14,M2,N,vth,0.010,1.490712e-02,5.689694e-11,5.724331e-11,5.656866e-11,3.373250e-11,1.809000e-10
NAND2_X1,A_r_ZN_f,delay,1,2,3.000000e-11,1.200000e-14,M2,N,u0,0.02,7.453560e-02,5.689694e-11,5.671482e-11,5.708663e-11,-9.295250e-12,1.892500e-11
NAND2_X1,A_r_ZN_f,delay,1,2,3.000000e-11,1.200000e-14,M3,P,vth,0.010,1.338877e-02,5.689694e-11,5.689199e-11,5.690173e-11,-4.870000e-13,-1.600000e-12
NAND2_X1,A_r_ZN_f,delay,1,2,3.000000e-11,1.200000e-14,M3,P,u0,0.02,6.085806e-02,5.689694e-11,5.689282e-11,5.690108e-11,-2.065000e-13,5.000000e-14
NAND2_X1,A_r_ZN_f,delay,1,2,3.000000e-11,1.200000e-14,M4,P,vth,0.010,1.338877e-02,5.689694e-11,5.689693e-11,5.689694e-11,-5.000000e-16,-1.000000e-13
NAND2_X1,A_r_ZN_f,delay,1,2,3.000000e-11,1.200000e-14,M4,P,u0,0.02,6.085806e-02,5.689694e-11,5.689694e-11,5.689694e-11,0.000000e+00,0.000000e+00
NAND2_X1,A_r_ZN_f,delay,1,2,3.000000e-11,1.200000e-14,GROUP:N,N,vth,0.010,,5.689694e-11,5.847294e-11,5.538639e-11,1.543275e-10,6.545000e-10
NAND2_X1,A_r_ZN_f,delay,1,2,3.000000e-11,1.200000e-14,GROUP:N,N,u0,0.02,,5.689694e-11,5.649339e-11,5.731695e-11,-2.058900e-11,4.115000e-11
NAND2_X1,A_r_ZN_f,delay,1,2,3.000000e-11,1.200000e-14,GROUP:P,P,vth,0.010,,5.689694e-11,5.689199e-11,5.690174e-11,-4.875000e-13,-1.500000e-12
NAND2_X1,A_r_ZN_f,delay,1,2,3.000000e-11,1.200000e-14,GROUP:P,P,u0,0.02,,5.689694e-11,5.689282e-11,5.690108e-11,-2.065000e-13,5.000000e-14
NAND2_X1,A_r_ZN_f,trans,1,2,3.000000e-11,1.200000e-14,M1,N,vth,0.010,1.490712e-02,5.687999e-11,5.789635e-11,5.59169e-11,9.897250e-11,5.327000e-10
NAND2_X1,A_r_ZN_f,trans,1,2,3.000000e-11,1.200000e-14,M1,N,u0,0.02,7.453560e-02,5.687999e-11,5.662672e-11,5.714349e-11,-1.291925e-11,2.557500e-11
NAND2_X1,A_r_ZN_f,trans,1,2,3.000000e-11,1.200000e-14,M2,N,vth,0.010,1.490712e-02,5.687999e-11,5.734748e-11,5.643675e-11,4.553650e-11,2.425000e-10
NAND2_X1,A_r_ZN_f,trans,1,2,3.000000e-11,1.200000e-14,M2,N,u0,0.02,7.453560e-02,5.687999e-11,5.663248e-11,5.713781e-11,-1.263325e-11,2.577500e-11
NAND2_X1,A_r_ZN_f,trans,1,2,3.000000e-11,1.200000e-14,M3,P,vth,0.010,1.338877e-02,5.687999e-11,5.687999e-11,5.688e-11,-5.000000e-16,1.000000e-13
NAND2_X1,A_r_ZN_f,trans,1,2,3.000000e-11,1.200000e-14,M3,P,u0,0.02,6.085806e-02,5.687999e-11,5.688e-11,5.687999e-11,2.500000e-16,2.500000e-14
NAND2_X1,A_r_ZN_f,trans,1,2,3.000000e-11,1.200000e-14,M4,P,vth,0.010,1.338877e-02,5.687999e-11,5.687998e-11,5.688001e-11,-1.500000e-15,1.000000e-13
NAND2_X1,A_r_ZN_f,trans,1,2,3.000000e-11,1.200000e-14,M4,P,u0,0.02,6.085806e-02,5.687999e-11,5.688e-11,5.687999e-11,2.500000e-16,2.500000e-14
NAND2_X1,A_r_ZN_f,trans,1,2,3.000000e-11,1.200000e-14,GROUP:N,N,vth,0.010,,5.687999e-11,5.836377e-11,5.547351e-11,1.445130e-10,7.730000e-10
NAND2_X1,A_r_ZN_f,trans,1,2,3.000000e-11,1.200000e-14,GROUP:N,N,u0,0.02,,5.687999e-11,5.637937e-11,5.740146e-11,-2.555225e-11,5.212500e-11
NAND2_X1,A_r_ZN_f,trans,1,2,3.000000e-11,1.200000e-14,GROUP:P,P,vth,0.010,,5.687999e-11,5.687998e-11,5.688001e-11,-1.500000e-15,1.000000e-13
NAND2_X1,A_r_ZN_f,trans,1,2,3.000000e-11,1.200000e-14,GROUP:P,P,u0,0.02,,5.687999e-11,5.688e-11,5.687999e-11,2.500000e-16,2.500000e-14
NAND2_X1,A_r_ZN_f,delay,2,0,8.000000e-11,1.000000e-15,M1,N,vth,0.010,1.490712e-02,3.500935e-11,3.641778e-11,3.360784e-11,1.404970e-10,6.920000e-11
NAND2_X1,A_r_ZN_f,delay,2,0,8.000000e-11,1.000000e-15,M1,N,u0,0.02,7.453560e-02,3.500935e-11,3.483373e-11,3.519016e-11,-8.910750e-12,1.297500e-11
NAND2_X1,A_r_ZN_f,delay,2,0,8.000000e-11,1.000000e-15,M2,N,vth,0.010,1.490712e-02,3.500935e-11,3.510639e-11,3.491615e-11,9.512000e-12,3.840000e-11
NAND2_X1,A_r_ZN_f,delay,2,0,8.000000e-11,1.000000e-15,M2,N,u0,0.02,7.453560e-02,3.500935e-11,3.494671e-11,3.50743e-11,-3.189750e-12,5.775000e-12
NAND2_X1,A_r_ZN_f,delay,2,0,8.000000e-11,1.000000e-15,M3,P,vth,0.010,1.338877e-02,3.500935e-11,3.497579e-11,3.504968e-11,-3.694500e-12,6.770000e-11
NAND2_X1,A_r_ZN_f,delay,2,0,8.000000e-11,1.000000e-15,M3,P,u0,0.02,6.085806e-02,3.500935e-11,3.500477e-11,3.501426e-11,-2.372500e-13,8.250000e-13
NAND2_X1,A_r_ZN_f,delay,2,0,8.000000e-11,1.000000e-15,M4,P,vth,0.010,1.338877e-02,3.500935e-11,3.500935e-11,3.500936e-11,-5.000000e-16,1.000000e-13
NAND2_X1,A_r_ZN_f,delay,2,0,8.000000e-11,1.000000e-15,M4,P,u0,0.02,6.085806e-02,3.500935e-11,3.500936e-11,3.500935e-11,2.500000e-16,2.500000e-14
NAND2_X1,A_r_ZN_f,delay,2,0,8.000000e-11,1.000000e-15,GROUP:N,N,vth,0.010,,3.500935e-11,3.651483e-11,3.351465e-11,1.500090e-10,1.078000e-10
NAND2_X1,A_r_ZN_f,delay,2,0,8.000000e-11,1.000000e-15,GROUP:N,N,u0,0.02,,3.500935e-11,3.477102e-11,3.525505e-11,-1.210075e-11,1.842500e-11
NAND2_X1,A_r_ZN_f,delay,2,0,8.000000e-11,1.000000e-15,GROUP:P,P,vth,0.010,,3.500935e-11,3.497578e-11,3.504968e-11,-3.695000e-12,6.760000e-11
NAND2_X1,A_r_ZN_f,delay,2,0,8.000000e-11,1.000000e-15,GROUP:P,P,u0,0.02,,3.500935e-11,3.500477e-11,3.501426e-11,-2.372500e-13,8.250000e-13
NAND2_X1,A_r_ZN_f,trans,2,0,8.000000e-11,1.000000e-15,M1,N,vth,0.010,1.490712e-02,2.581075e-11,2.585892e-11,2.575883e-11,5.004500e-12,-3.750000e-11
NAND2_X1,A_r_ZN_f,trans,2,0,8.000000e-11,1.000000e-15,M1,N,u0,0.02,7.453560e-02,2.581075e-11,2.576389e-11,2.585934e-11,-2.386250e-12,4.325000e-12
NAND2_X1,A_r_ZN_f,trans,2,0,8.000000e-11,1.000000e-15,M2,N,vth,0.010,1.490712e-02,2.581075e-11,2.589289e-11,2.573221e-11,8.034000e-12,3.600000e-11
NAND2_X1,A_r_ZN_f,trans,2,0,8.000000e-11,1.000000e-15,M2,N,u0,0.02,7.453560e-02,2.581075e-11,2.576143e-11,2.586159e-11,-2.504000e-12,3.800000e-12
NAND2_X1,A_r_ZN_f,trans,2,0,8.000000e-11,1.000000e-15,M3,P,vth,0.010,1.338877e-02,2.581075e-11,2.583158e-11,2.578575e-11,2.291500e-12,-4.170000e-11
NAND2_X1,A_r_ZN_f,trans,2,0,8.000000e-11,1.000000e-15,M3,P,u0,0.02,6.085806e-02,2.581075e-11,2.581559e-11,2.580561e-11,2.495000e-13,-7.500000e-13
NAND2_X1,A_r_ZN_f,trans,2,0,8.000000e-11,1.000000e-15,M4,P,vth,0.010,1.338877e-02,2.581075e-11,2.581074e-11,2.581076e-11,-1.000000e-15,0.000000e+00
NAND2_X1,A_r_ZN_f,trans,2,0,8.000000e-11,1.000000e-15,M4,P,u0,0.02,6.085806e-02,2.581075e-11,2.581075e-11,2.581075e-11,0.000000e+00,0.000000e+00
NAND2_X1,A_r_ZN_f,trans,2,0,8.000000e-11,1.000000e-15,GROUP:N,N,vth,0.010,,2.581075e-11,2.594131e-11,2.568011e-11,1.306000e-11,-8.000000e-13
NAND2_X1,A_r_ZN_f,trans,2,0,8.000000e-11,1.000000e-15,GROUP:N,N,u0,0.02,,2.581075e-11,2.57148e-11,2.591037e-11,-4.889250e-12,9.175000e-12
NAND2_X1,A_r_ZN_f,trans,2,0,8.000000e-11,1.000000e-15,GROUP:P,P,vth,0.010,,2.581075e-11,2.583158e-11,2.578576e-11,2.291000e-12,-4.160000e-11
NAND2_X1,A_r_ZN_f,trans,2,0,8.000000e-11,1.000000e-15,GROUP:P,P,u0,0.02,,2.581075e-11,2.581559e-11,2.580561e-11,2.495000e-13,-7.500000e-13
NAND2_X1,A_r_ZN_f,delay,2,1,8.000000e-11,4.000000e-15,M1,N,vth,0.010,1.490712e-02,4.898940e-11,5.043887e-11,4.754438e-11,1.447245e-10,4.450000e-11
NAND2_X1,A_r_ZN_f,delay,2,1,8.000000e-11,4.000000e-15,M1,N,u0,0.02,7.453560e-02,4.898940e-11,4.879034e-11,4.919454e-11,-1.010500e-11,1.520000e-11
NAND2_X1,A_r_ZN_f,delay,2,1,8.000000e-11,4.000000e-15,M2,N,vth,0.010,1.490712e-02,4.898940e-11,4.913735e-11,4.884783e-11,1.447600e-11,6.380000e-11
NAND2_X1,A_r_ZN_f,delay,2,1,8.000000e-11,4.000000e-15,M2,N,u0,0.02,7.453560e-02,4.898940e-11,4.889824e-11,4.908408e-11,-4.646000e-12,8.800000e-12
NAND2_X1,A_r_ZN_f,delay,2,1,8.000000e-11,4.000000e-15,M3,P,vth,0.010,1.338877e-02,4.898940e-11,4.897824e-11,4.900405e-11,-1.290500e-12,3.490000e-11
NAND2_X1,A_r_ZN_f,delay,2,1,8.000000e-11,4.000000e-15,M3,P,u0,0.02,6.085806e-02,4.898940e-11,4.898238e-11,4.899665e-11,-3.567500e-13,5.750000e-13
NAND2_X1,A_r_ZN_f,delay,2,1,8.000000e-11,4.000000e-15,M4,P,vth,0.010,1.338877e-02,4.898940e-11,4.898939e-11,4.89894e-11,-5.000000e-16,-1.000000e-13
NAND2_X1,A_r_ZN_f,delay,2,1,8.000000e-11,4.000000e-15,M4,P,u0,0.02,6.085806e-02,4.898940e-11,4.89894e-11,4.89894e-11,0.000000e+00,0.000000e+00
NAND2_X1,A_r_ZN_f,delay,2,1,8.000000e-11,4.000000e-15,GROUP:N,N,vth,0.010,,4.898940e-11,5.05867e-11,4.740266e-11,1.592020e-10,1.056000e-10
NAND2_X1,A_r_ZN_f,delay,2,1,8.000000e-11,4.000000e-15,GROUP:N,N,u0,0.02,,4.898940e-11,4.869912e-11,4.928913e-11,-1.475025e-11,2.362500e-11
NAND2_X1,A_r_ZN_f,delay,2,1,8.000000e-11,4.000000e-15,GROUP:P,P,vth,0.010,,4.898940e-11,4.897823e-11,4.900405e-11,-1.291000e-12,3.480000e-11
NAND2_X1,A_r_ZN_f,delay,2,1,8.000000e-11,4.000000e-15,GROUP:P,P,u0,0.02,,4.898940e-11,4.898238e-11,4.899664e-11,-3.565000e-13,5.500000e-13
NAND2_X1,A_r_ZN_f,trans,2,1,8.000000e-11,4.000000e-15,M1,N,vth,0.010,1.490712e-02,3.549512e-11,3.554263e-11,3.544526e-11,4.868500e-12,-2.350000e-11
NAND2_X1,A_r_ZN_f,trans,2,1,8.000000e-11,4.000000e-15,M1,N,u0,0.02,7.453560e-02,3.549512e-11,3.542614e-11,3.55665e-11,-3.509000e-12,6.000000e-12
NAND2_X1,A_r_ZN_f,trans,2,1,8.000000e-11,4.000000e-15,M2,N,vth,0.010,1.490712e-02,3.549512e-11,3.564711e-11,3.535044e-11,1.483350e-11,7.310000e-11
NAND2_X1,A_r_ZN_f,trans,2,1,8.000000e-11,4.000000e-15,M2,N,u0,0.02,7.453560e-02,3.549512e-11,3.541001e-11,3.55837e-11,-4.342250e-12,8.675000e-12
NAND2_X1,A_r_ZN_f,trans,2,1,8.000000e-11,4.000000e-15,M3,P,vth,0.010,1.338877e-02,3.549512e-11,3.55028e-11,3.548496e-11,8.920000e-13,-2.480000e-11
NAND2_X1,A_r_ZN_f,trans,2,1,8.000000e-11,4.000000e-15,M3,P,u0,0.02,6.085806e-02,3.549512e-11,3.550094e-11,3.548911e-11,2.957500e-13,-4.750000e-13
NAND2_X1,A_r_ZN_f,trans,2,1,8.000000e-11,4.000000e-15,M4,P,vth,0.010,1.338877e-02,3.549512e-11,3.549512e-11,3.549513e-11,-5.000000e-16,1.000000e-13
NAND2_X1,A_r_ZN_f,trans,2,1,8.000000e-11,4.000000e-15,M4,P,u0,0.02,6.085806e-02,3.549512e-11,3.549512e-11,3.549512e-11,0.000000e+00,0.000000e+00
NAND2_X1,A_r_ZN_f,trans,2,1,8.000000e-11,4.000000e-15,GROUP:N,N,vth,0.010,,3.549512e-11,3.569473e-11,3.530069e-11,1.970200e-11,5.180000e-11
NAND2_X1,A_r_ZN_f,trans,2,1,8.000000e-11,4.000000e-15,GROUP:N,N,u0,0.02,,3.549512e-11,3.53411e-11,3.565516e-11,-7.851500e-12,1.505000e-11
NAND2_X1,A_r_ZN_f,trans,2,1,8.000000e-11,4.000000e-15,GROUP:P,P,vth,0.010,,3.549512e-11,3.550279e-11,3.548497e-11,8.910000e-13,-2.480000e-11
NAND2_X1,A_r_ZN_f,trans,2,1,8.000000e-11,4.000000e-15,GROUP:P,P,u0,0.02,,3.549512e-11,3.550094e-11,3.548911e-11,2.957500e-13,-4.750000e-13
NAND2_X1,A_r_ZN_f,delay,2,2,8.000000e-11,1.200000e-14,M1,N,vth,0.010,1.490712e-02,7.518977e-11,7.684647e-11,7.357263e-11,1.636920e-10,3.956000e-10
NAND2_X1,A_r_ZN_f,delay,2,2,8.000000e-11,1.200000e-14,M1,N,u0,0.02,7.453560e-02,7.518977e-11,7.493061e-11,7.545813e-11,-1.318800e-11,2.300000e-11
NAND2_X1,A_r_ZN_f,delay,2,2,8.000000e-11,1.200000e-14,M2,N,vth,0.010,1.490712e-02,7.518977e-11,7.548651e-11,7.490803e-11,2.892400e-11,1.500000e-10
NAND2_X1,A_r_ZN_f,delay,2,2,8.000000e-11,1.200000e-14,M2,N,u0,0.02,7.453560e-02,7.518977e-11,7.502324e-11,7.536327e-11,-8.500750e-12,1.742500e-11
NAND2_X1,A_r_ZN_f,delay,2,2,8.000000e-11,1.200000e-14,M3,P,vth,0.010,1.338877e-02,7.518977e-11,7.518468e-11,7.519607e-11,-5.695000e-13,1.210000e-11
NAND2_X1,A_r_ZN_f,delay,2,2,8.000000e-11,1.200000e-14,M3,P,u0,0.02,6.085806e-02,7.518977e-11,7.518411e-11,7.519552e-11,-2.852500e-13,2.250000e-13
NAND2_X1,A_r_ZN_f,delay,2,2,8.000000e-11,1.200000e-14,M4,P,vth,0.010,1.338877e-02,7.518977e-11,7.518977e-11,7.518978e-11,-5.000000e-16,1.000000e-13
NAND2_X1,A_r_ZN_f,delay,2,2,8.000000e-11,1.200000e-14,M4,P,u0,0.02,6.085806e-02,7.518977e-11,7.518977e-11,7.518977e-11,0.000000e+00,0.000000e+00
NAND2_X1,A_r_ZN_f,delay,2,2,8.000000e-11,1.200000e-14,GROUP:N,N,vth,0.010,,7.518977e-11,7.714793e-11,7.32954e-11,1.926265e-10,6.379000e-10
NAND2_X1,A_r_ZN_f,delay,2,2,8.000000e-11,1.200000e-14,GROUP:N,N,u0,0.02,,7.518977e-11,7.476435e-11,7.563191e-11,-2.168900e-11,4.180000e-11
NAND2_X1,A_r_ZN_f,delay,2,2,8.000000e-11,1.200000e-14,GROUP:P,P,vth,0.010,,7.518977e-11,7.518467e-11,7.519607e-11,-5.700000e-13,1.200000e-11
NAND2_X1,A_r_ZN_f,delay,2,2,8.000000e-11,1.200000e-14,GROUP:P,P,u0,0.02,,7.518977e-11,7.518411e-11,7.519552e-11,-2.852500e-13,2.250000e-13
NAND2_X1,A_r_ZN_f,trans,2,2,8.000000e-11,1.200000e-14,M1,N,vth,0.010,1.490712e-02,6.013124e-11,6.079115e-11,5.953543e-11,6.278600e-11,6.410000e-10
NAND2_X1,A_r_ZN_f,trans,2,2,8.000000e-11,1.200000e-14,M1,N,u0,0.02,7.453560e-02,6.013124e-11,5.992665e-11,6.034483e-11,-1.045450e-11,2.250000e-11
NAND2_X1,A_r_ZN_f,trans,2,2,8.000000e-11,1.200000e-14,M2,N,vth,0.010,1.490712e-02,6.013124e-11,6.053949e-11,5.974466e-11,3.974150e-11,2.167000e-10
NAND2_X1,A_r_ZN_f,trans,2,2,8.000000e-11,1.200000e-14,M2,N,u0,0.02,7.453560e-02,6.013124e-11,5.991456e-11,6.035722e-11,-1.106650e-11,2.325000e-11
NAND2_X1,A_r_ZN_f,trans,2,2,8.000000e-11,1.200000e-14,M3,P,vth,0.010,1.338877e-02,6.013124e-11,6.013342e-11,6.012856e-11,2.430000e-13,-5.000000e-12
NAND2_X1,A_r_ZN_f,trans,2,2,8.000000e-11,1.200000e-14,M3,P,u0,0.02,6.085806e-02,6.013124e-11,6.013372e-11,6.012872e-11,1.250000e-13,-1.000000e-13
NAND2_X1,A_r_ZN_f,trans,2,2,8.000000e-11,1.200000e-14,M4,P,vth,0.010,1.338877e-02,6.013124e-11,6.013123e-11,6.013126e-11,-1.500000e-15,1.000000e-13
NAND2_X1,A_r_ZN_f,trans,2,2,8.000000e-11,1.200000e-14,M4,P,u0,0.02,6.085806e-02,6.013124e-11,6.013124e-11,6.013124e-11,0.000000e+00,0.000000e+00
NAND2_X1,A_r_ZN_f,trans,2,2,8.000000e-11,1.200000e-14,GROUP:N,N,vth,0.010,,6.013124e-11,6.120347e-11,5.915286e-11,1.025305e-10,9.385000e-10
NAND2_X1,A_r_ZN_f,trans,2,2,8.000000e-11,1.200000e-14,GROUP:N,N,u0,0.02,,6.013124e-11,5.971027e-11,6.057136e-11,-2.152725e-11,4.787500e-11
NAND2_X1,A_r_ZN_f,trans,2,2,8.000000e-11,1.200000e-14,GROUP:P,P,vth,0.010,,6.013124e-11,6.01334e-11,6.012857e-11,2.415000e-13,-5.100000e-12
NAND2_X1,A_r_ZN_f,trans,2,2,8.000000e-11,1.200000e-14,GROUP:P,P,u0,0.02,,6.013124e-11,6.013372e-11,6.012872e-11,1.250000e-13,-1.000000e-13
NAND2_X1,A_f_ZN_r,delay,0,0,1.000000e-11,1.000000e-15,M1,N,vth,0.010,1.490712e-02,2.434389e-11,2.436035e-11,2.432733e-11,1.651000e-12,-1.000000e-12
NAND2_X1,A_f_ZN_r,delay,0,0,1.000000e-11,1.000000e-15,M1,N,u0,0.02,7.453560e-02,2.434389e-11,2.433846e-11,2.434944e-11,-2.745000e-13,3.000000e-13
NAND2_X1,A_f_ZN_r,delay,0,0,1.000000e-11,1.000000e-15,M2,N,vth,0.010,1.490712e-02,2.434389e-11,2.434857e-11,2.433934e-11,4.615000e-13,1.300000e-12
NAND2_X1,A_f_ZN_r,delay,0,0,1.000000e-11,1.000000e-15,M2,N,u0,0.02,7.453560e-02,2.434389e-11,2.434051e-11,2.434738e-11,-1.717500e-13,2.750000e-13
NAND2_X1,A_f_ZN_r,delay,0,0,1.000000e-11,1.000000e-15,M3,P,vth,0.010,1.338877e-02,2.434389e-11,2.506329e-11,2.365526e-11,7.040150e-11,3.077000e-10
NAND2_X1,A_f_ZN_r,delay,0,0,1.000000e-11,1.000000e-15,M3,P,u0,0.02,6.085806e-02,2.434389e-11,2.402184e-11,2.467911e-11,-1.643175e-11,3.292500e-11
NAND2_X1,A_f_ZN_r,delay,0,0,1.000000e-11,1.000000e-15,M4,P,vth,0.010,1.338877e-02,2.434389e-11,2.43439e-11,2.434387e-11,1.500000e-15,-1.000000e-13
NAND2_X1,A_f_ZN_r,delay,0,0,1.000000e-11,1.000000e-15,M4,P,u0,0.02,6.085806e-02,2.434389e-11,2.434388e-11,2.434389e-11,-2.500000e-16,-2.500000e-14
NAND2_X1,A_f_ZN_r,delay,0,0,1.000000e-11,1.000000e-15,GROUP:N,N,vth,0.010,,2.434389e-11,2.436489e-11,2.432263e-11,2.113000e-12,-2.600000e-12
NAND2_X1,A_f_ZN_r,delay,0,0,1.000000e-11,1.000000e-15,GROUP:N,N,u0,0.02,,2.434389e-11,2.433506e-11,2.435291e-11,-4.462500e-13,4.750000e-13
NAND2_X1,A_f_ZN_r,delay,0,0,1.000000e-11,1.000000e-15,GROUP:P,P,vth,0.010,,2.434389e-11,2.50633e-11,2.365525e-11,7.040250e-11,3.077000e-10
NAND2_X1,A_f_ZN_r,delay,0,0,1.000000e-11,1.000000e-15,GROUP:P,P,u0,0.02,,2.434389e-11,2.402183e-11,2.467912e-11,-1.643225e-11,3.292500e-11
NAND2_X1,A_f_ZN_r,trans,0,0,1.000000e-11,1.000000e-15,M1,N,vth,0.010,1.490712e-02,2.369471e-11,2.369469e-11,2.369471e-11,-1.000000e-15,-2.000000e-13
NAND2_X1,A_f_ZN_r,trans,0,0,1.000000e-11,1.000000e-15,M1,N,u0,0.02,7.453560e-02,2.369471e-11,2.36947e-11,2.369471e-11,-2.500000e-16,-2.500000e-14
NAND2_X1,A_f_ZN_r,trans,0,0,1.000000e-11,1.000000e-15,M2,N,vth,0.010,1.490712e-02,2.369471e-11,2.369471e-11,2.36947e-11,5.000000e-16,-1.000000e-13
NAND2_X1,A_f_ZN_r,trans,0,0,1.000000e-11,1.000000e-15,M2,N,u0,0.02,7.453560e-02,2.369471e-11,2.36947e-11,2.369471e-11,-2.500000e-16,-2.500000e-14
NAND2_X1,A_f_ZN_r,trans,0,0,1.000000e-11,1.000000e-15,M3,P,vth,0.010,1.338877e-02,2.369471e-11,2.440992e-11,2.30133e-11,6.983100e-11,3.380000e-10
NAND2_X1,A_f_ZN_r,trans,0,0,1.000000e-11,1.000000e-15,M3,P,u0,0.02,6.085806e-02,2.369471e-11,2.330637e-11,2.409876e-11,-1.980975e-11,3.927500e-11
NAND2_X1,A_f_ZN_r,trans,0,0,1.000000e-11,1.000000e-15,M4,P,vth,0.010,1.338877e-02,2.369471e-11,2.369471e-11,2.369469e-11,1.000000e-15,-2.000000e-13
NAND2_X1,A_f_ZN_r,trans,0,0,1.000000e-11,1.000000e-15,M4,P,u0,0.02,6.085806e-02,2.369471e-11,2.36947e-11,2.369471e-11,-2.500000e-16,-2.500000e-14
NAND2_X1,A_f_ZN_r,trans,0,0,1.000000e-11,1.000000e-15,GROUP:N,N,vth,0.010,,2.369471e-11,2.369469e-11,2.36947e-11,-5.000000e-16,-3.000000e-13
NAND2_X1,A_f_ZN_r,trans,0,0,1.000000e-11,1.000000e-15,GROUP:N,N,u0,0.02,,2.369471e-11,2.369469e-11,2.369471e-11,-5.000000e-16,-5.000000e-14
NAND2_X1,A_f_ZN_r,trans,0,0,1.000000e-11,1.000000e-15,GROUP:P,P,vth,0.010,,2.369471e-11,2.440993e-11,2.301329e-11,6.983200e-11,3.380000e-10
NAND2_X1,A_f_ZN_r,trans,0,0,1.000000e-11,1.000000e-15,GROUP:P,P,u0,0.02,,2.369471e-11,2.330637e-11,2.409876e-11,-1.980975e-11,3.927500e-11
NAND2_X1,A_f_ZN_r,delay,0,1,1.000000e-11,4.000000e-15,M1,N,vth,0.010,1.490712e-02,3.927560e-11,3.92783e-11,3.927251e-11,2.895000e-13,-3.900000e-12
NAND2_X1,A_f_ZN_r,delay,0,1,1.000000e-11,4.000000e-15,M1,N,u0,0.02,7.453560e-02,3.927560e-11,3.92724e-11,3.927886e-11,-1.615000e-13,1.500000e-13
NAND2_X1,A_f_ZN_r,delay,0,1,1.000000e-11,4.000000e-15,M2,N,vth,0.010,1.490712e-02,3.927560e-11,3.928063e-11,3.927072e-11,4.955000e-13,1.500000e-12
NAND2_X1,A_f_ZN_r,delay,0,1,1.000000e-11,4.000000e-15,M2,N,u0,0.02,7.453560e-02,3.927560e-11,3.927197e-11,3.927935e-11,-1.845000e-13,3.000000e-13
NAND2_X1,A_f_ZN_r,delay,0,1,1.000000e-11,4.000000e-15,M3,P,vth,0.010,1.338877e-02,3.927560e-11,4.049251e-11,3.811309e-11,1.189710e-10,5.440000e-10
NAND2_X1,A_f_ZN_r,delay,0,1,1.000000e-11,4.000000e-15,M3,P,u0,0.02,6.085806e-02,3.927560e-11,3.871462e-11,3.985959e-11,-2.862425e-11,5.752500e-11
NAND2_X1,A_f_ZN_r,delay,0,1,1.000000e-11,4.000000e-15,M4,P,vth,0.010,1.338877e-02,3.927560e-11,3.927562e-11,3.927557e-11,2.500000e-15,-1.000000e-13
NAND2_X1,A_f_ZN_r,delay,0,1,1.000000e-11,4.000000e-15,M4,P,u0,0.02,6.085806e-02,3.927560e-11,3.92756e-11,3.92756e-11,0.000000e+00,0.000000e+00
NAND2_X1,A_f_ZN_r,delay,0,1,1.000000e-11,4.000000e-15,GROUP:N,N,vth,0.010,,3.927560e-11,3.928316e-11,3.926746e-11,7.850000e-13,-5.800000e-12
NAND2_X1,A_f_ZN_r,delay,0,1,1.000000e-11,4.000000e-15,GROUP:N,N,u0,0.02,,3.927560e-11,3.926874e-11,3.928258e-11,-3.460000e-13,3.000000e-13
NAND2_X1,A_f_ZN_r,delay,0,1,1.000000e-11,4.000000e-15,GROUP:P,P,vth,0.010,,3.927560e-11,4.049254e-11,3.811306e-11,1.189740e-10,5.440000e-10
NAND2_X1,A_f_ZN_r,delay,0,1,1.000000e-11,4.000000e-15,GROUP:P,P,u0,0.02,,3.927560e-11,3.871462e-11,3.985959e-11,-2.862425e-11,5.752500e-11
NAND2_X1,A_f_ZN_r,trans,0,1,1.000000e-11,4.000000e-15,M1,N,vth,0.010,1.490712e-02,4.419603e-11,4.419598e-11,4.41961e-11,-6.000000e-15,2.000000e-13
NAND2_X1,A_f_ZN_r,trans,0,1,1.000000e-11,4.000000e-15,M1,N,u0,0.02,7.453560e-02,4.419603e-11,4.419604e-11,4.419603e-11,2.500000e-16,2.500000e-14
NAND2_X1,A_f_ZN_r,trans,0,1,1.000000e-11,4.000000e-15,M2,N,vth,0.010,1.490712e-02,4.419603e-11,4.419604e-11,4.419603e-11,5.000000e-16,1.000000e-13
NAND2_X1,A_f_ZN_r,trans,0,1,1.000000e-11,4.000000e-15,M2,N,u0,0.02,7.453560e-02,4.419603e-11,4.419603e-11,4.419604e-11,-2.500000e-16,2.500000e-14
NAND2_X1,A_f_ZN_r,trans,0,1,1.000000e-11,4.000000e-15,M3,P,vth,0.010,1.338877e-02,4.419603e-11,4.553508e-11,4.292069e-11,1.307195e-10,6.371000e-10
NAND2_X1,A_f_ZN_r,trans,0,1,1.000000e-11,4.000000e-15,M3,P,u0,0.02,6.085806e-02,4.419603e-11,4.347218e-11,4.494962e-11,-3.693600e-11,7.435000e-11
NAND2_X1,A_f_ZN_r,trans,0,1,1.000000e-11,4.000000e-15,M4,P,vth,0.010,1.338877e-02,4.419603e-11,4.419605e-11,4.419602e-11,1.500000e-15,1.000000e-13
NAND2_X1,A_f_ZN_r,trans,0,1,1.000000e-11,4.000000e-15,M4,P,u0,0.02,6.085806e-02,4.419603e-11,4.419603e-11,4.419604e-11,-2.500000e-16,2.500000e-14
NAND2_X1,A_f_ZN_r,trans,0,1,1.000000e-11,4.000000e-15,GROUP:N,N,vth,0.010,,4.419603e-11,4.419598e-11,4.41961e-11,-6.000000e-15,2.000000e-13
NAND2_X1,A_f_ZN_r,trans,0,1,1.000000e-11,4.000000e-15,GROUP:N,N,u0,0.02,,4.419603e-11,4.419603e-11,4.419603e-11,0.000000e+00,0.000000e+00
NAND2_X1,A_f_ZN_r,trans,0,1,1.000000e-11,4.000000e-15,GROUP:P,P,vth,0.010,,4.419603e-11,4.553509e-11,4.292068e-11,1.307205e-10,6.371000e-10
NAND2_X1,A_f_ZN_r,trans,0,1,1.000000e-11,4.000000e-15,GROUP:P,P,u0,0.02,,4.419603e-11,4.347218e-11,4.494962e-11,-3.693600e-11,7.435000e-11
NAND2_X1,A_f_ZN_r,delay,0,2,1.000000e-11,1.200000e-14,M1,N,vth,0.010,1.490712e-02,7.810387e-11,7.80893e-11,7.811816e-11,-1.443000e-12,-2.800000e-12
NAND2_X1,A_f_ZN_r,delay,0,2,1.000000e-11,1.200000e-14,M1,N,u0,0.02,7.453560e-02,7.810387e-11,7.810413e-11,7.810359e-11,1.350000e-14,-5.000000e-14
NAND2_X1,A_f_ZN_r,delay,0,2,1.000000e-11,1.200000e-14,M2,N,vth,0.010,1.490712e-02,7.810387e-11,7.810865e-11,7.809923e-11,4.710000e-13,1.400000e-12
NAND2_X1,A_f_ZN_r,delay,0,2,1.000000e-11,1.200000e-14,M2,N,u0,0.02,7.453560e-02,7.810387e-11,7.810042e-11,7.810744e-11,-1.755000e-13,3.000000e-13
NAND2_X1,A_f_ZN_r,delay,0,2,1.000000e-11,1.200000e-14,M3,P,vth,0.010,1.338877e-02,7.810387e-11,8.060847e-11,7.571537e-11,2.446550e-10,1.161000e-09
NAND2_X1,A_f_ZN_r,delay,0,2,1.000000e-11,1.200000e-14,M3,P,u0,0.02,6.085806e-02,7.810387e-11,7.692325e-11,7.933313e-11,-6.024700e-11,1.216000e-10
NAND2_X1,A_f_ZN_r,delay,0,2,1.000000e-11,1.200000e-14,M4,P,vth,0.010,1.338877e-02,7.810387e-11,7.810392e-11,7.810381e-11,5.500000e-15,-1.000000e-13
NAND2_X1,A_f_ZN_r,delay,0,2,1.000000e-11,1.200000e-14,M4,P,u0,0.02,6.085806e-02,7.810387e-11,7.810387e-11,7.810388e-11,-2.500000e-16,2.500000e-14
NAND2_X1,A_f_ZN_r,delay,0,2,1.000000e-11,1.200000e-14,GROUP:N,N,vth,0.010,,7.810387e-11,7.809391e-11,7.811336e-11,-9.725000e-13,-4.700000e-12
NAND2_X1,A_f_ZN_r,delay,0,2,1.000000e-11,1.200000e-14,GROUP:N,N,u0,0.02,,7.810387e-11,7.810065e-11,7.810714e-11,-1.622500e-13,1.250000e-13
NAND2_X1,A_f_ZN_r,delay,0,2,1.000000e-11,1.200000e-14,GROUP:P,P,vth,0.010,,7.810387e-11,8.060852e-11,7.571532e-11,2.446600e-10,1.161000e-09
NAND2_X1,A_f_ZN_r,delay,0,2,1.000000e-11,1.200000e-14,GROUP:P,P,u0,0.02,,7.810387e-11,7.692324e-11,7.933314e-11,-6.024750e-11,1.216000e-10
NAND2_X1,A_f_ZN_r,trans,0,2,1.000000e-11,1.200000e-14,M1,N,vth,0.010,1.490712e-02,9.886646e-11,9.886633e-11,9.886663e-11,-1.500000e-14,4.000000e-13
NAND2_X1,A_f_ZN_r,trans,0,2,1.000000e-11,1.200000e-14,M1,N,u0,0.02,7.453560e-02,9.886646e-11,9.886647e-11,9.886645e-11,5.000000e-16,-3.231174e-23
NAND2_X1,A_f_ZN_r,trans,0,2,1.000000e-11,1.200000e-14,M2,N,vth,0.010,1.490712e-02,9.886646e-11,9.886647e-11,9.886646e-11,5.000000e-16,1.000000e-13
NAND2_X1,A_f_ZN_r,trans,0,2,1.000000e-11,1.200000e-14,M2,N,u0,0.02,7.453560e-02,9.886646e-11,9.886646e-11,9.886647e-11,-2.500000e-16,2.500000e-14
NAND2_X1,A_f_ZN_r,trans,0,2,1.000000e-11,1.200000e-14,M3,P,vth,0.010,1.338877e-02,9.886646e-11,1.018689e-10,9.600678e-11,2.931060e-10,1.427600e-09
NAND2_X1,A_f_ZN_r,trans,0,2,1.000000e-11,1.200000e-14,M3,P,u0,0.02,6.085806e-02,9.886646e-11,9.724738e-11,1.00552e-10,-8.261550e-11,1.661500e-10
NAND2_X1,A_f_ZN_r,trans,0,2,1.000000e-11,1.200000e-14,M4,P,vth,0.010,1.338877e-02,9.886646e-11,9.88665e-11,9.886642e-11,4.000000e-15,0.000000e+00
NAND2_X1,A_f_ZN_r,trans,0,2,1.000000e-11,1.200000e-14,M4,P,u0,0.02,6.085806e-02,9.886646e-11,9.886646e-11,9.886647e-11,-2.500000e-16,2.500000e-14
NAND2_X1,A_f_ZN_r,trans,0,2,1.000000e-11,1.200000e-14,GROUP:N,N,vth,0.010,,9.886646e-11,9.886634e-11,9.886663e-11,-1.450000e-14,5.000000e-13
NAND2_X1,A_f_ZN_r,trans,0,2,1.000000e-11,1.200000e-14,GROUP:N,N,u0,0.02,,9.886646e-11,9.886647e-11,9.886646e-11,2.500000e-16,2.500000e-14
NAND2_X1,A_f_ZN_r,trans,0,2,1.000000e-11,1.200000e-14,GROUP:P,P,vth,0.010,,9.886646e-11,1.01869e-10,9.600674e-11,2.931130e-10,1.428200e-09
NAND2_X1,A_f_ZN_r,trans,0,2,1.000000e-11,1.200000e-14,GROUP:P,P,u0,0.02,,9.886646e-11,9.724738e-11,1.00552e-10,-8.261550e-11,1.661500e-10
NAND2_X1,A_f_ZN_r,delay,1,0,3.000000e-11,1.000000e-15,M1,N,vth,0.010,1.490712e-02,3.224924e-11,3.225914e-11,3.224143e-11,8.855000e-13,2.090000e-11
NAND2_X1,A_f_ZN_r,delay,1,0,3.000000e-11,1.000000e-15,M1,N,u0,0.02,7.453560e-02,3.224924e-11,3.224513e-11,3.22535e-11,-2.092500e-13,3.750000e-13
NAND2_X1,A_f_ZN_r,delay,1,0,3.000000e-11,1.000000e-15,M2,N,vth,0.010,1.490712e-02,3.224924e-11,3.225265e-11,3.224596e-11,3.345000e-13,1.300000e-12
NAND2_X1,A_f_ZN_r,delay,1,0,3.000000e-11,1.000000e-15,M2,N,u0,0.02,7.453560e-02,3.224924e-11,3.224681e-11,3.225177e-11,-1.240000e-13,2.500000e-13
NAND2_X1,A_f_ZN_r,delay,1,0,3.000000e-11,1.000000e-15,M3,P,vth,0.010,1.338877e-02,3.224924e-11,3.306837e-11,3.145958e-11,8.043950e-11,2.947000e-10
NAND2_X1,A_f_ZN_r,delay,1,0,3.000000e-11,1.000000e-15,M3,P,u0,0.02,6.085806e-02,3.224924e-11,3.193554e-11,3.257561e-11,-1.600175e-11,3.167500e-11
NAND2_X1,A_f_ZN_r,delay,1,0,3.000000e-11,1.000000e-15,M4,P,vth,0.010,1.338877e-02,3.224924e-11,3.224925e-11,3.224921e-11,2.000000e-15,-2.000000e-13
NAND2_X1,A_f_ZN_r,delay,1,0,3.000000e-11,1.000000e-15,M4,P,u0,0.02,6.085806e-02,3.224924e-11,3.224923e-11,3.224924e-11,-2.500000e-16,-2.500000e-14
NAND2_X1,A_f_ZN_r,delay,1,0,3.000000e-11,1.000000e-15,GROUP:N,N,vth,0.010,,3.224924e-11,3.22625e-11,3.223811e-11,1.219500e-12,2.130000e-11
NAND2_X1,A_f_ZN_r,delay,1,0,3.000000e-11,1.000000e-15,GROUP:N,N,u0,0.02,,3.224924e-11,3.22427e-11,3.225602e-11,-3.330000e-13,6.000000e-13
NAND2_X1,A_f_ZN_r,delay,1,0,3.000000e-11,1.000000e-15,GROUP:P,P,vth,0.010,,3.224924e-11,3.306839e-11,3.145956e-11,8.044150e-11,2.947000e-10
NAND2_X1,A_f_ZN_r,delay,1,0,3.000000e-11,1.000000e-15,GROUP:P,P,u0,0.02,,3.224924e-11,3.193554e-11,3.257561e-11,-1.600175e-11,3.167500e-11
NAND2_X1,A_f_ZN_r,trans,1,0,3.000000e-11,1.000000e-15,M1,N,vth,0.010,1.490712e-02,2.436131e-11,2.435755e-11,2.436431e-11,-3.380000e-13,-7.600000e-12
NAND2_X1,A_f_ZN_r,trans,1,0,3.000000e-11,1.000000e-15,M1,N,u0,0.02,7.453560e-02,2.436131e-11,2.436286e-11,2.435971e-11,7.875000e-14,-1.250000e-13
NAND2_X1,A_f_ZN_r,trans,1,0,3.000000e-11,1.000000e-15,M2,N,vth,0.010,1.490712e-02,2.436131e-11,2.436003e-11,2.436255e-11,-1.260000e-13,-4.000000e-13
NAND2_X1,A_f_ZN_r,trans,1,0,3.000000e-11,1.000000e-15,M2,N,u0,0.02,7.453560e-02,2.436131e-11,2.436223e-11,2.436036e-11,4.675000e-14,-7.500000e-14
NAND2_X1,A_f_ZN_r,trans,1,0,3.000000e-11,1.000000e-15,M3,P,vth,0.010,1.338877e-02,2.436131e-11,2.492722e-11,2.383953e-11,5.438450e-11,4.413000e-10
NAND2_X1,A_f_ZN_r,trans,1,0,3.000000e-11,1.000000e-15,M3,P,u0,0.02,6.085806e-02,2.436131e-11,2.402236e-11,2.471564e-11,-1.733200e-11,3.845000e-11
NAND2_X1,A_f_ZN_r,trans,1,0,3.000000e-11,1.000000e-15,M4,P,vth,0.010,1.338877e-02,2.436131e-11,2.436132e-11,2.436131e-11,5.000000e-16,1.000000e-13
NAND2_X1,A_f_ZN_r,trans,1,0,3.000000e-11,1.000000e-15,M4,P,u0,0.02,6.085806e-02,2.436131e-11,2.436131e-11,2.436131e-11,0.000000e+00,0.000000e+00
NAND2_X1,A_f_ZN_r,trans,1,0,3.000000e-11,1.000000e-15,GROUP:N,N,vth,0.010,,2.436131e-11,2.435628e-11,2.436555e-11,-4.635000e-13,-7.900000e-12
NAND2_X1,A_f_ZN_r,trans,1,0,3.000000e-11,1.000000e-15,GROUP:N,N,u0,0.02,,2.436131e-11,2.436378e-11,2.435876e-11,1.255000e-13,-2.000000e-13
NAND2_X1,A_f_ZN_r,trans,1,0,3.000000e-11,1.000000e-15,GROUP:P,P,vth,0.010,,2.436131e-11,2.492723e-11,2.383953e-11,5.438500e-11,4.414000e-10
NAND2_X1,A_f_ZN_r,trans,1,0,3.000000e-11,1.000000e-15,GROUP:P,P,u0,0.02,,2.436131e-11,2.402236e-11,2.471564e-11,-1.733200e-11,3.845000e-11
NAND2_X1,A_f_ZN_r,delay,1,1,3.000000e-11,4.000000e-15,M1,N,vth,0.010,1.490712e-02,4.704226e-11,4.705551e-11,4.703017e-11,1.267000e-12,1.160000e-11
NAND2_X1,A_f_ZN_r,delay,1,1,3.000000e-11,4.000000e-15,M1,N,u0,0.02,7.453560e-02,4.704226e-11,4.703692e-11,4.704775e-11,-2.707500e-13,3.750000e-13
NAND2_X1,A_f_ZN_r,delay,1,1,3.000000e-11,4.000000e-15,M2,N,vth,0.010,1.490712e-02,4.704226e-11,4.70474e-11,4.70373e-11,5.050000e-13,1.800000e-12
NAND2_X1,A_f_ZN_r,delay,1,1,3.000000e-11,4.000000e-15,M2,N,u0,0.02,7.453560e-02,4.704226e-11,4.703858e-11,4.704608e-11,-1.875000e-13,3.500000e-13
NAND2_X1,A_f_ZN_r,delay,1,1,3.000000e-11,4.000000e-15,M3,P,vth,0.010,1.338877e-02,4.704226e-11,4.836508e-11,4.57724e-11,1.296340e-10,5.296000e-10
NAND2_X1,A_f_ZN_r,delay,1,1,3.000000e-11,4.000000e-15,M3,P,u0,0.02,6.085806e-02,4.704226e-11,4.648954e-11,4.761748e-11,-2.819850e-11,5.625000e-11
NAND2_X1,A_f_ZN_r,delay,1,1,3.000000e-11,4.000000e-15,M4,P,vth,0.010,1.338877e-02,4.704226e-11,4.704229e-11,4.704223e-11,3.000000e-15,0.000000e+00
NAND2_X1,A_f_ZN_r,delay,1,1,3.000000e-11,4.000000e-15,M4,P,u0,0.02,6.085806e-02,4.704226e-11,4.704226e-11,4.704226e-11,0.000000e+00,0.000000e+00
NAND2_X1,A_f_ZN_r,delay,1,1,3.000000e-11,4.000000e-15,GROUP:N,N,vth,0.010,,4.704226e-11,4.706054e-11,4.702511e-11,1.771500e-12,1.130000e-11
NAND2_X1,A_f_ZN_r,delay,1,1,3.000000e-11,4.000000e-15,GROUP:N,N,u0,0.02,,4.704226e-11,4.703322e-11,4.705155e-11,-4.582500e-13,6.250000e-13
NAND2_X1,A_f_ZN_r,delay,1,1,3.000000e-11,4.000000e-15,GROUP:P,P,vth,0.010,,4.704226e-11,4.836511e-11,4.577236e-11,1.296375e-10,5.295000e-10
NAND2_X1,A_f_ZN_r,delay,1,1,3.000000e-11,4.000000e-15,GROUP:P,P,u0,0.02,,4.704226e-11,4.648954e-11,4.761749e-11,-2.819875e-11,5.627500e-11
NAND2_X1,A_f_ZN_r,trans,1,1,3.000000e-11,4.000000e-15,M1,N,vth,0.010,1.490712e-02,4.419594e-11,4.41959e-11,4.419604e-11,-7.000000e-15,6.000000e-13
NAND2_X1,A_f_ZN_r,trans,1,1,3.000000e-11,4.000000e-15,M1,N,u0,0.02,7.453560e-02,4.419594e-11,4.419596e-11,4.419593e-11,7.500000e-16,2.500000e-14
NAND2_X1,A_f_ZN_r,trans,1,1,3.000000e-11,4.000000e-15,M2,N,vth,0.010,1.490712e-02,4.419594e-11,4.419593e-11,4.419595e-11,-1.000000e-15,0.000000e+00
NAND2_X1,A_f_ZN_r,trans,1,1,3.000000e-11,4.000000e-15,M2,N,u0,0.02,7.453560e-02,4.419594e-11,4.419595e-11,4.419593e-11,5.000000e-16,0.000000e+00
NAND2_X1,A_f_ZN_r,trans,1,1,3.000000e-11,4.000000e-15,M3,P,vth,0.010,1.338877e-02,4.419594e-11,4.553512e-11,4.292068e-11,1.307220e-10,6.392000e-10
NAND2_X1,A_f_ZN_r,trans,1,1,3.000000e-11,4.000000e-15,M3,P,u0,0.02,6.085806e-02,4.419594e-11,4.347211e-11,4.494951e-11,-3.693500e-11,7.435000e-11
NAND2_X1,A_f_ZN_r,trans,1,1,3.000000e-11,4.000000e-15,M4,P,vth,0.010,1.338877e-02,4.419594e-11,4.419595e-11,4.419592e-11,1.500000e-15,-1.000000e-13
NAND2_X1,A_f_ZN_r,trans,1,1,3.000000e-11,4.000000e-15,M4,P,u0,0.02,6.085806e-02,4.419594e-11,4.419594e-11,4.419594e-11,0.000000e+00,0.000000e+00
NAND2_X1,A_f_ZN_r,trans,1,1,3.000000e-11,4.000000e-15,GROUP:N,N,vth,0.010,,4.419594e-11,4.419591e-11,4.419605e-11,-7.000000e-15,8.000000e-13
NAND2_X1,A_f_ZN_r,trans,1,1,3.000000e-11,4.000000e-15,GROUP:N,N,u0,0.02,,4.419594e-11,4.419596e-11,4.419594e-11,5.000000e-16,5.000000e-14
NAND2_X1,A_f_ZN_r,trans,1,1,3.000000e-11,4.000000e-15,GROUP:P,P,vth,0.010,,4.419594e-11,4.553513e-11,4.292066e-11,1.307235e-10,6.391000e-10
NAND2_X1,A_f_ZN_r,trans,1,1,3.000000e-11,4.000000e-15,GROUP:P,P,u0,0.02,,4.419594e-11,4.347211e-11,4.494951e-11,-3.693500e-11,7.435000e-11
NAND2_X1,A_f_ZN_r,delay,1,2,3.000000e-11,1.200000e-14,M1,N,vth,0.010,1.490712e-02,8.603645e-11,8.603955e-11,8.603353e-11,3.010000e-13,1.800000e-12
NAND2_X1,A_f_ZN_r,delay,1,2,3.000000e-11,1.200000e-14,M1,N,u0,0.02,7.453560e-02,8.603645e-11,8.603279e-11,8.604018e-11,-1.847500e-13,1.750000e-13
NAND2_X1,A_f_ZN_r,delay,1,2,3.000000e-11,1.200000e-14,M2,N,vth,0.010,1.490712e-02,8.603645e-11,8.604252e-11,8.603058e-11,5.970000e-13,2.000000e-12
NAND2_X1,A_f_ZN_r,delay,1,2,3.000000e-11,1.200000e-14,M2,N,u0,0.02,7.453560e-02,8.603645e-11,8.603209e-11,8.604096e-11,-2.217500e-13,3.750000e-13
NAND2_X1,A_f_ZN_r,delay,1,2,3.000000e-11,1.200000e-14,M3,P,vth,0.010,1.338877e-02,8.603645e-11,8.866205e-11,8.35256e-11,2.568225e-10,1.147500e-09
NAND2_X1,A_f_ZN_r,delay,1,2,3.000000e-11,1.200000e-14,M3,P,u0,0.02,6.085806e-02,8.603645e-11,8.485947e-11,8.726169e-11,-6.005550e-11,1.206500e-10
NAND2_X1,A_f_ZN_r,delay,1,2,3.000000e-11,1.200000e-14,M4,P,vth,0.010,1.338877e-02,8.603645e-11,8.60365e-11,8.603638e-11,6.000000e-15,-2.000000e-13
NAND2_X1,A_f_ZN_r,delay,1,2,3.000000e-11,1.200000e-14,M4,P,u0,0.02,6.085806e-02,8.603645e-11,8.603645e-11,8.603645e-11,0.000000e+00,0.000000e+00
NAND2_X1,A_f_ZN_r,delay,1,2,3.000000e-11,1.200000e-14,GROUP:N,N,vth,0.010,,8.603645e-11,8.604544e-11,8.602748e-11,8.980000e-13,2.000000e-13
NAND2_X1,A_f_ZN_r,delay,1,2,3.000000e-11,1.200000e-14,GROUP:N,N,u0,0.02,,8.603645e-11,8.60284e-11,8.604467e-11,-4.067500e-13,4.250000e-13
NAND2_X1,A_f_ZN_r,delay,1,2,3.000000e-11,1.200000e-14,GROUP:P,P,vth,0.010,,8.603645e-11,8.86621e-11,8.352554e-11,2.568280e-10,1.147400e-09
NAND2_X1,A_f_ZN_r,delay,1,2,3.000000e-11,1.200000e-14,GROUP:P,P,u0,0.02,,8.603645e-11,8.485946e-11,8.726169e-11,-6.005575e-11,1.206250e-10
NAND2_X1,A_f_ZN_r,trans,1,2,3.000000e-11,1.200000e-14,M1,N,vth,0.010,1.490712e-02,9.886646e-11,9.886634e-11,9.886662e-11,-1.400000e-14,4.000000e-13
NAND2_X1,A_f_ZN_r,trans,1,2,3.000000e-11,1.200000e-14,M1,N,u0,0.02,7.453560e-02,9.886646e-11,9.886647e-11,9.886645e-11,5.000000e-16,-3.231174e-23
NAND2_X1,A_f_ZN_r,trans,1,2,3.000000e-11,1.200000e-14,M2,N,vth,0.010,1.490712e-02,9.886646e-11,9.886646e-11,9.886647e-11,-5.000000e-16,1.000000e-13
NAND2_X1,A_f_ZN_r,trans,1,2,3.000000e-11,1.200000e-14,M2,N,u0,0.02,7.453560e-02,9.886646e-11,9.886647e-11,9.886646e-11,2.500000e-16,2.500000e-14
NAND2_X1,A_f_ZN_r,trans,1,2,3.000000e-11,1.200000e-14,M3,P,vth,0.010,1.338877e-02,9.886646e-11,1.018689e-10,9.600679e-11,2.931055e-10,1.427700e-09
NAND2_X1,A_f_ZN_r,trans,1,2,3.000000e-11,1.200000e-14,M3,P,u0,0.02,6.085806e-02,9.886646e-11,9.724735e-11,1.005519e-10,-8.261375e-11,1.658250e-10
NAND2_X1,A_f_ZN_r,trans,1,2,3.000000e-11,1.200000e-14,M4,P,vth,0.010,1.338877e-02,9.886646e-11,9.886649e-11,9.886642e-11,3.500000e-15,-1.000000e-13
NAND2_X1,A_f_ZN_r,trans,1,2,3.000000e-11,1.200000e-14,M4,P,u0,0.02,6.085806e-02,9.886646e-11,9.886646e-11,9.886646e-11,0.000000e+00,0.000000e+00
NAND2_X1,A_f_ZN_r,trans,1,2,3.000000e-11,1.200000e-14,GROUP:N,N,vth,0.010,,9.886646e-11,9.886633e-11,9.886662e-11,-1.450000e-14,3.000000e-13
NAND2_X1,A_f_ZN_r,trans,1,2,3.000000e-11,1.200000e-14,GROUP:N,N,u0,0.02,,9.886646e-11,9.886648e-11,9.886645e-11,7.500000e-16,2.500000e-14
NAND2_X1,A_f_ZN_r,trans,1,2,3.000000e-11,1.200000e-14,GROUP:P,P,vth,0.010,,9.886646e-11,1.018689e-10,9.600675e-11,2.931075e-10,1.427300e-09
NAND2_X1,A_f_ZN_r,trans,1,2,3.000000e-11,1.200000e-14,GROUP:P,P,u0,0.02,,9.886646e-11,9.724735e-11,1.00552e-10,-8.261625e-11,1.660750e-10
NAND2_X1,A_f_ZN_r,delay,2,0,8.000000e-11,1.000000e-15,M1,N,vth,0.010,1.490712e-02,5.118165e-11,5.110577e-11,5.126765e-11,-8.094000e-12,1.012000e-10
NAND2_X1,A_f_ZN_r,delay,2,0,8.000000e-11,1.000000e-15,M1,N,u0,0.02,7.453560e-02,5.118165e-11,5.11875e-11,5.117581e-11,2.922500e-13,2.500000e-14
NAND2_X1,A_f_ZN_r,delay,2,0,8.000000e-11,1.000000e-15,M2,N,vth,0.010,1.490712e-02,5.118165e-11,5.118297e-11,5.118039e-11,1.290000e-13,6.000000e-13
NAND2_X1,A_f_ZN_r,delay,2,0,8.000000e-11,1.000000e-15,M2,N,u0,0.02,7.453560e-02,5.118165e-11,5.118072e-11,5.118263e-11,-4.775000e-14,1.250000e-13
NAND2_X1,A_f_ZN_r,delay,2,0,8.000000e-11,1.000000e-15,M3,P,vth,0.010,1.338877e-02,5.118165e-11,5.271205e-11,4.966069e-11,1.525680e-10,9.440000e-11
NAND2_X1,A_f_ZN_r,delay,2,0,8.000000e-11,1.000000e-15,M3,P,u0,0.02,6.085806e-02,5.118165e-11,5.072962e-11,5.164727e-11,-2.294125e-11,3.397500e-11
NAND2_X1,A_f_ZN_r,delay,2,0,8.000000e-11,1.000000e-15,M4,P,vth,0.010,1.338877e-02,5.118165e-11,5.118169e-11,5.118161e-11,4.000000e-15,-6.462349e-23
NAND2_X1,A_f_ZN_r,delay,2,0,8.000000e-11,1.000000e-15,M4,P,u0,0.02,6.085806e-02,5.118165e-11,5.118165e-11,5.118166e-11,-2.500000e-16,2.500000e-14
NAND2_X1,A_f_ZN_r,delay,2,0,8.000000e-11,1.000000e-15,GROUP:N,N,vth,0.010,,5.118165e-11,5.110717e-11,5.126648e-11,-7.965500e-12,1.035000e-10
NAND2_X1,A_f_ZN_r,delay,2,0,8.000000e-11,1.000000e-15,GROUP:N,N,u0,0.02,,5.118165e-11,5.118657e-11,5.11768e-11,2.442500e-13,1.750000e-13
NAND2_X1,A_f_ZN_r,delay,2,0,8.000000e-11,1.000000e-15,GROUP:P,P,vth,0.010,,5.118165e-11,5.271208e-11,4.966064e-11,1.525720e-10,9.420000e-11
NAND2_X1,A_f_ZN_r,delay,2,0,8.000000e-11,1.000000e-15,GROUP:P,P,u0,0.02,,5.118165e-11,5.072962e-11,5.164727e-11,-2.294125e-11,3.397500e-11
NAND2_X1,A_f_ZN_r,trans,2,0,8.000000e-11,1.000000e-15,M1,N,vth,0.010,1.490712e-02,3.515976e-11,3.523668e-11,3.50735e-11,8.159000e-12,-9.340000e-11
NAND2_X1,A_f_ZN_r,trans,2,0,8.000000e-11,1.000000e-15,M1,N,u0,0.02,7.453560e-02,3.515976e-11,3.515388e-11,3.516562e-11,-2.935000e-13,-5.000000e-14
NAND2_X1,A_f_ZN_r,trans,2,0,8.000000e-11,1.000000e-15,M2,N,vth,0.010,1.490712e-02,3.515976e-11,3.515835e-11,3.51611e-11,-1.375000e-13,-7.000000e-13
NAND2_X1,A_f_ZN_r,trans,2,0,8.000000e-11,1.000000e-15,M2,N,u0,0.02,7.453560e-02,3.515976e-11,3.516075e-11,3.515871e-11,5.100000e-14,-1.500000e-13
NAND2_X1,A_f_ZN_r,trans,2,0,8.000000e-11,1.000000e-15,M3,P,vth,0.010,1.338877e-02,3.515976e-11,3.527192e-11,3.501178e-11,1.300700e-11,-3.582000e-10
NAND2_X1,A_f_ZN_r,trans,2,0,8.000000e-11,1.000000e-15,M3,P,u0,0.02,6.085806e-02,3.515976e-11,3.493825e-11,3.539301e-11,-1.136900e-11,2.935000e-11
NAND2_X1,A_f_ZN_r,trans,2,0,8.000000e-11,1.000000e-15,M4,P,vth,0.010,1.338877e-02,3.515976e-11,3.515974e-11,3.515977e-11,-1.500000e-15,-1.000000e-13
NAND2_X1,A_f_ZN_r,trans,2,0,8.000000e-11,1.000000e-15,M4,P,u0,0.02,6.085806e-02,3.515976e-11,3.515976e-11,3.515975e-11,2.500000e-16,-2.500000e-14
NAND2_X1,A_f_ZN_r,trans,2,0,8.000000e-11,1.000000e-15,GROUP:N,N,vth,0.010,,3.515976e-11,3.523517e-11,3.507474e-11,8.021500e-12,-9.610000e-11
NAND2_X1,A_f_ZN_r,trans,2,0,8.000000e-11,1.000000e-15,GROUP:N,N,u0,0.02,,3.515976e-11,3.515487e-11,3.516457e-11,-2.425000e-13,-2.000000e-13
NAND2_X1,A_f_ZN_r,trans,2,0,8.000000e-11,1.000000e-15,GROUP:P,P,vth,0.010,,3.515976e-11,3.527191e-11,3.501179e-11,1.300600e-11,-3.582000e-10
NAND2_X1,A_f_ZN_r,trans,2,0,8.000000e-11,1.000000e-15,GROUP:P,P,u0,0.02,,3.515976e-11,3.493825e-11,3.539301e-11,-1.136900e-11,2.935000e-11
NAND2_X1,A_f_ZN_r,delay,2,1,8.000000e-11,4.000000e-15,M1,N,vth,0.010,1.490712e-02,6.823589e-11,6.82039e-11,6.82739e-11,-3.500000e-12,6.020000e-11
NAND2_X1,A_f_ZN_r,delay,2,1,8.000000e-11,4.000000e-15,M1,N,u0,0.02,7.453560e-02,6.823589e-11,6.82369e-11,6.823495e-11,4.875000e-14,1.750000e-13
NAND2_X1,A_f_ZN_r,delay,2,1,8.000000e-11,4.000000e-15,M2,N,vth,0.010,1.490712e-02,6.823589e-11,6.823816e-11,6.82337e-11,2.230000e-13,8.000000e-13
NAND2_X1,A_f_ZN_r,delay,2,1,8.000000e-11,4.000000e-15,M2,N,u0,0.02,7.453560e-02,6.823589e-11,6.823427e-11,6.823757e-11,-8.250000e-14,1.500000e-13
NAND2_X1,A_f_ZN_r,delay,2,1,8.000000e-11,4.000000e-15,M3,P,vth,0.010,1.338877e-02,6.823589e-11,6.985865e-11,6.666239e-11,1.598130e-10,4.926000e-10
NAND2_X1,A_f_ZN_r,delay,2,1,8.000000e-11,4.000000e-15,M3,P,u0,0.02,6.085806e-02,6.823589e-11,6.76805e-11,6.881332e-11,-2.832050e-11,5.510000e-11
NAND2_X1,A_f_ZN_r,delay,2,1,8.000000e-11,4.000000e-15,M4,P,vth,0.010,1.338877e-02,6.823589e-11,6.823592e-11,6.823584e-11,4.000000e-15,-2.000000e-13
NAND2_X1,A_f_ZN_r,delay,2,1,8.000000e-11,4.000000e-15,M4,P,u0,0.02,6.085806e-02,6.823589e-11,6.823588e-11,6.823589e-11,-2.500000e-16,-2.500000e-14
NAND2_X1,A_f_ZN_r,delay,2,1,8.000000e-11,4.000000e-15,GROUP:N,N,vth,0.010,,6.823589e-11,6.820622e-11,6.827177e-11,-3.277500e-12,6.210000e-11
NAND2_X1,A_f_ZN_r,delay,2,1,8.000000e-11,4.000000e-15,GROUP:N,N,u0,0.02,,6.823589e-11,6.823528e-11,6.823664e-11,-3.400000e-14,3.500000e-13
NAND2_X1,A_f_ZN_r,delay,2,1,8.000000e-11,4.000000e-15,GROUP:P,P,vth,0.010,,6.823589e-11,6.985869e-11,6.666234e-11,1.598175e-10,4.925000e-10
NAND2_X1,A_f_ZN_r,delay,2,1,8.000000e-11,4.000000e-15,GROUP:P,P,u0,0.02,,6.823589e-11,6.76805e-11,6.881332e-11,-2.832050e-11,5.510000e-11
NAND2_X1,A_f_ZN_r,trans,2,1,8.000000e-11,4.000000e-15,M1,N,vth,0.010,1.490712e-02,4.973381e-11,4.975801e-11,4.970523e-11,2.639000e-12,-4.380000e-11
NAND2_X1,A_f_ZN_r,trans,2,1,8.000000e-11,4.000000e-15,M1,N,u0,0.02,7.453560e-02,4.973381e-11,4.973307e-11,4.973449e-11,-3.550000e-14,-1.500000e-13
NAND2_X1,A_f_ZN_r,trans,2,1,8.000000e-11,4.000000e-15,M2,N,vth,0.010,1.490712e-02,4.973381e-11,4.973206e-11,4.973549e-11,-1.715000e-13,-7.000000e-13
NAND2_X1,A_f_ZN_r,trans,2,1,8.000000e-11,4.000000e-15,M2,N,u0,0.02,7.453560e-02,4.973381e-11,4.973506e-11,4.973251e-11,6.375000e-14,-1.250000e-13
NAND2_X1,A_f_ZN_r,trans,2,1,8.000000e-11,4.000000e-15,M3,P,vth,0.010,1.338877e-02,4.973381e-11,5.053659e-11,4.900365e-11,7.664700e-11,7.262000e-10
NAND2_X1,A_f_ZN_r,trans,2,1,8.000000e-11,4.000000e-15,M3,P,u0,0.02,6.085806e-02,4.973381e-11,4.917058e-11,5.032397e-11,-2.883475e-11,6.732500e-11
NAND2_X1,A_f_ZN_r,trans,2,1,8.000000e-11,4.000000e-15,M4,P,vth,0.010,1.338877e-02,4.973381e-11,4.973381e-11,4.973382e-11,-5.000000e-16,1.000000e-13
NAND2_X1,A_f_ZN_r,trans,2,1,8.000000e-11,4.000000e-15,M4,P,u0,0.02,6.085806e-02,4.973381e-11,4.973381e-11,4.973381e-11,0.000000e+00,0.000000e+00
NAND2_X1,A_f_ZN_r,trans,2,1,8.000000e-11,4.000000e-15,GROUP:N,N,vth,0.010,,4.973381e-11,4.975622e-11,4.970686e-11,2.468000e-12,-4.540000e-11
NAND2_X1,A_f_ZN_r,trans,2,1,8.000000e-11,4.000000e-15,GROUP:N,N,u0,0.02,,4.973381e-11,4.973431e-11,4.973319e-11,2.800000e-14,-3.000000e-13
NAND2_X1,A_f_ZN_r,trans,2,1,8.000000e-11,4.000000e-15,GROUP:P,P,vth,0.010,,4.973381e-11,5.053659e-11,4.900366e-11,7.664650e-11,7.263000e-10
NAND2_X1,A_f_ZN_r,trans,2,1,8.000000e-11,4.000000e-15,GROUP:P,P,u0,0.02,,4.973381e-11,4.917058e-11,5.032397e-11,-2.883475e-11,6.732500e-11
NAND2_X1,A_f_ZN_r,delay,2,2,8.000000e-11,1.200000e-14,M1,N,vth,0.010,1.490712e-02,1.067708e-10,1.067602e-10,1.067853e-10,-1.255000e-12,3.900000e-11
NAND2_X1,A_f_ZN_r,delay,2,2,8.000000e-11,1.200000e-14,M1,N,u0,0.02,7.453560e-02,1.067708e-10,1.067682e-10,1.067735e-10,-1.325000e-13,2.500000e-13
NAND2_X1,A_f_ZN_r,delay,2,2,8.000000e-11,1.200000e-14,M2,N,vth,0.010,1.490712e-02,1.067708e-10,1.067756e-10,1.067661e-10,4.750000e-13,1.000000e-12
NAND2_X1,A_f_ZN_r,delay,2,2,8.000000e-11,1.200000e-14,M2,N,u0,0.02,7.453560e-02,1.067708e-10,1.067673e-10,1.067743e-10,-1.750000e-13,-3.231174e-23
NAND2_X1,A_f_ZN_r,delay,2,2,8.000000e-11,1.200000e-14,M3,P,vth,0.010,1.338877e-02,1.067708e-10,1.097047e-10,1.039498e-10,2.877450e-10,1.129000e-09
NAND2_X1,A_f_ZN_r,delay,2,2,8.000000e-11,1.200000e-14,M3,P,u0,0.02,6.085806e-02,1.067708e-10,1.055933e-10,1.07996e-10,-6.006750e-11,1.192500e-10
NAND2_X1,A_f_ZN_r,delay,2,2,8.000000e-11,1.200000e-14,M4,P,vth,0.010,1.338877e-02,1.067708e-10,1.067708e-10,1.067707e-10,5.000000e-15,-1.000000e-12
NAND2_X1,A_f_ZN_r,delay,2,2,8.000000e-11,1.200000e-14,M4,P,u0,0.02,6.085806e-02,1.067708e-10,1.067708e-10,1.067708e-10,0.000000e+00,0.000000e+00
NAND2_X1,A_f_ZN_r,delay,2,2,8.000000e-11,1.200000e-14,GROUP:N,N,vth,0.010,,1.067708e-10,1.067649e-10,1.067807e-10,-7.900000e-13,4.000000e-11
NAND2_X1,A_f_ZN_r,delay,2,2,8.000000e-11,1.200000e-14,GROUP:N,N,u0,0.02,,1.067708e-10,1.067647e-10,1.067771e-10,-3.100000e-13,5.000000e-13
NAND2_X1,A_f_ZN_r,delay,2,2,8.000000e-11,1.200000e-14,GROUP:P,P,vth,0.010,,1.067708e-10,1.097048e-10,1.039497e-10,2.877550e-10,1.129000e-09
NAND2_X1,A_f_ZN_r,delay,2,2,8.000000e-11,1.200000e-14,GROUP:P,P,u0,0.02,,1.067708e-10,1.055933e-10,1.07996e-10,-6.006750e-11,1.192500e-10
NAND2_X1,A_f_ZN_r,trans,2,2,8.000000e-11,1.200000e-14,M1,N,vth,0.010,1.490712e-02,9.904296e-11,9.904387e-11,9.904171e-11,1.080000e-13,-3.400000e-12
NAND2_X1,A_f_ZN_r,trans,2,2,8.000000e-11,1.200000e-14,M1,N,u0,0.02,7.453560e-02,9.904296e-11,9.904323e-11,9.904268e-11,1.375000e-14,-2.500000e-14
NAND2_X1,A_f_ZN_r,trans,2,2,8.000000e-11,1.200000e-14,M2,N,vth,0.010,1.490712e-02,9.904296e-11,9.904249e-11,9.904341e-11,-4.600000e-14,-2.000000e-13
NAND2_X1,A_f_ZN_r,trans,2,2,8.000000e-11,1.200000e-14,M2,N,u0,0.02,7.453560e-02,9.904296e-11,9.90433e-11,9.904261e-11,1.725000e-14,-2.500000e-14
NAND2_X1,A_f_ZN_r,trans,2,2,8.000000e-11,1.200000e-14,M3,P,vth,0.010,1.338877e-02,9.904296e-11,1.019257e-10,9.634343e-11,2.791135e-10,1.832100e-09
NAND2_X1,A_f_ZN_r,trans,2,2,8.000000e-11,1.200000e-14,M3,P,u0,0.02,6.085806e-02,9.904296e-11,9.747254e-11,1.006832e-10,-8.026650e-11,1.745500e-10
NAND2_X1,A_f_ZN_r,trans,2,2,8.000000e-11,1.200000e-14,M4,P,vth,0.010,1.338877e-02,9.904296e-11,9.904299e-11,9.904292e-11,3.500000e-15,-1.000000e-13
NAND2_X1,A_f_ZN_r,trans,2,2,8.000000e-11,1.200000e-14,M4,P,u0,0.02,6.085806e-02,9.904296e-11,9.904296e-11,9.904296e-11,0.000000e+00,0.000000e+00
NAND2_X1,A_f_ZN_r,trans,2,2,8.000000e-11,1.200000e-14,GROUP:N,N,vth,0.010,,9.904296e-11,9.904341e-11,9.904216e-11,6.250000e-14,-3.500000e-12
NAND2_X1,A_f_ZN_r,trans,2,2,8.000000e-11,1.200000e-14,GROUP:N,N,u0,0.02,,9.904296e-11,9.904356e-11,9.904233e-11,3.075000e-14,-7.500000e-14
NAND2_X1,A_f_ZN_r,trans,2,2,8.000000e-11,1.200000e-14,GROUP:P,P,vth,0.010,,9.904296e-11,1.019257e-10,9.63434e-11,2.791150e-10,1.831800e-09
NAND2_X1,A_f_ZN_r,trans,2,2,8.000000e-11,1.200000e-14,GROUP:P,P,u0,0.02,,9.904296e-11,9.747254e-11,1.006832e-10,-8.026650e-11,1.745500e-10
NAND2_X1,B_r_ZN_f,delay,0,0,1.000000e-11,1.000000e-15,M1,N,vth,0.010,1.490712e-02,2.024899e-11,2.05044e-11,2.000601e-11,2.491950e-11,1.243000e-10
NAND2_X1,B_r_ZN_f,delay,0,0,1.000000e-11,1.000000e-15,M1,N,u0,0.02,7.453560e-02,2.024899e-11,2.019258e-11,2.03077e-11,-2.878000e-12,5.750000e-12
NAND2_X1,B_r_ZN_f,delay,0,0,1.000000e-11,1.000000e-15,M2,N,vth,0.010,1.490712e-02,2.024899e-11,2.056271e-11,1.994227e-11,3.102200e-11,7.000000e-11
NAND2_X1,B_r_ZN_f,delay,0,0,1.000000e-11,1.000000e-15,M2,N,u0,0.02,7.453560e-02,2.024899e-11,2.016282e-11,2.033852e-11,-4.392500e-12,8.400000e-12
NAND2_X1,B_r_ZN_f,delay,0,0,1.000000e-11,1.000000e-15,M3,P,vth,0.010,1.338877e-02,2.024899e-11,2.0249e-11,2.024898e-11,1.000000e-15,0.000000e+00
NAND2_X1,B_r_ZN_f,delay,0,0,1.000000e-11,1.000000e-15,M3,P,u0,0.02,6.085806e-02,2.024899e-11,2.024899e-11,2.0249e-11,-2.500000e-16,2.500000e-14
NAND2_X1,B_r_ZN_f,delay,0,0,1.000000e-11,1.000000e-15,M4,P,vth,0.010,1.338877e-02,2.024899e-11,2.024929e-11,2.024815e-11,5.700000e-14,-5.400000e-12
NAND2_X1,B_r_ZN_f,delay,0,0,1.000000e-11,1.000000e-15,M4,P,u0,0.02,6.085806e-02,2.024899e-11,2.024398e-11,2.025405e-11,-2.517500e-13,1.250000e-13
NAND2_X1,B_r_ZN_f,delay,0,0,1.000000e-11,1.000000e-15,GROUP:N,N,vth,0.010,,2.024899e-11,2.081871e-11,1.969985e-11,5.594300e-11,2.058000e-10
NAND2_X1,B_r_ZN_f,delay,0,0,1.000000e-11,1.000000e-15,GROUP:N,N,u0,0.02,,2.024899e-11,2.010648e-11,2.039728e-11,-7.270000e-12,1.445000e-11
NAND2_X1,B_r_ZN_f,delay,0,0,1.000000e-11,1.000000e-15,GROUP:P,P,vth,0.010,,2.024899e-11,2.02493e-11,2.024814e-11,5.800000e-14,-5.400000e-12
NAND2_X1,B_r_ZN_f,delay,0,0,1.000000e-11,1.000000e-15,GROUP:P,P,u0,0.02,,2.024899e-11,2.024398e-11,2.025405e-11,-2.517500e-13,1.250000e-13
NAND2_X1,B_r_ZN_f,trans,0,0,1.000000e-11,1.000000e-15,M1,N,vth,0.010,1.490712e-02,1.380378e-11,1.402821e-11,1.359261e-11,2.178000e-11,1.326000e-10
NAND2_X1,B_r_ZN_f,trans,0,0,1.000000e-11,1.000000e-15,M1,N,u0,0.02,7.453560e-02,1.380378e-11,1.374536e-11,1.386461e-11,-2.981250e-12,6.025000e-12
NAND2_X1,B_r_ZN_f,trans,0,0,1.000000e-11,1.000000e-15,M2,N,vth,0.010,1.490712e-02,1.380378e-11,1.392498e-11,1.368881e-11,1.180850e-11,6.230000e-11
NAND2_X1,B_r_ZN_f,trans,0,0,1.000000e-11,1.000000e-15,M2,N,u0,0.02,7.453560e-02,1.380378e-11,1.374017e-11,1.386988e-11,-3.242750e-12,6.225000e-12
NAND2_X1,B_r_ZN_f,trans,0,0,1.000000e-11,1.000000e-15,M3,P,vth,0.010,1.338877e-02,1.380378e-11,1.380378e-11,1.380379e-11,-5.000000e-16,1.000000e-13
NAND2_X1,B_r_ZN_f,trans,0,0,1.000000e-11,1.000000e-15,M3,P,u0,0.02,6.085806e-02,1.380378e-11,1.380378e-11,1.380378e-11,0.000000e+00,0.000000e+00
NAND2_X1,B_r_ZN_f,trans,0,0,1.000000e-11,1.000000e-15,M4,P,vth,0.010,1.338877e-02,1.380378e-11,1.380379e-11,1.380377e-11,1.000000e-15,1.615587e-23
NAND2_X1,B_r_ZN_f,trans,0,0,1.000000e-11,1.000000e-15,M4,P,u0,0.02,6.085806e-02,1.380378e-11,1.380376e-11,1.38038e-11,-1.000000e-15,0.000000e+00
NAND2_X1,B_r_ZN_f,trans,0,0,1.000000e-11,1.000000e-15,GROUP:N,N,vth,0.010,,1.380378e-11,1.41487e-11,1.347703e-11,3.358350e-11,1.817000e-10
NAND2_X1,B_r_ZN_f,trans,0,0,1.000000e-11,1.000000e-15,GROUP:N,N,u0,0.02,,1.380378e-11,1.368133e-11,1.393115e-11,-6.245500e-12,1.230000e-11
NAND2_X1,B_r_ZN_f,trans,0,0,1.000000e-11,1.000000e-15,GROUP:P,P,vth,0.010,,1.380378e-11,1.380379e-11,1.380378e-11,5.000000e-16,1.000000e-13
NAND2_X1,B_r_ZN_f,trans,0,0,1.000000e-11,1.000000e-15,GROUP:P,P,u0,0.02,,1.380378e-11,1.380376e-11,1.38038e-11,-1.000000e-15,0.000000e+00
NAND2_X1,B_r_ZN_f,delay,0,1,1.000000e-11,4.000000e-15,M1,N,vth,0.010,1.490712e-02,2.931109e-11,2.975428e-11,2.888898e-11,4.326500e-11,2.108000e-10
NAND2_X1,B_r_ZN_f,delay,0,1,1.000000e-11,4.000000e-15,M1,N,u0,0.02,7.453560e-02,2.931109e-11,2.921644e-11,2.940951e-11,-4.826750e-12,9.425000e-12
NAND2_X1,B_r_ZN_f,delay,0,1,1.000000e-11,4.000000e-15,M2,N,vth,0.010,1.490712e-02,2.931109e-11,2.970066e-11,2.893251e-11,3.840750e-11,1.099000e-10
NAND2_X1,B_r_ZN_f,delay,0,1,1.000000e-11,4.000000e-15,M2,N,u0,0.02,7.453560e-02,2.931109e-11,2.918627e-11,2.944082e-11,-6.363750e-12,1.227500e-11
NAND2_X1,B_r_ZN_f,delay,0,1,1.000000e-11,4.000000e-15,M3,P,vth,0.010,1.338877e-02,2.931109e-11,2.931109e-11,2.931109e-11,0.000000e+00,0.000000e+00
NAND2_X1,B_r_ZN_f,delay,0,1,1.000000e-11,4.000000e-15,M3,P,u0,0.02,6.085806e-02,2.931109e-11,2.931109e-11,2.931109e-11,0.000000e+00,0.000000e+00
NAND2_X1,B_r_ZN_f,delay,0,1,1.000000e-11,4.000000e-15,M4,P,vth,0.010,1.338877e-02,2.931109e-11,2.93046e-11,2.931721e-11,-6.305000e-13,-3.700000e-12
NAND2_X1,B_r_ZN_f,delay,0,1,1.000000e-11,4.000000e-15,M4,P,u0,0.02,6.085806e-02,2.931109e-11,2.930795e-11,2.931425e-11,-1.575000e-13,5.000000e-14
NAND2_X1,B_r_ZN_f,delay,0,1,1.000000e-11,4.000000e-15,GROUP:N,N,vth,0.010,,2.931109e-11,3.014464e-11,2.851118e-11,8.167300e-11,3.364000e-10
NAND2_X1,B_r_ZN_f,delay,0,1,1.000000e-11,4.000000e-15,GROUP:N,N,u0,0.02,,2.931109e-11,2.909175e-11,2.953939e-11,-1.119100e-11,2.240000e-11
NAND2_X1,B_r_ZN_f,delay,0,1,1.000000e-11,4.000000e-15,GROUP:P,P,vth,0.010,,2.931109e-11,2.93046e-11,2.931721e-11,-6.305000e-13,-3.700000e-12
NAND2_X1,B_r_ZN_f,delay,0,1,1.000000e-11,4.000000e-15,GROUP:P,P,u0,0.02,,2.931109e-11,2.930795e-11,2.931425e-11,-1.575000e-13,5.000000e-14
NAND2_X1,B_r_ZN_f,trans,0,1,1.000000e-11,4.000000e-15,M1,N,vth,0.010,1.490712e-02,2.556396e-11,2.60044e-11,2.514753e-11,4.284350e-11,2.401000e-10
NAND2_X1,B_r_ZN_f,trans,0,1,1.000000e-11,4.000000e-15,M1,N,u0,0.02,7.453560e-02,2.556396e-11,2.54524e-11,2.568004e-11,-5.691000e-12,1.130000e-11
NAND2_X1,B_r_ZN_f,trans,0,1,1.000000e-11,4.000000e-15,M2,N,vth,0.010,1.490712e-02,2.556396e-11,2.577981e-11,2.535939e-11,2.102100e-11,1.128000e-10
NAND2_X1,B_r_ZN_f,trans,0,1,1.000000e-11,4.000000e-15,M2,N,u0,0.02,7.453560e-02,2.556396e-11,2.544991e-11,2.568275e-11,-5.821000e-12,1.185000e-11
NAND2_X1,B_r_ZN_f,trans,0,1,1.000000e-11,4.000000e-15,M3,P,vth,0.010,1.338877e-02,2.556396e-11,2.556395e-11,2.556396e-11,-5.000000e-16,-1.000000e-13
NAND2_X1,B_r_ZN_f,trans,0,1,1.000000e-11,4.000000e-15,M3,P,u0,0.02,6.085806e-02,2.556396e-11,2.556396e-11,2.556396e-11,0.000000e+00,0.000000e+00
NAND2_X1,B_r_ZN_f,trans,0,1,1.000000e-11,4.000000e-15,M4,P,vth,0.010,1.338877e-02,2.556396e-11,2.556393e-11,2.556398e-11,-2.500000e-15,-1.000000e-13
NAND2_X1,B_r_ZN_f,trans,0,1,1.000000e-11,4.000000e-15,M4,P,u0,0.02,6.085806e-02,2.556396e-11,2.556395e-11,2.556396e-11,-2.500000e-16,-2.500000e-14
NAND2_X1,B_r_ZN_f,trans,0,1,1.000000e-11,4.000000e-15,GROUP:N,N,vth,0.010,,2.556396e-11,2.621977e-11,2.494244e-11,6.386650e-11,3.429000e-10
NAND2_X1,B_r_ZN_f,trans,0,1,1.000000e-11,4.000000e-15,GROUP:N,N,u0,0.02,,2.556396e-11,2.53384e-11,2.579889e-11,-1.151225e-11,2.342500e-11
NAND2_X1,B_r_ZN_f,trans,0,1,1.000000e-11,4.000000e-15,GROUP:P,P,vth,0.010,,2.556396e-11,2.556393e-11,2.556399e-11,-3.000000e-15,3.231174e-23
NAND2_X1,B_r_ZN_f,trans,0,1,1.000000e-11,4.000000e-15,GROUP:P,P,u0,0.02,,2.556396e-11,2.556395e-11,2.556396e-11,-2.500000e-16,-2.500000e-14
NAND2_X1,B_r_ZN_f,delay,0,2,1.000000e-11,1.200000e-14,M1,N,vth,0.010,1.490712e-02,5.317776e-11,5.411596e-11,5.22836e-11,9.161800e-11,4.404000e-10
NAND2_X1,B_r_ZN_f,delay,0,2,1.000000e-11,1.200000e-14,M1,N,u0,0.02,7.453560e-02,5.317776e-11,5.298245e-11,5.338094e-11,-9.962250e-12,1.967500e-11
NAND2_X1,B_r_ZN_f,delay,0,2,1.000000e-11,1.200000e-14,M2,N,vth,0.010,1.490712e-02,5.317776e-11,5.37667e-11,5.261043e-11,5.781350e-11,2.161000e-10
NAND2_X1,B_r_ZN_f,delay,0,2,1.000000e-11,1.200000e-14,M2,N,u0,0.02,7.453560e-02,5.317776e-11,5.295135e-11,5.341332e-11,-1.154925e-11,2.287500e-11
NAND2_X1,B_r_ZN_f,delay,0,2,1.000000e-11,1.200000e-14,M3,P,vth,0.010,1.338877e-02,5.317776e-11,5.317776e-11,5.317777e-11,-5.000000e-16,1.000000e-13
NAND2_X1,B_r_ZN_f,delay,0,2,1.000000e-11,1.200000e-14,M3,P,u0,0.02,6.085806e-02,5.317776e-11,5.317776e-11,5.317776e-11,0.000000e+00,0.000000e+00
NAND2_X1,B_r_ZN_f,delay,0,2,1.000000e-11,1.200000e-14,M4,P,vth,0.010,1.338877e-02,5.317776e-11,5.316587e-11,5.318947e-11,-1.180000e-12,-1.800000e-12
NAND2_X1,B_r_ZN_f,delay,0,2,1.000000e-11,1.200000e-14,M4,P,u0,0.02,6.085806e-02,5.317776e-11,5.317623e-11,5.31793e-11,-7.675000e-14,2.500000e-14
NAND2_X1,B_r_ZN_f,delay,0,2,1.000000e-11,1.200000e-14,GROUP:N,N,vth,0.010,,5.317776e-11,5.470619e-11,5.17175e-11,1.494345e-10,6.817000e-10
NAND2_X1,B_r_ZN_f,delay,0,2,1.000000e-11,1.200000e-14,GROUP:N,N,u0,0.02,,5.317776e-11,5.275626e-11,5.36167e-11,-2.151100e-11,4.360000e-11
NAND2_X1,B_r_ZN_f,delay,0,2,1.000000e-11,1.200000e-14,GROUP:P,P,vth,0.010,,5.317776e-11,5.316587e-11,5.318948e-11,-1.180500e-12,-1.700000e-12
NAND2_X1,B_r_ZN_f,delay,0,2,1.000000e-11,1.200000e-14,GROUP:P,P,u0,0.02,,5.317776e-11,5.317623e-11,5.31793e-11,-7.675000e-14,2.500000e-14
NAND2_X1,B_r_ZN_f,trans,0,2,1.000000e-11,1.200000e-14,M1,N,vth,0.010,1.490712e-02,5.688009e-11,5.789646e-11,5.591712e-11,9.896700e-11,5.340000e-10
NAND2_X1,B_r_ZN_f,trans,0,2,1.000000e-11,1.200000e-14,M1,N,u0,0.02,7.453560e-02,5.688009e-11,5.662679e-11,5.714357e-11,-1.291950e-11,2.545000e-11
NAND2_X1,B_r_ZN_f,trans,0,2,1.000000e-11,1.200000e-14,M2,N,vth,0.010,1.490712e-02,5.688009e-11,5.734752e-11,5.643676e-11,4.553800e-11,2.410000e-10
NAND2_X1,B_r_ZN_f,trans,0,2,1.000000e-11,1.200000e-14,M2,N,u0,0.02,7.453560e-02,5.688009e-11,5.663263e-11,5.713786e-11,-1.263075e-11,2.577500e-11
NAND2_X1,B_r_ZN_f,trans,0,2,1.000000e-11,1.200000e-14,M3,P,vth,0.010,1.338877e-02,5.688009e-11,5.688008e-11,5.68801e-11,-1.000000e-15,0.000000e+00
NAND2_X1,B_r_ZN_f,trans,0,2,1.000000e-11,1.200000e-14,M3,P,u0,0.02,6.085806e-02,5.688009e-11,5.688009e-11,5.688009e-11,0.000000e+00,0.000000e+00
NAND2_X1,B_r_ZN_f,trans,0,2,1.000000e-11,1.200000e-14,M4,P,vth,0.010,1.338877e-02,5.688009e-11,5.688009e-11,5.688008e-11,5.000000e-16,-1.000000e-13
NAND2_X1,B_r_ZN_f,trans,0,2,1.000000e-11,1.200000e-14,M4,P,u0,0.02,6.085806e-02,5.688009e-11,5.688009e-11,5.688008e-11,2.500000e-16,-2.500000e-14
NAND2_X1,B_r_ZN_f,trans,0,2,1.000000e-11,1.200000e-14,GROUP:N,N,vth,0.010,,5.688009e-11,5.836381e-11,5.547361e-11,1.445100e-10,7.724000e-10
NAND2_X1,B_r_ZN_f,trans,0,2,1.000000e-11,1.200000e-14,GROUP:N,N,u0,0.02,,5.688009e-11,5.637948e-11,5.740157e-11,-2.555225e-11,5.217500e-11
NAND2_X1,B_r_ZN_f,trans,0,2,1.000000e-11,1.200000e-14,GROUP:P,P,vth,0.010,,5.688009e-11,5.688008e-11,5.688009e-11,-5.000000e-16,-1.000000e-13
NAND2_X1,B_r_ZN_f,trans,0,2,1.000000e-11,1.200000e-14,GROUP:P,P,u0,0.02,,5.688009e-11,5.688009e-11,5.688008e-11,2.500000e-16,-2.500000e-14
NAND2_X1,B_r_ZN_f,delay,1,0,3.000000e-11,1.000000e-15,M1,N,vth,0.010,1.490712e-02,2.633793e-11,2.654121e-11,2.61467e-11,1.972550e-11,1.205000e-10
NAND2_X1,B_r_ZN_f,delay,1,0,3.000000e-11,1.000000e-15,M1,N,u0,0.02,7.453560e-02,2.633793e-11,2.629239e-11,2.638538e-11,-2.324750e-12,4.775000e-12
NAND2_X1,B_r_ZN_f,delay,1,0,3.000000e-11,1.000000e-15,M2,N,vth,0.010,1.490712e-02,2.633793e-11,2.695305e-11,2.572418e-11,6.144350e-11,1.370000e-11
NAND2_X1,B_r_ZN_f,delay,1,0,3.000000e-11,1.000000e-15,M2,N,u0,0.02,7.453560e-02,2.633793e-11,2.622029e-11,2.645947e-11,-5.979500e-12,9.750000e-12
NAND2_X1,B_r_ZN_f,delay,1,0,3.000000e-11,1.000000e-15,M3,P,vth,0.010,1.338877e-02,2.633793e-11,2.633794e-11,2.633793e-11,5.000000e-16,1.000000e-13
NAND2_X1,B_r_ZN_f,delay,1,0,3.000000e-11,1.000000e-15,M3,P,u0,0.02,6.085806e-02,2.633793e-11,2.633793e-11,2.633793e-11,0.000000e+00,0.000000e+00
NAND2_X1,B_r_ZN_f,delay,1,0,3.000000e-11,1.000000e-15,M4,P,vth,0.010,1.338877e-02,2.633793e-11,2.635185e-11,2.632362e-11,1.411500e-12,-3.900000e-12
NAND2_X1,B_r_ZN_f,delay,1,0,3.000000e-11,1.000000e-15,M4,P,u0,0.02,6.085806e-02,2.633793e-11,2.632965e-11,2.634637e-11,-4.180000e-13,4.000000e-13
NAND2_X1,B_r_ZN_f,delay,1,0,3.000000e-11,1.000000e-15,GROUP:N,N,vth,0.010,,2.633793e-11,2.71579e-11,2.553372e-11,8.120900e-11,1.576000e-10
NAND2_X1,B_r_ZN_f,delay,1,0,3.000000e-11,1.000000e-15,GROUP:N,N,u0,0.02,,2.633793e-11,2.617489e-11,2.650708e-11,-8.304750e-12,1.527500e-11
NAND2_X1,B_r_ZN_f,delay,1,0,3.000000e-11,1.000000e-15,GROUP:P,P,vth,0.010,,2.633793e-11,2.635186e-11,2.632362e-11,1.412000e-12,-3.800000e-12
NAND2_X1,B_r_ZN_f,delay,1,0,3.000000e-11,1.000000e-15,GROUP:P,P,u0,0.02,,2.633793e-11,2.632965e-11,2.634637e-11,-4.180000e-13,4.000000e-13
NAND2_X1,B_r_ZN_f,trans,1,0,3.000000e-11,1.000000e-15,M1,N,vth,0.010,1.490712e-02,1.442010e-11,1.462325e-11,1.423045e-11,1.964000e-11,1.350000e-10
NAND2_X1,B_r_ZN_f,trans,1,0,3.000000e-11,1.000000e-15,M1,N,u0,0.02,7.453560e-02,1.442010e-11,1.436667e-11,1.447499e-11,-2.708000e-12,3.650000e-12
NAND2_X1,B_r_ZN_f,trans,1,0,3.000000e-11,1.000000e-15,M2,N,vth,0.010,1.490712e-02,1.442010e-11,1.446979e-11,1.437823e-11,4.578000e-12,7.820000e-11
NAND2_X1,B_r_ZN_f,trans,1,0,3.000000e-11,1.000000e-15,M2,N,u0,0.02,7.453560e-02,1.442010e-11,1.436578e-11,1.447667e-11,-2.772250e-12,5.625000e-12
NAND2_X1,B_r_ZN_f,trans,1,0,3.000000e-11,1.000000e-15,M3,P,vth,0.010,1.338877e-02,1.442010e-11,1.44201e-11,1.442011e-11,-5.000000e-16,1.000000e-13
NAND2_X1,B_r_ZN_f,trans,1,0,3.000000e-11,1.000000e-15,M3,P,u0,0.02,6.085806e-02,1.442010e-11,1.44201e-11,1.44201e-11,0.000000e+00,0.000000e+00
NAND2_X1,B_r_ZN_f,trans,1,0,3.000000e-11,1.000000e-15,M4,P,vth,0.010,1.338877e-02,1.442010e-11,1.441738e-11,1.442289e-11,-2.755000e-13,7.000000e-13
NAND2_X1,B_r_ZN_f,trans,1,0,3.000000e-11,1.000000e-15,M4,P,u0,0.02,6.085806e-02,1.442010e-11,1.442171e-11,1.441846e-11,8.125000e-14,-7.500000e-14
NAND2_X1,B_r_ZN_f,trans,1,0,3.000000e-11,1.000000e-15,GROUP:N,N,vth,0.010,,1.442010e-11,1.467364e-11,1.418908e-11,2.422800e-11,2.252000e-10
NAND2_X1,B_r_ZN_f,trans,1,0,3.000000e-11,1.000000e-15,GROUP:N,N,u0,0.02,,1.442010e-11,1.43126e-11,1.453168e-11,-5.477000e-12,1.020000e-11
NAND2_X1,B_r_ZN_f,trans,1,0,3.000000e-11,1.000000e-15,GROUP:P,P,vth,0.010,,1.442010e-11,1.441738e-11,1.442289e-11,-2.755000e-13,7.000000e-13
NAND2_X1,B_r_ZN_f,trans,1,0,3.000000e-11,1.000000e-15,GROUP:P,P,u0,0.02,,1.442010e-11,1.442171e-11,1.441846e-11,8.125000e-14,-7.500000e-14
NAND2_X1,B_r_ZN_f,delay,1,1,3.000000e-11,4.000000e-15,M1,N,vth,0.010,1.490712e-02,3.552234e-11,3.591306e-11,3.515278e-11,3.801400e-11,2.116000e-10
NAND2_X1,B_r_ZN_f,delay,1,1,3.000000e-11,4.000000e-15,M1,N,u0,0.02,7.453560e-02,3.552234e-11,3.543871e-11,3.560941e-11,-4.267500e-12,8.600000e-12
NAND2_X1,B_r_ZN_f,delay,1,1,3.000000e-11,4.000000e-15,M2,N,vth,0.010,1.490712e-02,3.552234e-11,3.621028e-11,3.484289e-11,6.836950e-11,8.490000e-11
NAND2_X1,B_r_ZN_f,delay,1,1,3.000000e-11,4.000000e-15,M2,N,u0,0.02,7.453560e-02,3.552234e-11,3.536664e-11,3.568363e-11,-7.924750e-12,1.397500e-11
NAND2_X1,B_r_ZN_f,delay,1,1,3.000000e-11,4.000000e-15,M3,P,vth,0.010,1.338877e-02,3.552234e-11,3.552234e-11,3.552234e-11,0.000000e+00,0.000000e+00
NAND2_X1,B_r_ZN_f,delay,1,1,3.000000e-11,4.000000e-15,M3,P,u0,0.02,6.085806e-02,3.552234e-11,3.552234e-11,3.552234e-11,0.000000e+00,0.000000e+00
NAND2_X1,B_r_ZN_f,delay,1,1,3.000000e-11,4.000000e-15,M4,P,vth,0.010,1.338877e-02,3.552234e-11,3.552828e-11,3.551583e-11,6.225000e-13,-5.700000e-12
NAND2_X1,B_r_ZN_f,delay,1,1,3.000000e-11,4.000000e-15,M4,P,u0,0.02,6.085806e-02,3.552234e-11,3.551568e-11,3.552907e-11,-3.347500e-13,1.750000e-13
NAND2_X1,B_r_ZN_f,delay,1,1,3.000000e-11,4.000000e-15,GROUP:N,N,vth,0.010,,3.552234e-11,3.660356e-11,3.447582e-11,1.063870e-10,3.470000e-10
NAND2_X1,B_r_ZN_f,delay,1,1,3.000000e-11,4.000000e-15,GROUP:N,N,u0,0.02,,3.552234e-11,3.528324e-11,3.577094e-11,-1.219250e-11,2.375000e-11
NAND2_X1,B_r_ZN_f,delay,1,1,3.000000e-11,4.000000e-15,GROUP:P,P,vth,0.010,,3.552234e-11,3.552829e-11,3.551583e-11,6.230000e-13,-5.600000e-12
NAND2_X1,B_r_ZN_f,delay,1,1,3.000000e-11,4.000000e-15,GROUP:P,P,u0,0.02,,3.552234e-11,3.551568e-11,3.552907e-11,-3.347500e-13,1.750000e-13
NAND2_X1,B_r_ZN_f,trans,1,1,3.000000e-11,4.000000e-15,M1,N,vth,0.010,1.490712e-02,2.568752e-11,2.61159e-11,2.528295e-11,4.164750e-11,2.381000e-10
NAND2_X1,B_r_ZN_f,trans,1,1,3.000000e-11,4.000000e-15,M1,N,u0,0.02,7.453560e-02,2.568752e-11,2.557875e-11,2.580069e-11,-5.548500e-12,1.100000e-11
NAND2_X1,B_r_ZN_f,trans,1,1,3.000000e-11,4.000000e-15,M2,N,vth,0.010,1.490712e-02,2.568752e-11,2.58626e-11,2.552656e-11,1.680200e-11,1.412000e-10
NAND2_X1,B_r_ZN_f,trans,1,1,3.000000e-11,4.000000e-15,M2,N,u0,0.02,7.453560e-02,2.568752e-11,2.558049e-11,2.579893e-11,-5.461000e-12,1.095000e-11
NAND2_X1,B_r_ZN_f,trans,1,1,3.000000e-11,4.000000e-15,M3,P,vth,0.010,1.338877e-02,2.568752e-11,2.568751e-11,2.568752e-11,-5.000000e-16,-1.000000e-13
NAND2_X1,B_r_ZN_f,trans,1,1,3.000000e-11,4.000000e-15,M3,P,u0,0.02,6.085806e-02,2.568752e-11,2.568752e-11,2.568752e-11,0.000000e+00,0.000000e+00
NAND2_X1,B_r_ZN_f,trans,1,1,3.000000e-11,4.000000e-15,M4,P,vth,0.010,1.338877e-02,2.568752e-11,2.568702e-11,2.568806e-11,-5.200000e-14,4.000000e-13
NAND2_X1,B_r_ZN_f,trans,1,1,3.000000e-11,4.000000e-15,M4,P,u0,0.02,6.085806e-02,2.568752e-11,2.568807e-11,2.568695e-11,2.800000e-14,-5.000000e-14
NAND2_X1,B_r_ZN_f,trans,1,1,3.000000e-11,4.000000e-15,GROUP:N,N,vth,0.010,,2.568752e-11,2.629134e-11,2.51226e-11,5.843700e-11,3.890000e-10
NAND2_X1,B_r_ZN_f,trans,1,1,3.000000e-11,4.000000e-15,GROUP:N,N,u0,0.02,,2.568752e-11,2.547184e-11,2.591225e-11,-1.101025e-11,2.262500e-11
NAND2_X1,B_r_ZN_f,trans,1,1,3.000000e-11,4.000000e-15,GROUP:P,P,vth,0.010,,2.568752e-11,2.568701e-11,2.568807e-11,-5.300000e-14,4.000000e-13
NAND2_X1,B_r_ZN_f,trans,1,1,3.000000e-11,4.000000e-15,GROUP:P,P,u0,0.02,,2.568752e-11,2.568807e-11,2.568695e-11,2.800000e-14,-5.000000e-14
NAND2_X1,B_r_ZN_f,delay,1,2,3.000000e-11,1.200000e-14,M1,N,vth,0.010,1.490712e-02,5.951652e-11,6.040442e-11,5.867287e-11,8.657750e-11,4.425000e-10
NAND2_X1,B_r_ZN_f,delay,1,2,3.000000e-11,1.200000e-14,M1,N,u0,0.02,7.453560e-02,5.951652e-11,5.93318e-11,5.970879e-11,-9.424750e-12,1.887500e-11
NAND2_X1,B_r_ZN_f,delay,1,2,3.000000e-11,1.200000e-14,M2,N,vth,0.010,1.490712e-02,5.951652e-11,6.040507e-11,5.864709e-11,8.789900e-11,1.912000e-10
NAND2_X1,B_r_ZN_f,delay,1,2,3.000000e-11,1.200000e-14,M2,N,u0,0.02,7.453560e-02,5.951652e-11,5.925871e-11,5.978418e-11,-1.313675e-11,2.462500e-11
NAND2_X1,B_r_ZN_f,delay,1,2,3.000000e-11,1.200000e-14,M3,P,vth,0.010,1.338877e-02,5.951652e-11,5.951652e-11,5.951653e-11,-5.000000e-16,1.000000e-13
NAND2_X1,B_r_ZN_f,delay,1,2,3.000000e-11,1.200000e-14,M3,P,u0,0.02,6.085806e-02,5.951652e-11,5.951652e-11,5.951652e-11,0.000000e+00,0.000000e+00
NAND2_X1,B_r_ZN_f,delay,1,2,3.000000e-11,1.200000e-14,M4,P,vth,0.010,1.338877e-02,5.951652e-11,5.951241e-11,5.95202e-11,-3.895000e-13,-4.300000e-12
NAND2_X1,B_r_ZN_f,delay,1,2,3.000000e-11,1.200000e-14,M4,P,u0,0.02,6.085806e-02,5.951652e-11,5.951259e-11,5.952048e-11,-1.972500e-13,7.500000e-14
NAND2_X1,B_r_ZN_f,delay,1,2,3.000000e-11,1.200000e-14,GROUP:N,N,vth,0.010,,5.951652e-11,6.129608e-11,5.780643e-11,1.744825e-10,6.947000e-10
NAND2_X1,B_r_ZN_f,delay,1,2,3.000000e-11,1.200000e-14,GROUP:N,N,u0,0.02,,5.951652e-11,5.90743e-11,5.997678e-11,-2.256200e-11,4.510000e-11
NAND2_X1,B_r_ZN_f,delay,1,2,3.000000e-11,1.200000e-14,GROUP:P,P,vth,0.010,,5.951652e-11,5.951241e-11,5.95202e-11,-3.895000e-13,-4.300000e-12
NAND2_X1,B_r_ZN_f,delay,1,2,3.000000e-11,1.200000e-14,GROUP:P,P,u0,0.02,,5.951652e-11,5.951259e-11,5.952048e-11,-1.972500e-13,7.500000e-14
NAND2_X1,B_r_ZN_f,trans,1,2,3.000000e-11,1.200000e-14,M1,N,vth,0.010,1.490712e-02,5.688009e-11,5.789639e-11,5.591711e-11,9.896400e-11,5.332000e-10
NAND2_X1,B_r_ZN_f,trans,1,2,3.000000e-11,1.200000e-14,M1,N,u0,0.02,7.453560e-02,5.688009e-11,5.662678e-11,5.714359e-11,-1.292025e-11,2.547500e-11
NAND2_X1,B_r_ZN_f,trans,1,2,3.000000e-11,1.200000e-14,M2,N,vth,0.010,1.490712e-02,5.688009e-11,5.734756e-11,5.643682e-11,4.553700e-11,2.420000e-10
NAND2_X1,B_r_ZN_f,trans,1,2,3.000000e-11,1.200000e-14,M2,N,u0,0.02,7.453560e-02,5.688009e-11,5.663265e-11,5.713793e-11,-1.263200e-11,2.600000e-11
NAND2_X1,B_r_ZN_f,trans,1,2,3.000000e-11,1.200000e-14,M3,P,vth,0.010,1.338877e-02,5.688009e-11,5.688008e-11,5.688011e-11,-1.500000e-15,1.000000e-13
NAND2_X1,B_r_ZN_f,trans,1,2,3.000000e-11,1.200000e-14,M3,P,u0,0.02,6.085806e-02,5.688009e-11,5.688009e-11,5.688009e-11,0.000000e+00,0.000000e+00
NAND2_X1,B_r_ZN_f,trans,1,2,3.000000e-11,1.200000e-14,M4,P,vth,0.010,1.338877e-02,5.688009e-11,5.688009e-11,5.688009e-11,0.000000e+00,0.000000e+00
NAND2_X1,B_r_ZN_f,trans,1,2,3.000000e-11,1.200000e-14,M4,P,u0,0.02,6.085806e-02,5.688009e-11,5.68801e-11,5.688008e-11,5.000000e-16,0.000000e+00
NAND2_X1,B_r_ZN_f,trans,1,2,3.000000e-11,1.200000e-14,GROUP:N,N,vth,0.010,,5.688009e-11,5.836379e-11,5.547371e-11,1.445040e-10,7.732000e-10
NAND2_X1,B_r_ZN_f,trans,1,2,3.000000e-11,1.200000e-14,GROUP:N,N,u0,0.02,,5.688009e-11,5.63795e-11,5.740161e-11,-2.555275e-11,5.232500e-11
NAND2_X1,B_r_ZN_f,trans,1,2,3.000000e-11,1.200000e-14,GROUP:P,P,vth,0.010,,5.688009e-11,5.688008e-11,5.688011e-11,-1.500000e-15,1.000000e-13
NAND2_X1,B_r_ZN_f,trans,1,2,3.000000e-11,1.200000e-14,GROUP:P,P,u0,0.02,,5.688009e-11,5.68801e-11,5.688008e-11,5.000000e-16,0.000000e+00
NAND2_X1,B_r_ZN_f,delay,2,0,8.000000e-11,1.000000e-15,M1,N,vth,0.010,1.490712e-02,3.729160e-11,3.742346e-11,3.716672e-11,1.283700e-11,6.980000e-11
NAND2_X1,B_r_ZN_f,delay,2,0,8.000000e-11,1.000000e-15,M1,N,u0,0.02,7.453560e-02,3.729160e-11,3.726094e-11,3.732338e-11,-1.561000e-12,2.800000e-12
NAND2_X1,B_r_ZN_f,delay,2,0,8.000000e-11,1.000000e-15,M2,N,vth,0.010,1.490712e-02,3.729160e-11,3.882359e-11,3.576291e-11,1.530340e-10,3.300000e-11
NAND2_X1,B_r_ZN_f,delay,2,0,8.000000e-11,1.000000e-15,M2,N,u0,0.02,7.453560e-02,3.729160e-11,3.707924e-11,3.751038e-11,-1.077850e-11,1.605000e-11
NAND2_X1,B_r_ZN_f,delay,2,0,8.000000e-11,1.000000e-15,M3,P,vth,0.010,1.338877e-02,3.729160e-11,3.72916e-11,3.72916e-11,0.000000e+00,0.000000e+00
NAND2_X1,B_r_ZN_f,delay,2,0,8.000000e-11,1.000000e-15,M3,P,u0,0.02,6.085806e-02,3.729160e-11,3.72916e-11,3.72916e-11,0.000000e+00,0.000000e+00
NAND2_X1,B_r_ZN_f,delay,2,0,8.000000e-11,1.000000e-15,M4,P,vth,0.010,1.338877e-02,3.729160e-11,3.730693e-11,3.727826e-11,1.433500e-12,1.990000e-11
NAND2_X1,B_r_ZN_f,delay,2,0,8.000000e-11,1.000000e-15,M4,P,u0,0.02,6.085806e-02,3.729160e-11,3.728196e-11,3.730149e-11,-4.882500e-13,6.250000e-13
NAND2_X1,B_r_ZN_f,delay,2,0,8.000000e-11,1.000000e-15,GROUP:N,N,vth,0.010,,3.729160e-11,3.895669e-11,3.563916e-11,1.658765e-10,1.265000e-10
NAND2_X1,B_r_ZN_f,delay,2,0,8.000000e-11,1.000000e-15,GROUP:N,N,u0,0.02,,3.729160e-11,3.704874e-11,3.754233e-11,-1.233975e-11,1.967500e-11
NAND2_X1,B_r_ZN_f,delay,2,0,8.000000e-11,1.000000e-15,GROUP:P,P,vth,0.010,,3.729160e-11,3.730693e-11,3.727826e-11,1.433500e-12,1.990000e-11
NAND2_X1,B_r_ZN_f,delay,2,0,8.000000e-11,1.000000e-15,GROUP:P,P,u0,0.02,,3.729160e-11,3.728196e-11,3.730149e-11,-4.882500e-13,6.250000e-13
NAND2_X1,B_r_ZN_f,trans,2,0,8.000000e-11,1.000000e-15,M1,N,vth,0.010,1.490712e-02,1.989446e-11,1.995712e-11,1.984755e-11,5.478500e-12,1.575000e-10
NAND2_X1,B_r_ZN_f,trans,2,0,8.000000e-11,1.000000e-15,M1,N,u0,0.02,7.453560e-02,1.989446e-11,1.987029e-11,1.991977e-11,-1.237000e-12,2.850000e-12
NAND2_X1,B_r_ZN_f,trans,2,0,8.000000e-11,1.000000e-15,M2,N,vth,0.010,1.490712e-02,1.989446e-11,1.988765e-11,1.990126e-11,-6.805000e-13,-1.000000e-13
NAND2_X1,B_r_ZN_f,trans,2,0,8.000000e-11,1.000000e-15,M2,N,u0,0.02,7.453560e-02,1.989446e-11,1.983303e-11,1.995792e-11,-3.122250e-12,5.075000e-12
NAND2_X1,B_r_ZN_f,trans,2,0,8.000000e-11,1.000000e-15,M3,P,vth,0.010,1.338877e-02,1.989446e-11,1.989446e-11,1.989447e-11,-5.000000e-16,1.000000e-13
NAND2_X1,B_r_ZN_f,trans,2,0,8.000000e-11,1.000000e-15,M3,P,u0,0.02,6.085806e-02,1.989446e-11,1.989447e-11,1.989446e-11,2.500000e-16,2.500000e-14
NAND2_X1,B_r_ZN_f,trans,2,0,8.000000e-11,1.000000e-15,M4,P,vth,0.010,1.338877e-02,1.989446e-11,1.988392e-11,1.990437e-11,-1.022500e-12,-6.300000e-12
NAND2_X1,B_r_ZN_f,trans,2,0,8.000000e-11,1.000000e-15,M4,P,u0,0.02,6.085806e-02,1.989446e-11,1.990004e-11,1.988872e-11,2.830000e-13,-4.000000e-13
NAND2_X1,B_r_ZN_f,trans,2,0,8.000000e-11,1.000000e-15,GROUP:N,N,vth,0.010,,1.989446e-11,1.995125e-11,1.985538e-11,4.793500e-12,1.771000e-10
NAND2_X1,B_r_ZN_f,trans,2,0,8.000000e-11,1.000000e-15,GROUP:N,N,u0,0.02,,1.989446e-11,1.980928e-11,1.998371e-11,-4.360750e-12,1.017500e-11
NAND2_X1,B_r_ZN_f,trans,2,0,8.000000e-11,1.000000e-15,GROUP:P,P,vth,0.010,,1.989446e-11,1.988391e-11,1.990438e-11,-1.023500e-12,-6.300000e-12
NAND2_X1,B_r_ZN_f,trans,2,0,8.000000e-11,1.000000e-15,GROUP:P,P,u0,0.02,,1.989446e-11,1.990004e-11,1.988872e-11,2.830000e-13,-4.000000e-13
NAND2_X1,B_r_ZN_f,delay,2,1,8.000000e-11,4.000000e-15,M1,N,vth,0.010,1.490712e-02,4.877420e-11,4.903628e-11,4.853057e-11,2.528550e-11,1.845000e-10
NAND2_X1,B_r_ZN_f,delay,2,1,8.000000e-11,4.000000e-15,M1,N,u0,0.02,7.453560e-02,4.877420e-11,4.871987e-11,4.883089e-11,-2.775500e-12,5.900000e-12
NAND2_X1,B_r_ZN_f,delay,2,1,8.000000e-11,4.000000e-15,M2,N,vth,0.010,1.490712e-02,4.877420e-11,5.032279e-11,4.722825e-11,1.547270e-10,2.640000e-11
NAND2_X1,B_r_ZN_f,delay,2,1,8.000000e-11,4.000000e-15,M2,N,u0,0.02,7.453560e-02,4.877420e-11,4.85253e-11,4.903101e-11,-1.264275e-11,1.977500e-11
NAND2_X1,B_r_ZN_f,delay,2,1,8.000000e-11,4.000000e-15,M3,P,vth,0.010,1.338877e-02,4.877420e-11,4.87742e-11,4.87742e-11,0.000000e+00,0.000000e+00
NAND2_X1,B_r_ZN_f,delay,2,1,8.000000e-11,4.000000e-15,M3,P,u0,0.02,6.085806e-02,4.877420e-11,4.87742e-11,4.87742e-11,0.000000e+00,0.000000e+00
NAND2_X1,B_r_ZN_f,delay,2,1,8.000000e-11,4.000000e-15,M4,P,vth,0.010,1.338877e-02,4.877420e-11,4.878761e-11,4.876169e-11,1.296000e-12,9.000000e-12
NAND2_X1,B_r_ZN_f,delay,2,1,8.000000e-11,4.000000e-15,M4,P,u0,0.02,6.085806e-02,4.877420e-11,4.876473e-11,4.878387e-11,-4.785000e-13,5.000000e-13
NAND2_X1,B_r_ZN_f,delay,2,1,8.000000e-11,4.000000e-15,GROUP:N,N,vth,0.010,,4.877420e-11,5.058689e-11,4.698653e-11,1.800180e-10,2.502000e-10
NAND2_X1,B_r_ZN_f,delay,2,1,8.000000e-11,4.000000e-15,GROUP:N,N,u0,0.02,,4.877420e-11,4.847127e-11,4.908801e-11,-1.541850e-11,2.720000e-11
NAND2_X1,B_r_ZN_f,delay,2,1,8.000000e-11,4.000000e-15,GROUP:P,P,vth,0.010,,4.877420e-11,4.878761e-11,4.876169e-11,1.296000e-12,9.000000e-12
NAND2_X1,B_r_ZN_f,delay,2,1,8.000000e-11,4.000000e-15,GROUP:P,P,u0,0.02,,4.877420e-11,4.876473e-11,4.878387e-11,-4.785000e-13,5.000000e-13
NAND2_X1,B_r_ZN_f,trans,2,1,8.000000e-11,4.000000e-15,M1,N,vth,0.010,1.490712e-02,3.025369e-11,3.056151e-11,2.997411e-11,2.937000e-11,2.824000e-10
NAND2_X1,B_r_ZN_f,trans,2,1,8.000000e-11,4.000000e-15,M1,N,u0,0.02,7.453560e-02,3.025369e-11,3.017328e-11,3.033787e-11,-4.114750e-12,9.425000e-12
NAND2_X1,B_r_ZN_f,trans,2,1,8.000000e-11,4.000000e-15,M2,N,vth,0.010,1.490712e-02,3.025369e-11,3.028653e-11,3.022139e-11,3.257000e-12,5.400000e-12
NAND2_X1,B_r_ZN_f,trans,2,1,8.000000e-11,4.000000e-15,M2,N,u0,0.02,7.453560e-02,3.025369e-11,3.015317e-11,3.035798e-11,-5.120250e-12,9.425000e-12
NAND2_X1,B_r_ZN_f,trans,2,1,8.000000e-11,4.000000e-15,M3,P,vth,0.010,1.338877e-02,3.025369e-11,3.025369e-11,3.02537e-11,-5.000000e-16,1.000000e-13
NAND2_X1,B_r_ZN_f,trans,2,1,8.000000e-11,4.000000e-15,M3,P,u0,0.02,6.085806e-02,3.025369e-11,3.02537e-11,3.025369e-11,2.500000e-16,2.500000e-14
NAND2_X1,B_r_ZN_f,trans,2,1,8.000000e-11,4.000000e-15,M4,P,vth,0.010,1.338877e-02,3.025369e-11,3.024733e-11,3.025981e-11,-6.240000e-13,-2.400000e-12
NAND2_X1,B_r_ZN_f,trans,2,1,8.000000e-11,4.000000e-15,M4,P,u0,0.02,6.085806e-02,3.025369e-11,3.025787e-11,3.024942e-11,2.112500e-13,-2.250000e-13
NAND2_X1,B_r_ZN_f,trans,2,1,8.000000e-11,4.000000e-15,GROUP:N,N,vth,0.010,,3.025369e-11,3.059557e-11,2.994316e-11,3.262050e-11,3.135000e-10
NAND2_X1,B_r_ZN_f,trans,2,1,8.000000e-11,4.000000e-15,GROUP:N,N,u0,0.02,,3.025369e-11,3.007286e-11,3.044254e-11,-9.242000e-12,2.005000e-11
NAND2_X1,B_r_ZN_f,trans,2,1,8.000000e-11,4.000000e-15,GROUP:P,P,vth,0.010,,3.025369e-11,3.024732e-11,3.025982e-11,-6.250000e-13,-2.400000e-12
NAND2_X1,B_r_ZN_f,trans,2,1,8.000000e-11,4.000000e-15,GROUP:P,P,u0,0.02,,3.025369e-11,3.025787e-11,3.024942e-11,2.112500e-13,-2.250000e-13
NAND2_X1,B_r_ZN_f,delay,2,2,8.000000e-11,1.200000e-14,M1,N,vth,0.010,1.490712e-02,7.420764e-11,7.491348e-11,7.354422e-11,6.846300e-11,4.242000e-10
NAND2_X1,B_r_ZN_f,delay,2,2,8.000000e-11,1.200000e-14,M1,N,u0,0.02,7.453560e-02,7.420764e-11,7.406494e-11,7.435647e-11,-7.288250e-12,1.532500e-11
NAND2_X1,B_r_ZN_f,delay,2,2,8.000000e-11,1.200000e-14,M2,N,vth,0.010,1.490712e-02,7.420764e-11,7.582548e-11,7.260408e-11,1.610700e-10,1.428000e-10
NAND2_X1,B_r_ZN_f,delay,2,2,8.000000e-11,1.200000e-14,M2,N,u0,0.02,7.453560e-02,7.420764e-11,7.387529e-11,7.455146e-11,-1.690425e-11,2.867500e-11
NAND2_X1,B_r_ZN_f,delay,2,2,8.000000e-11,1.200000e-14,M3,P,vth,0.010,1.338877e-02,7.420764e-11,7.420763e-11,7.420764e-11,-5.000000e-16,-1.000000e-13
NAND2_X1,B_r_ZN_f,delay,2,2,8.000000e-11,1.200000e-14,M3,P,u0,0.02,6.085806e-02,7.420764e-11,7.420764e-11,7.420763e-11,2.500000e-16,-2.500000e-14
NAND2_X1,B_r_ZN_f,delay,2,2,8.000000e-11,1.200000e-14,M4,P,vth,0.010,1.338877e-02,7.420764e-11,7.421265e-11,7.420267e-11,4.990000e-13,4.000000e-13
NAND2_X1,B_r_ZN_f,delay,2,2,8.000000e-11,1.200000e-14,M4,P,u0,0.02,6.085806e-02,7.420764e-11,7.420063e-11,7.421473e-11,-3.525000e-13,2.000000e-13
NAND2_X1,B_r_ZN_f,delay,2,2,8.000000e-11,1.200000e-14,GROUP:N,N,vth,0.010,,7.420764e-11,7.653723e-11,7.194632e-11,2.295455e-10,6.827000e-10
NAND2_X1,B_r_ZN_f,delay,2,2,8.000000e-11,1.200000e-14,GROUP:N,N,u0,0.02,,7.420764e-11,7.37331e-11,7.470084e-11,-2.419350e-11,4.665000e-11
NAND2_X1,B_r_ZN_f,delay,2,2,8.000000e-11,1.200000e-14,GROUP:P,P,vth,0.010,,7.420764e-11,7.421264e-11,7.420267e-11,4.985000e-13,3.000000e-13
NAND2_X1,B_r_ZN_f,delay,2,2,8.000000e-11,1.200000e-14,GROUP:P,P,u0,0.02,,7.420764e-11,7.420063e-11,7.421473e-11,-3.525000e-13,2.000000e-13
NAND2_X1,B_r_ZN_f,trans,2,2,8.000000e-11,1.200000e-14,M1,N,vth,0.010,1.490712e-02,5.848897e-11,5.944366e-11,5.75891e-11,9.272800e-11,5.482000e-10
NAND2_X1,B_r_ZN_f,trans,2,2,8.000000e-11,1.200000e-14,M1,N,u0,0.02,7.453560e-02,5.848897e-11,5.825051e-11,5.873725e-11,-1.216850e-11,2.455000e-11
NAND2_X1,B_r_ZN_f,trans,2,2,8.000000e-11,1.200000e-14,M2,N,vth,0.010,1.490712e-02,5.848897e-11,5.880533e-11,5.819788e-11,3.037250e-11,2.527000e-10
NAND2_X1,B_r_ZN_f,trans,2,2,8.000000e-11,1.200000e-14,M2,N,u0,0.02,7.453560e-02,5.848897e-11,5.826164e-11,5.872587e-11,-1.160575e-11,2.392500e-11
NAND2_X1,B_r_ZN_f,trans,2,2,8.000000e-11,1.200000e-14,M3,P,vth,0.010,1.338877e-02,5.848897e-11,5.848896e-11,5.848899e-11,-1.500000e-15,1.000000e-13
NAND2_X1,B_r_ZN_f,trans,2,2,8.000000e-11,1.200000e-14,M3,P,u0,0.02,6.085806e-02,5.848897e-11,5.848897e-11,5.848897e-11,0.000000e+00,0.000000e+00
NAND2_X1,B_r_ZN_f,trans,2,2,8.000000e-11,1.200000e-14,M4,P,vth,0.010,1.338877e-02,5.848897e-11,5.848798e-11,5.848996e-11,-9.900000e-14,0.000000e+00
NAND2_X1,B_r_ZN_f,trans,2,2,8.000000e-11,1.200000e-14,M4,P,u0,0.02,6.085806e-02,5.848897e-11,5.849028e-11,5.848765e-11,6.575000e-14,-2.500000e-14
NAND2_X1,B_r_ZN_f,trans,2,2,8.000000e-11,1.200000e-14,GROUP:N,N,vth,0.010,,5.848897e-11,5.976327e-11,5.73012e-11,1.231035e-10,8.653000e-10
NAND2_X1,B_r_ZN_f,trans,2,2,8.000000e-11,1.200000e-14,GROUP:N,N,u0,0.02,,5.848897e-11,5.802351e-11,5.897442e-11,-2.377275e-11,4.997500e-11
NAND2_X1,B_r_ZN_f,trans,2,2,8.000000e-11,1.200000e-14,GROUP:P,P,vth,0.010,,5.848897e-11,5.848797e-11,5.848997e-11,-1.000000e-13,1.292470e-22
NAND2_X1,B_r_ZN_f,trans,2,2,8.000000e-11,1.200000e-14,GROUP:P,P,u0,0.02,,5.848897e-11,5.849028e-11,5.848765e-11,6.575000e-14,-2.500000e-14
NAND2_X1,B_f_ZN_r,delay,0,0,1.000000e-11,1.000000e-15,M1,N,vth,0.010,1.490712e-02,3.113188e-11,3.103524e-11,3.122539e-11,-9.507500e-12,-3.130000e-11
NAND2_X1,B_f_ZN_r,delay,0,0,1.000000e-11,1.000000e-15,M1,N,u0,0.02,7.453560e-02,3.113188e-11,3.114216e-11,3.112129e-11,5.217500e-13,-7.750000e-13
NAND2_X1,B_f_ZN_r,delay,0,0,1.000000e-11,1.000000e-15,M2,N,vth,0.010,1.490712e-02,3.113188e-11,3.115469e-11,3.110869e-11,2.300000e-12,-3.800000e-12
NAND2_X1,B_f_ZN_r,delay,0,0,1.000000e-11,1.000000e-15,M2,N,u0,0.02,7.453560e-02,3.113188e-11,3.112442e-11,3.113953e-11,-3.777500e-13,4.750000e-13
NAND2_X1,B_f_ZN_r,delay,0,0,1.000000e-11,1.000000e-15,M3,P,vth,0.010,1.338877e-02,3.113188e-11,3.11319e-11,3.113186e-11,2.000000e-15,0.000000e+00
NAND2_X1,B_f_ZN_r,delay,0,0,1.000000e-11,1.000000e-15,M3,P,u0,0.02,6.085806e-02,3.113188e-11,3.113188e-11,3.113189e-11,-2.500000e-16,2.500000e-14
NAND2_X1,B_f_ZN_r,delay,0,0,1.000000e-11,1.000000e-15,M4,P,vth,0.010,1.338877e-02,3.113188e-11,3.210209e-11,3.020446e-11,9.488150e-11,4.279000e-10
NAND2_X1,B_f_ZN_r,delay,0,0,1.000000e-11,1.000000e-15,M4,P,u0,0.02,6.085806e-02,3.113188e-11,3.068996e-11,3.159199e-11,-2.255075e-11,4.547500e-11
NAND2_X1,B_f_ZN_r,delay,0,0,1.000000e-11,1.000000e-15,GROUP:N,N,vth,0.010,,3.113188e-11,3.105804e-11,3.120219e-11,-7.207500e-12,-3.530000e-11
NAND2_X1,B_f_ZN_r,delay,0,0,1.000000e-11,1.000000e-15,GROUP:N,N,u0,0.02,,3.113188e-11,3.113469e-11,3.112893e-11,1.440000e-13,-3.500000e-13
NAND2_X1,B_f_ZN_r,delay,0,0,1.000000e-11,1.000000e-15,GROUP:P,P,vth,0.010,,3.113188e-11,3.210211e-11,3.020443e-11,9.488400e-11,4.278000e-10
NAND2_X1,B_f_ZN_r,delay,0,0,1.000000e-11,1.000000e-15,GROUP:P,P,u0,0.02,,3.113188e-11,3.068996e-11,3.159199e-11,-2.255075e-11,4.547500e-11
NAND2_X1,B_f_ZN_r,trans,0,0,1.000000e-11,1.000000e-15,M1,N,vth,0.010,1.490712e-02,2.936454e-11,2.92365e-11,2.949354e-11,-1.285200e-11,9.600000e-12
NAND2_X1,B_f_ZN_r,trans,0,0,1.000000e-11,1.000000e-15,M1,N,u0,0.02,7.453560e-02,2.936454e-11,2.93693e-11,2.935972e-11,2.395000e-13,-1.500000e-13
NAND2_X1,B_f_ZN_r,trans,0,0,1.000000e-11,1.000000e-15,M2,N,vth,0.010,1.490712e-02,2.936454e-11,2.936457e-11,2.936448e-11,4.500000e-15,-3.000000e-13
NAND2_X1,B_f_ZN_r,trans,0,0,1.000000e-11,1.000000e-15,M2,N,u0,0.02,7.453560e-02,2.936454e-11,2.936452e-11,2.936456e-11,-1.000000e-15,0.000000e+00
NAND2_X1,B_f_ZN_r,trans,0,0,1.000000e-11,1.000000e-15,M3,P,vth,0.010,1.338877e-02,2.936454e-11,2.936455e-11,2.936453e-11,1.000000e-15,0.000000e+00
NAND2_X1,B_f_ZN_r,trans,0,0,1.000000e-11,1.000000e-15,M3,P,u0,0.02,6.085806e-02,2.936454e-11,2.936454e-11,2.936454e-11,0.000000e+00,0.000000e+00
NAND2_X1,B_f_ZN_r,trans,0,0,1.000000e-11,1.000000e-15,M4,P,vth,0.010,1.338877e-02,2.936454e-11,3.026224e-11,2.851033e-11,8.759550e-11,4.349000e-10
NAND2_X1,B_f_ZN_r,trans,0,0,1.000000e-11,1.000000e-15,M4,P,u0,0.02,6.085806e-02,2.936454e-11,2.888187e-11,2.986708e-11,-2.463025e-11,4.967500e-11
NAND2_X1,B_f_ZN_r,trans,0,0,1.000000e-11,1.000000e-15,GROUP:N,N,vth,0.010,,2.936454e-11,2.923649e-11,2.949357e-11,-1.285400e-11,9.800000e-12
NAND2_X1,B_f_ZN_r,trans,0,0,1.000000e-11,1.000000e-15,GROUP:N,N,u0,0.02,,2.936454e-11,2.936928e-11,2.935974e-11,2.385000e-13,-1.500000e-13
NAND2_X1,B_f_ZN_r,trans,0,0,1.000000e-11,1.000000e-15,GROUP:P,P,vth,0.010,,2.936454e-11,3.026225e-11,2.851032e-11,8.759650e-11,4.349000e-10
NAND2_X1,B_f_ZN_r,trans,0,0,1.000000e-11,1.000000e-15,GROUP:P,P,u0,0.02,,2.936454e-11,2.888187e-11,2.986708e-11,-2.463025e-11,4.967500e-11
NAND2_X1,B_f_ZN_r,delay,0,1,1.000000e-11,4.000000e-15,M1,N,vth,0.010,1.490712e-02,4.599767e-11,4.590497e-11,4.60868e-11,-9.091500e-12,-3.570000e-11
NAND2_X1,B_f_ZN_r,delay,0,1,1.000000e-11,4.000000e-15,M1,N,u0,0.02,7.453560e-02,4.599767e-11,4.600683e-11,4.598825e-11,4.645000e-13,-6.500000e-13
NAND2_X1,B_f_ZN_r,delay,0,1,1.000000e-11,4.000000e-15,M2,N,vth,0.010,1.490712e-02,4.599767e-11,4.601469e-11,4.598027e-11,1.721000e-12,-3.800000e-12
NAND2_X1,B_f_ZN_r,delay,0,1,1.000000e-11,4.000000e-15,M2,N,u0,0.02,7.453560e-02,4.599767e-11,4.599091e-11,4.60046e-11,-3.422500e-13,4.250000e-13
NAND2_X1,B_f_ZN_r,delay,0,1,1.000000e-11,4.000000e-15,M3,P,vth,0.010,1.338877e-02,4.599767e-11,4.59977e-11,4.599764e-11,3.000000e-15,-6.462349e-23
NAND2_X1,B_f_ZN_r,delay,0,1,1.000000e-11,4.000000e-15,M3,P,u0,0.02,6.085806e-02,4.599767e-11,4.599767e-11,4.599768e-11,-2.500000e-16,2.500000e-14
NAND2_X1,B_f_ZN_r,delay,0,1,1.000000e-11,4.000000e-15,M4,P,vth,0.010,1.338877e-02,4.599767e-11,4.745585e-11,4.460562e-11,1.425115e-10,6.613000e-10
NAND2_X1,B_f_ZN_r,delay,0,1,1.000000e-11,4.000000e-15,M4,P,u0,0.02,6.085806e-02,4.599767e-11,4.532096e-11,4.670228e-11,-3.453300e-11,6.975000e-11
NAND2_X1,B_f_ZN_r,delay,0,1,1.000000e-11,4.000000e-15,GROUP:N,N,vth,0.010,,4.599767e-11,4.5922e-11,4.606939e-11,-7.369500e-12,-3.950000e-11
NAND2_X1,B_f_ZN_r,delay,0,1,1.000000e-11,4.000000e-15,GROUP:N,N,u0,0.02,,4.599767e-11,4.600005e-11,4.599517e-11,1.220000e-13,-3.000000e-13
NAND2_X1,B_f_ZN_r,delay,0,1,1.000000e-11,4.000000e-15,GROUP:P,P,vth,0.010,,4.599767e-11,4.745588e-11,4.460558e-11,1.425150e-10,6.612000e-10
NAND2_X1,B_f_ZN_r,delay,0,1,1.000000e-11,4.000000e-15,GROUP:P,P,u0,0.02,,4.599767e-11,4.532096e-11,4.670229e-11,-3.453325e-11,6.977500e-11
NAND2_X1,B_f_ZN_r,trans,0,1,1.000000e-11,4.000000e-15,M1,N,vth,0.010,1.490712e-02,5.001982e-11,4.98878e-11,5.015272e-11,-1.324600e-11,8.800000e-12
NAND2_X1,B_f_ZN_r,trans,0,1,1.000000e-11,4.000000e-15,M1,N,u0,0.02,7.453560e-02,5.001982e-11,5.002572e-11,5.001383e-11,2.972500e-13,-2.250000e-13
NAND2_X1,B_f_ZN_r,trans,0,1,1.000000e-11,4.000000e-15,M2,N,vth,0.010,1.490712e-02,5.001982e-11,5.001982e-11,5.001986e-11,-2.000000e-15,4.000000e-13
NAND2_X1,B_f_ZN_r,trans,0,1,1.000000e-11,4.000000e-15,M2,N,u0,0.02,7.453560e-02,5.001982e-11,5.00198e-11,5.001983e-11,-7.500000e-16,-2.500000e-14
NAND2_X1,B_f_ZN_r,trans,0,1,1.000000e-11,4.000000e-15,M3,P,vth,0.010,1.338877e-02,5.001982e-11,5.001983e-11,5.00198e-11,1.500000e-15,-1.000000e-13
NAND2_X1,B_f_ZN_r,trans,0,1,1.000000e-11,4.000000e-15,M3,P,u0,0.02,6.085806e-02,5.001982e-11,5.001982e-11,5.001982e-11,0.000000e+00,0.000000e+00
NAND2_X1,B_f_ZN_r,trans,0,1,1.000000e-11,4.000000e-15,M4,P,vth,0.010,1.338877e-02,5.001982e-11,5.155055e-11,4.856271e-11,1.493920e-10,7.362000e-10
NAND2_X1,B_f_ZN_r,trans,0,1,1.000000e-11,4.000000e-15,M4,P,u0,0.02,6.085806e-02,5.001982e-11,4.919746e-11,5.087613e-11,-4.196675e-11,8.487500e-11
NAND2_X1,B_f_ZN_r,trans,0,1,1.000000e-11,4.000000e-15,GROUP:N,N,vth,0.010,,5.001982e-11,4.988779e-11,5.01528e-11,-1.325050e-11,9.500000e-12
NAND2_X1,B_f_ZN_r,trans,0,1,1.000000e-11,4.000000e-15,GROUP:N,N,u0,0.02,,5.001982e-11,5.00257e-11,5.001384e-11,2.965000e-13,-2.500000e-13
NAND2_X1,B_f_ZN_r,trans,0,1,1.000000e-11,4.000000e-15,GROUP:P,P,vth,0.010,,5.001982e-11,5.155057e-11,4.856269e-11,1.493940e-10,7.362000e-10
NAND2_X1,B_f_ZN_r,trans,0,1,1.000000e-11,4.000000e-15,GROUP:P,P,u0,0.02,,5.001982e-11,4.919746e-11,5.087613e-11,-4.196675e-11,8.487500e-11
NAND2_X1,B_f_ZN_r,delay,0,2,1.000000e-11,1.200000e-14,M1,N,vth,0.010,1.490712e-02,8.482868e-11,8.474313e-11,8.491023e-11,-8.355000e-12,-4.000000e-11
NAND2_X1,B_f_ZN_r,delay,0,2,1.000000e-11,1.200000e-14,M1,N,u0,0.02,7.453560e-02,8.482868e-11,8.483661e-11,8.482051e-11,4.025000e-13,-6.000000e-13
NAND2_X1,B_f_ZN_r,delay,0,2,1.000000e-11,1.200000e-14,M2,N,vth,0.010,1.490712e-02,8.482868e-11,8.483939e-11,8.481766e-11,1.086500e-12,-3.100000e-12
NAND2_X1,B_f_ZN_r,delay,0,2,1.000000e-11,1.200000e-14,M2,N,u0,0.02,7.453560e-02,8.482868e-11,8.482279e-11,8.48347e-11,-2.977500e-13,3.250000e-13
NAND2_X1,B_f_ZN_r,delay,0,2,1.000000e-11,1.200000e-14,M3,P,vth,0.010,1.338877e-02,8.482868e-11,8.482873e-11,8.482862e-11,5.500000e-15,-1.000000e-13
NAND2_X1,B_f_ZN_r,delay,0,2,1.000000e-11,1.200000e-14,M3,P,u0,0.02,6.085806e-02,8.482868e-11,8.482867e-11,8.482868e-11,-2.500000e-16,-2.500000e-14
NAND2_X1,B_f_ZN_r,delay,0,2,1.000000e-11,1.200000e-14,M4,P,vth,0.010,1.338877e-02,8.482868e-11,8.756859e-11,8.221633e-11,2.676130e-10,1.275600e-09
NAND2_X1,B_f_ZN_r,delay,0,2,1.000000e-11,1.200000e-14,M4,P,u0,0.02,6.085806e-02,8.482868e-11,8.353493e-11,8.617577e-11,-6.602100e-11,1.333500e-10
NAND2_X1,B_f_ZN_r,delay,0,2,1.000000e-11,1.200000e-14,GROUP:N,N,vth,0.010,,8.482868e-11,8.475389e-11,8.489925e-11,-7.268000e-12,-4.220000e-11
NAND2_X1,B_f_ZN_r,delay,0,2,1.000000e-11,1.200000e-14,GROUP:N,N,u0,0.02,,8.482868e-11,8.483072e-11,8.482653e-11,1.047500e-13,-2.750000e-13
NAND2_X1,B_f_ZN_r,delay,0,2,1.000000e-11,1.200000e-14,GROUP:P,P,vth,0.010,,8.482868e-11,8.756864e-11,8.221627e-11,2.676185e-10,1.275500e-09
NAND2_X1,B_f_ZN_r,delay,0,2,1.000000e-11,1.200000e-14,GROUP:P,P,u0,0.02,,8.482868e-11,8.353493e-11,8.617577e-11,-6.602100e-11,1.333500e-10
NAND2_X1,B_f_ZN_r,trans,0,2,1.000000e-11,1.200000e-14,M1,N,vth,0.010,1.490712e-02,1.049435e-10,1.048077e-10,1.0508e-10,-1.361500e-11,7.000000e-12
NAND2_X1,B_f_ZN_r,trans,0,2,1.000000e-11,1.200000e-14,M1,N,u0,0.02,7.453560e-02,1.049435e-10,1.049504e-10,1.049365e-10,3.475000e-13,-2.500000e-13
NAND2_X1,B_f_ZN_r,trans,0,2,1.000000e-11,1.200000e-14,M2,N,vth,0.010,1.490712e-02,1.049435e-10,1.049434e-10,1.049436e-10,-1.000000e-14,-1.292470e-22
NAND2_X1,B_f_ZN_r,trans,0,2,1.000000e-11,1.200000e-14,M2,N,u0,0.02,7.453560e-02,1.049435e-10,1.049435e-10,1.049435e-10,0.000000e+00,0.000000e+00
NAND2_X1,B_f_ZN_r,trans,0,2,1.000000e-11,1.200000e-14,M3,P,vth,0.010,1.338877e-02,1.049435e-10,1.049436e-10,1.049435e-10,5.000000e-15,1.000000e-12
NAND2_X1,B_f_ZN_r,trans,0,2,1.000000e-11,1.200000e-14,M3,P,u0,0.02,6.085806e-02,1.049435e-10,1.049435e-10,1.049435e-10,0.000000e+00,0.000000e+00
NAND2_X1,B_f_ZN_r,trans,0,2,1.000000e-11,1.200000e-14,M4,P,vth,0.010,1.338877e-02,1.049435e-10,1.081492e-10,1.018909e-10,3.129150e-10,1.531000e-09
NAND2_X1,B_f_ZN_r,trans,0,2,1.000000e-11,1.200000e-14,M4,P,u0,0.02,6.085806e-02,1.049435e-10,1.032204e-10,1.067375e-10,-8.792750e-11,1.772500e-10
NAND2_X1,B_f_ZN_r,trans,0,2,1.000000e-11,1.200000e-14,GROUP:N,N,vth,0.010,,1.049435e-10,1.048076e-10,1.050801e-10,-1.362500e-11,7.000000e-12
NAND2_X1,B_f_ZN_r,trans,0,2,1.000000e-11,1.200000e-14,GROUP:N,N,u0,0.02,,1.049435e-10,1.049504e-10,1.049365e-10,3.475000e-13,-2.500000e-13
NAND2_X1,B_f_ZN_r,trans,0,2,1.000000e-11,1.200000e-14,GROUP:P,P,vth,0.010,,1.049435e-10,1.081492e-10,1.018908e-10,3.129200e-10,1.530000e-09
NAND2_X1,B_f_ZN_r,trans,0,2,1.000000e-11,1.200000e-14,GROUP:P,P,u0,0.02,,1.049435e-10,1.032203e-10,1.067375e-10,-8.793000e-11,1.770000e-10
NAND2_X1,B_f_ZN_r,delay,1,0,3.000000e-11,1.000000e-15,M1,N,vth,0.010,1.490712e-02,3.913311e-11,3.903689e-11,3.922628e-11,-9.469500e-12,-3.050000e-11
NAND2_X1,B_f_ZN_r,delay,1,0,3.000000e-11,1.000000e-15,M1,N,u0,0.02,7.453560e-02,3.913311e-11,3.914312e-11,3.91228e-11,5.080000e-13,-7.500000e-13
NAND2_X1,B_f_ZN_r,delay,1,0,3.000000e-11,1.000000e-15,M2,N,vth,0.010,1.490712e-02,3.913311e-11,3.91537e-11,3.911391e-11,1.989500e-12,1.390000e-11
NAND2_X1,B_f_ZN_r,delay,1,0,3.000000e-11,1.000000e-15,M2,N,u0,0.02,7.453560e-02,3.913311e-11,3.912692e-11,3.913948e-11,-3.140000e-13,4.500000e-13
NAND2_X1,B_f_ZN_r,delay,1,0,3.000000e-11,1.000000e-15,M3,P,vth,0.010,1.338877e-02,3.913311e-11,3.913313e-11,3.913308e-11,2.500000e-15,-1.000000e-13
NAND2_X1,B_f_ZN_r,delay,1,0,3.000000e-11,1.000000e-15,M3,P,u0,0.02,6.085806e-02,3.913311e-11,3.91331e-11,3.913311e-11,-2.500000e-16,-2.500000e-14
NAND2_X1,B_f_ZN_r,delay,1,0,3.000000e-11,1.000000e-15,M4,P,vth,0.010,1.338877e-02,3.913311e-11,4.021679e-11,3.809122e-11,1.062785e-10,4.179000e-10
NAND2_X1,B_f_ZN_r,delay,1,0,3.000000e-11,1.000000e-15,M4,P,u0,0.02,6.085806e-02,3.913311e-11,3.869595e-11,3.95881e-11,-2.230375e-11,4.457500e-11
NAND2_X1,B_f_ZN_r,delay,1,0,3.000000e-11,1.000000e-15,GROUP:N,N,vth,0.010,,3.913311e-11,3.905749e-11,3.920711e-11,-7.481000e-12,-1.620000e-11
NAND2_X1,B_f_ZN_r,delay,1,0,3.000000e-11,1.000000e-15,GROUP:N,N,u0,0.02,,3.913311e-11,3.913693e-11,3.912918e-11,1.937500e-13,-2.750000e-13
NAND2_X1,B_f_ZN_r,delay,1,0,3.000000e-11,1.000000e-15,GROUP:P,P,vth,0.010,,3.913311e-11,4.021682e-11,3.809119e-11,1.062815e-10,4.179000e-10
NAND2_X1,B_f_ZN_r,delay,1,0,3.000000e-11,1.000000e-15,GROUP:P,P,u0,0.02,,3.913311e-11,3.869595e-11,3.95881e-11,-2.230375e-11,4.457500e-11
NAND2_X1,B_f_ZN_r,trans,1,0,3.000000e-11,1.000000e-15,M1,N,vth,0.010,1.490712e-02,2.934020e-11,2.921097e-11,2.947031e-11,-1.296700e-11,8.800000e-12
NAND2_X1,B_f_ZN_r,trans,1,0,3.000000e-11,1.000000e-15,M1,N,u0,0.02,7.453560e-02,2.934020e-11,2.934547e-11,2.933485e-11,2.655000e-13,-2.000000e-13
NAND2_X1,B_f_ZN_r,trans,1,0,3.000000e-11,1.000000e-15,M2,N,vth,0.010,1.490712e-02,2.934020e-11,2.934071e-11,2.93397e-11,5.050000e-14,1.000000e-13
NAND2_X1,B_f_ZN_r,trans,1,0,3.000000e-11,1.000000e-15,M2,N,u0,0.02,7.453560e-02,2.934020e-11,2.934003e-11,2.934036e-11,-8.250000e-15,-2.500000e-14
NAND2_X1,B_f_ZN_r,trans,1,0,3.000000e-11,1.000000e-15,M3,P,vth,0.010,1.338877e-02,2.934020e-11,2.934021e-11,2.934018e-11,1.500000e-15,-1.000000e-13
NAND2_X1,B_f_ZN_r,trans,1,0,3.000000e-11,1.000000e-15,M3,P,u0,0.02,6.085806e-02,2.934020e-11,2.93402e-11,2.93402e-11,0.000000e+00,0.000000e+00
NAND2_X1,B_f_ZN_r,trans,1,0,3.000000e-11,1.000000e-15,M4,P,vth,0.010,1.338877e-02,2.934020e-11,3.024859e-11,2.854231e-11,8.531400e-11,1.105000e-09
NAND2_X1,B_f_ZN_r,trans,1,0,3.000000e-11,1.000000e-15,M4,P,u0,0.02,6.085806e-02,2.934020e-11,2.887031e-11,2.984723e-11,-2.442300e-11,9.285000e-11
NAND2_X1,B_f_ZN_r,trans,1,0,3.000000e-11,1.000000e-15,GROUP:N,N,vth,0.010,,2.934020e-11,2.921145e-11,2.946987e-11,-1.292100e-11,9.200000e-12
NAND2_X1,B_f_ZN_r,trans,1,0,3.000000e-11,1.000000e-15,GROUP:N,N,u0,0.02,,2.934020e-11,2.934531e-11,2.933502e-11,2.572500e-13,-1.750000e-13
NAND2_X1,B_f_ZN_r,trans,1,0,3.000000e-11,1.000000e-15,GROUP:P,P,vth,0.010,,2.934020e-11,3.02486e-11,2.85423e-11,8.531500e-11,1.105000e-09
NAND2_X1,B_f_ZN_r,trans,1,0,3.000000e-11,1.000000e-15,GROUP:P,P,u0,0.02,,2.934020e-11,2.887031e-11,2.984723e-11,-2.442300e-11,9.285000e-11
NAND2_X1,B_f_ZN_r,delay,1,1,3.000000e-11,4.000000e-15,M1,N,vth,0.010,1.490712e-02,5.401635e-11,5.392472e-11,5.410444e-11,-8.986000e-12,-3.540000e-11
NAND2_X1,B_f_ZN_r,delay,1,1,3.000000e-11,4.000000e-15,M1,N,u0,0.02,7.453560e-02,5.401635e-11,5.402471e-11,5.400776e-11,4.237500e-13,-5.750000e-13
NAND2_X1,B_f_ZN_r,delay,1,1,3.000000e-11,4.000000e-15,M2,N,vth,0.010,1.490712e-02,5.401635e-11,5.403838e-11,5.39951e-11,2.164000e-12,7.800000e-12
NAND2_X1,B_f_ZN_r,delay,1,1,3.000000e-11,4.000000e-15,M2,N,u0,0.02,7.453560e-02,5.401635e-11,5.400929e-11,5.402362e-11,-3.582500e-13,5.250000e-13
NAND2_X1,B_f_ZN_r,delay,1,1,3.000000e-11,4.000000e-15,M3,P,vth,0.010,1.338877e-02,5.401635e-11,5.401639e-11,5.401631e-11,4.000000e-15,6.462349e-23
NAND2_X1,B_f_ZN_r,delay,1,1,3.000000e-11,4.000000e-15,M3,P,u0,0.02,6.085806e-02,5.401635e-11,5.401635e-11,5.401636e-11,-2.500000e-16,2.500000e-14
NAND2_X1,B_f_ZN_r,delay,1,1,3.000000e-11,4.000000e-15,M4,P,vth,0.010,1.338877e-02,5.401635e-11,5.559476e-11,5.250297e-11,1.545895e-10,6.503000e-10
NAND2_X1,B_f_ZN_r,delay,1,1,3.000000e-11,4.000000e-15,M4,P,u0,0.02,6.085806e-02,5.401635e-11,5.33428e-11,5.471746e-11,-3.436650e-11,6.890000e-11
NAND2_X1,B_f_ZN_r,delay,1,1,3.000000e-11,4.000000e-15,GROUP:N,N,vth,0.010,,5.401635e-11,5.394675e-11,5.408318e-11,-6.821500e-12,-2.770000e-11
NAND2_X1,B_f_ZN_r,delay,1,1,3.000000e-11,4.000000e-15,GROUP:N,N,u0,0.02,,5.401635e-11,5.401764e-11,5.401501e-11,6.575000e-14,-1.250000e-13
NAND2_X1,B_f_ZN_r,delay,1,1,3.000000e-11,4.000000e-15,GROUP:P,P,vth,0.010,,5.401635e-11,5.55948e-11,5.250293e-11,1.545935e-10,6.503000e-10
NAND2_X1,B_f_ZN_r,delay,1,1,3.000000e-11,4.000000e-15,GROUP:P,P,u0,0.02,,5.401635e-11,5.33428e-11,5.471746e-11,-3.436650e-11,6.890000e-11
NAND2_X1,B_f_ZN_r,trans,1,1,3.000000e-11,4.000000e-15,M1,N,vth,0.010,1.490712e-02,5.001985e-11,4.988782e-11,5.015268e-11,-1.324300e-11,8.000000e-12
NAND2_X1,B_f_ZN_r,trans,1,1,3.000000e-11,4.000000e-15,M1,N,u0,0.02,7.453560e-02,5.001985e-11,5.002574e-11,5.001386e-11,2.970000e-13,-2.500000e-13
NAND2_X1,B_f_ZN_r,trans,1,1,3.000000e-11,4.000000e-15,M2,N,vth,0.010,1.490712e-02,5.001985e-11,5.001985e-11,5.001985e-11,0.000000e+00,0.000000e+00
NAND2_X1,B_f_ZN_r,trans,1,1,3.000000e-11,4.000000e-15,M2,N,u0,0.02,7.453560e-02,5.001985e-11,5.001984e-11,5.001986e-11,-5.000000e-16,-1.615587e-23
NAND2_X1,B_f_ZN_r,trans,1,1,3.000000e-11,4.000000e-15,M3,P,vth,0.010,1.338877e-02,5.001985e-11,5.001987e-11,5.001983e-11,2.000000e-15,-6.462349e-23
NAND2_X1,B_f_ZN_r,trans,1,1,3.000000e-11,4.000000e-15,M3,P,u0,0.02,6.085806e-02,5.001985e-11,5.001985e-11,5.001985e-11,0.000000e+00,0.000000e+00
NAND2_X1,B_f_ZN_r,trans,1,1,3.000000e-11,4.000000e-15,M4,P,vth,0.010,1.338877e-02,5.001985e-11,5.155052e-11,4.856266e-11,1.493930e-10,7.348000e-10
NAND2_X1,B_f_ZN_r,trans,1,1,3.000000e-11,4.000000e-15,M4,P,u0,0.02,6.085806e-02,5.001985e-11,4.919746e-11,5.087615e-11,-4.196725e-11,8.477500e-11
NAND2_X1,B_f_ZN_r,trans,1,1,3.000000e-11,4.000000e-15,GROUP:N,N,vth,0.010,,5.001985e-11,4.988779e-11,5.015277e-11,-1.324900e-11,8.600000e-12
NAND2_X1,B_f_ZN_r,trans,1,1,3.000000e-11,4.000000e-15,GROUP:N,N,u0,0.02,,5.001985e-11,5.002573e-11,5.001387e-11,2.965000e-13,-2.500000e-13
NAND2_X1,B_f_ZN_r,trans,1,1,3.000000e-11,4.000000e-15,GROUP:P,P,vth,0.010,,5.001985e-11,5.155054e-11,4.856264e-11,1.493950e-10,7.348000e-10
NAND2_X1,B_f_ZN_r,trans,1,1,3.000000e-11,4.000000e-15,GROUP:P,P,u0,0.02,,5.001985e-11,4.919746e-11,5.087615e-11,-4.196725e-11,8.477500e-11
NAND2_X1,B_f_ZN_r,delay,1,2,3.000000e-11,1.200000e-14,M1,N,vth,0.010,1.490712e-02,9.296448e-11,9.288002e-11,9.304495e-11,-8.246500e-12,-3.990000e-11
NAND2_X1,B_f_ZN_r,delay,1,2,3.000000e-11,1.200000e-14,M1,N,u0,0.02,7.453560e-02,9.296448e-11,9.29716e-11,9.295714e-11,3.615000e-13,-5.500000e-13
NAND2_X1,B_f_ZN_r,delay,1,2,3.000000e-11,1.200000e-14,M2,N,vth,0.010,1.490712e-02,9.296448e-11,9.29826e-11,9.294653e-11,1.803500e-12,1.700000e-12
NAND2_X1,B_f_ZN_r,delay,1,2,3.000000e-11,1.200000e-14,M2,N,u0,0.02,7.453560e-02,9.296448e-11,9.295751e-11,9.297162e-11,-3.527500e-13,4.250000e-13
NAND2_X1,B_f_ZN_r,delay,1,2,3.000000e-11,1.200000e-14,M3,P,vth,0.010,1.338877e-02,9.296448e-11,9.296453e-11,9.296441e-11,6.000000e-15,-2.000000e-13
NAND2_X1,B_f_ZN_r,delay,1,2,3.000000e-11,1.200000e-14,M3,P,u0,0.02,6.085806e-02,9.296448e-11,9.296447e-11,9.296448e-11,-2.500000e-16,-2.500000e-14
NAND2_X1,B_f_ZN_r,delay,1,2,3.000000e-11,1.200000e-14,M4,P,vth,0.010,1.338877e-02,9.296448e-11,9.583441e-11,9.0221e-11,2.806705e-10,1.264500e-09
NAND2_X1,B_f_ZN_r,delay,1,2,3.000000e-11,1.200000e-14,M4,P,u0,0.02,6.085806e-02,9.296448e-11,9.167079e-11,9.431129e-11,-6.601250e-11,1.328000e-10
NAND2_X1,B_f_ZN_r,delay,1,2,3.000000e-11,1.200000e-14,GROUP:N,N,vth,0.010,,9.296448e-11,9.289814e-11,9.3027e-11,-6.443000e-12,-3.820000e-11
NAND2_X1,B_f_ZN_r,delay,1,2,3.000000e-11,1.200000e-14,GROUP:N,N,u0,0.02,,9.296448e-11,9.296462e-11,9.296428e-11,8.500000e-15,-1.500000e-13
NAND2_X1,B_f_ZN_r,delay,1,2,3.000000e-11,1.200000e-14,GROUP:P,P,vth,0.010,,9.296448e-11,9.583447e-11,9.022094e-11,2.806765e-10,1.264500e-09
NAND2_X1,B_f_ZN_r,delay,1,2,3.000000e-11,1.200000e-14,GROUP:P,P,u0,0.02,,9.296448e-11,9.167078e-11,9.431129e-11,-6.601275e-11,1.327750e-10
NAND2_X1,B_f_ZN_r,trans,1,2,3.000000e-11,1.200000e-14,M1,N,vth,0.010,1.490712e-02,1.049435e-10,1.048077e-10,1.0508e-10,-1.361500e-11,7.000000e-12
NAND2_X1,B_f_ZN_r,trans,1,2,3.000000e-11,1.200000e-14,M1,N,u0,0.02,7.453560e-02,1.049435e-10,1.049504e-10,1.049365e-10,3.475000e-13,-2.500000e-13
NAND2_X1,B_f_ZN_r,trans,1,2,3.000000e-11,1.200000e-14,M2,N,vth,0.010,1.490712e-02,1.049435e-10,1.049435e-10,1.049436e-10,-5.000000e-15,1.000000e-12
NAND2_X1,B_f_ZN_r,trans,1,2,3.000000e-11,1.200000e-14,M2,N,u0,0.02,7.453560e-02,1.049435e-10,1.049436e-10,1.049435e-10,2.500000e-15,2.500000e-13
NAND2_X1,B_f_ZN_r,trans,1,2,3.000000e-11,1.200000e-14,M3,P,vth,0.010,1.338877e-02,1.049435e-10,1.049436e-10,1.049435e-10,5.000000e-15,1.000000e-12
NAND2_X1,B_f_ZN_r,trans,1,2,3.000000e-11,1.200000e-14,M3,P,u0,0.02,6.085806e-02,1.049435e-10,1.049435e-10,1.049435e-10,0.000000e+00,0.000000e+00
NAND2_X1,B_f_ZN_r,trans,1,2,3.000000e-11,1.200000e-14,M4,P,vth,0.010,1.338877e-02,1.049435e-10,1.081492e-10,1.018909e-10,3.129150e-10,1.531000e-09
NAND2_X1,B_f_ZN_r,trans,1,2,3.000000e-11,1.200000e-14,M4,P,u0,0.02,6.085806e-02,1.049435e-10,1.032203e-10,1.067375e-10,-8.793000e-11,1.770000e-10
NAND2_X1,B_f_ZN_r,trans,1,2,3.000000e-11,1.200000e-14,GROUP:N,N,vth,0.010,,1.049435e-10,1.048076e-10,1.050801e-10,-1.362500e-11,7.000000e-12
NAND2_X1,B_f_ZN_r,trans,1,2,3.000000e-11,1.200000e-14,GROUP:N,N,u0,0.02,,1.049435e-10,1.049504e-10,1.049365e-10,3.475000e-13,-2.500000e-13
NAND2_X1,B_f_ZN_r,trans,1,2,3.000000e-11,1.200000e-14,GROUP:P,P,vth,0.010,,1.049435e-10,1.081492e-10,1.018908e-10,3.129200e-10,1.530000e-09
NAND2_X1,B_f_ZN_r,trans,1,2,3.000000e-11,1.200000e-14,GROUP:P,P,u0,0.02,,1.049435e-10,1.032203e-10,1.067375e-10,-8.793000e-11,1.770000e-10
NAND2_X1,B_f_ZN_r,delay,2,0,8.000000e-11,1.000000e-15,M1,N,vth,0.010,1.490712e-02,6.014478e-11,6.003352e-11,6.025213e-11,-1.093050e-11,-3.910000e-11
NAND2_X1,B_f_ZN_r,delay,2,0,8.000000e-11,1.000000e-15,M1,N,u0,0.02,7.453560e-02,6.014478e-11,6.015608e-11,6.013317e-11,5.727500e-13,-7.750000e-13
NAND2_X1,B_f_ZN_r,delay,2,0,8.000000e-11,1.000000e-15,M2,N,vth,0.010,1.490712e-02,6.014478e-11,6.010289e-11,6.019441e-11,-4.576000e-12,7.740000e-11
NAND2_X1,B_f_ZN_r,delay,2,0,8.000000e-11,1.000000e-15,M2,N,u0,0.02,7.453560e-02,6.014478e-11,6.014722e-11,6.014242e-11,1.200000e-13,2.000000e-13
NAND2_X1,B_f_ZN_r,delay,2,0,8.000000e-11,1.000000e-15,M3,P,vth,0.010,1.338877e-02,6.014478e-11,6.014482e-11,6.014474e-11,4.000000e-15,-1.292470e-22
NAND2_X1,B_f_ZN_r,delay,2,0,8.000000e-11,1.000000e-15,M3,P,u0,0.02,6.085806e-02,6.014478e-11,6.014478e-11,6.014479e-11,-2.500000e-16,2.500000e-14
NAND2_X1,B_f_ZN_r,delay,2,0,8.000000e-11,1.000000e-15,M4,P,vth,0.010,1.338877e-02,6.014478e-11,6.174021e-11,5.855623e-11,1.591990e-10,6.880000e-11
NAND2_X1,B_f_ZN_r,delay,2,0,8.000000e-11,1.000000e-15,M4,P,u0,0.02,6.085806e-02,6.014478e-11,5.962657e-11,6.067871e-11,-2.630350e-11,3.930000e-11
NAND2_X1,B_f_ZN_r,delay,2,0,8.000000e-11,1.000000e-15,GROUP:N,N,vth,0.010,,6.014478e-11,5.99916e-11,6.030168e-11,-1.550400e-11,3.720000e-11
NAND2_X1,B_f_ZN_r,delay,2,0,8.000000e-11,1.000000e-15,GROUP:N,N,u0,0.02,,6.014478e-11,6.015852e-11,6.013081e-11,6.927500e-13,-5.750000e-13
NAND2_X1,B_f_ZN_r,delay,2,0,8.000000e-11,1.000000e-15,GROUP:P,P,vth,0.010,,6.014478e-11,6.174024e-11,5.855619e-11,1.592025e-10,6.870000e-11
NAND2_X1,B_f_ZN_r,delay,2,0,8.000000e-11,1.000000e-15,GROUP:P,P,u0,0.02,,6.014478e-11,5.962657e-11,6.067871e-11,-2.630350e-11,3.930000e-11
NAND2_X1,B_f_ZN_r,trans,2,0,8.000000e-11,1.000000e-15,M1,N,vth,0.010,1.490712e-02,3.691215e-11,3.678725e-11,3.703825e-11,-1.255000e-11,1.200000e-11
NAND2_X1,B_f_ZN_r,trans,2,0,8.000000e-11,1.000000e-15,M1,N,u0,0.02,7.453560e-02,3.691215e-11,3.691626e-11,3.690802e-11,2.060000e-13,-5.000000e-14
NAND2_X1,B_f_ZN_r,trans,2,0,8.000000e-11,1.000000e-15,M2,N,vth,0.010,1.490712e-02,3.691215e-11,3.694703e-11,3.687131e-11,3.786000e-12,-5.960000e-11
NAND2_X1,B_f_ZN_r,trans,2,0,8.000000e-11,1.000000e-15,M2,N,u0,0.02,7.453560e-02,3.691215e-11,3.691017e-11,3.691407e-11,-9.750000e-14,-1.500000e-13
NAND2_X1,B_f_ZN_r,trans,2,0,8.000000e-11,1.000000e-15,M3,P,vth,0.010,1.338877e-02,3.691215e-11,3.691214e-11,3.691216e-11,-1.000000e-15,0.000000e+00
NAND2_X1,B_f_ZN_r,trans,2,0,8.000000e-11,1.000000e-15,M3,P,u0,0.02,6.085806e-02,3.691215e-11,3.691215e-11,3.691215e-11,0.000000e+00,0.000000e+00
NAND2_X1,B_f_ZN_r,trans,2,0,8.000000e-11,1.000000e-15,M4,P,vth,0.010,1.338877e-02,3.691215e-11,3.722916e-11,3.663816e-11,2.955000e-11,4.302000e-10
NAND2_X1,B_f_ZN_r,trans,2,0,8.000000e-11,1.000000e-15,M4,P,u0,0.02,6.085806e-02,3.691215e-11,3.659719e-11,3.724348e-11,-1.615725e-11,4.092500e-11
NAND2_X1,B_f_ZN_r,trans,2,0,8.000000e-11,1.000000e-15,GROUP:N,N,vth,0.010,,3.691215e-11,3.682201e-11,3.699736e-11,-8.767500e-12,-4.930000e-11
NAND2_X1,B_f_ZN_r,trans,2,0,8.000000e-11,1.000000e-15,GROUP:N,N,u0,0.02,,3.691215e-11,3.691427e-11,3.690994e-11,1.082500e-13,-2.250000e-13
NAND2_X1,B_f_ZN_r,trans,2,0,8.000000e-11,1.000000e-15,GROUP:P,P,vth,0.010,,3.691215e-11,3.722915e-11,3.663817e-11,2.954900e-11,4.302000e-10
NAND2_X1,B_f_ZN_r,trans,2,0,8.000000e-11,1.000000e-15,GROUP:P,P,u0,0.02,,3.691215e-11,3.659719e-11,3.724348e-11,-1.615725e-11,4.092500e-11
NAND2_X1,B_f_ZN_r,delay,2,1,8.000000e-11,4.000000e-15,M1,N,vth,0.010,1.490712e-02,7.528683e-11,7.519511e-11,7.537504e-11,-8.996500e-12,-3.510000e-11
NAND2_X1,B_f_ZN_r,delay,2,1,8.000000e-11,4.000000e-15,M1,N,u0,0.02,7.453560e-02,7.528683e-11,7.529538e-11,7.527803e-11,4.337500e-13,-6.250000e-13
NAND2_X1,B_f_ZN_r,delay,2,1,8.000000e-11,4.000000e-15,M2,N,vth,0.010,1.490712e-02,7.528683e-11,7.526702e-11,7.531214e-11,-2.256000e-12,5.500000e-11
NAND2_X1,B_f_ZN_r,delay,2,1,8.000000e-11,4.000000e-15,M2,N,u0,0.02,7.453560e-02,7.528683e-11,7.528636e-11,7.528742e-11,-2.650000e-14,3.000000e-13
NAND2_X1,B_f_ZN_r,delay,2,1,8.000000e-11,4.000000e-15,M3,P,vth,0.010,1.338877e-02,7.528683e-11,7.528687e-11,7.528678e-11,4.500000e-15,-1.000000e-13
NAND2_X1,B_f_ZN_r,delay,2,1,8.000000e-11,4.000000e-15,M3,P,u0,0.02,6.085806e-02,7.528683e-11,7.528683e-11,7.528683e-11,0.000000e+00,0.000000e+00
NAND2_X1,B_f_ZN_r,delay,2,1,8.000000e-11,4.000000e-15,M4,P,vth,0.010,1.338877e-02,7.528683e-11,7.717449e-11,7.346307e-11,1.855710e-10,6.390000e-10
NAND2_X1,B_f_ZN_r,delay,2,1,8.000000e-11,4.000000e-15,M4,P,u0,0.02,6.085806e-02,7.528683e-11,7.460818e-11,7.599279e-11,-3.461525e-11,6.827500e-11
NAND2_X1,B_f_ZN_r,delay,2,1,8.000000e-11,4.000000e-15,GROUP:N,N,vth,0.010,,7.528683e-11,7.517538e-11,7.540044e-11,-1.125300e-11,2.160000e-11
NAND2_X1,B_f_ZN_r,delay,2,1,8.000000e-11,4.000000e-15,GROUP:N,N,u0,0.02,,7.528683e-11,7.529492e-11,7.527862e-11,4.075000e-13,-3.000000e-13
NAND2_X1,B_f_ZN_r,delay,2,1,8.000000e-11,4.000000e-15,GROUP:P,P,vth,0.010,,7.528683e-11,7.717453e-11,7.346302e-11,1.855755e-10,6.389000e-10
NAND2_X1,B_f_ZN_r,delay,2,1,8.000000e-11,4.000000e-15,GROUP:P,P,u0,0.02,,7.528683e-11,7.460818e-11,7.599279e-11,-3.461525e-11,6.827500e-11
NAND2_X1,B_f_ZN_r,trans,2,1,8.000000e-11,4.000000e-15,M1,N,vth,0.010,1.490712e-02,5.353000e-11,5.339952e-11,5.366137e-11,-1.309250e-11,8.900000e-12
NAND2_X1,B_f_ZN_r,trans,2,1,8.000000e-11,4.000000e-15,M1,N,u0,0.02,7.453560e-02,5.353000e-11,5.353552e-11,5.35244e-11,2.780000e-13,-2.000000e-13
NAND2_X1,B_f_ZN_r,trans,2,1,8.000000e-11,4.000000e-15,M2,N,vth,0.010,1.490712e-02,5.353000e-11,5.354048e-11,5.35166e-11,1.194000e-12,-2.920000e-11
NAND2_X1,B_f_ZN_r,trans,2,1,8.000000e-11,4.000000e-15,M2,N,u0,0.02,7.453560e-02,5.353000e-11,5.353027e-11,5.352967e-11,1.500000e-14,-1.500000e-13
NAND2_X1,B_f_ZN_r,trans,2,1,8.000000e-11,4.000000e-15,M3,P,vth,0.010,1.338877e-02,5.353000e-11,5.353e-11,5.353e-11,0.000000e+00,0.000000e+00
NAND2_X1,B_f_ZN_r,trans,2,1,8.000000e-11,4.000000e-15,M3,P,u0,0.02,6.085806e-02,5.353000e-11,5.353e-11,5.353e-11,0.000000e+00,0.000000e+00
NAND2_X1,B_f_ZN_r,trans,2,1,8.000000e-11,4.000000e-15,M4,P,vth,0.010,1.338877e-02,5.353000e-11,5.460002e-11,5.25509e-11,1.024560e-10,9.092000e-10
NAND2_X1,B_f_ZN_r,trans,2,1,8.000000e-11,4.000000e-15,M4,P,u0,0.02,6.085806e-02,5.353000e-11,5.28508e-11,5.424134e-11,-3.476350e-11,8.035000e-11
NAND2_X1,B_f_ZN_r,trans,2,1,8.000000e-11,4.000000e-15,GROUP:N,N,vth,0.010,,5.353000e-11,5.340997e-11,5.364794e-11,-1.189850e-11,-2.090000e-11
NAND2_X1,B_f_ZN_r,trans,2,1,8.000000e-11,4.000000e-15,GROUP:N,N,u0,0.02,,5.353000e-11,5.353579e-11,5.352407e-11,2.930000e-13,-3.500000e-13
NAND2_X1,B_f_ZN_r,trans,2,1,8.000000e-11,4.000000e-15,GROUP:P,P,vth,0.010,,5.353000e-11,5.460002e-11,5.25509e-11,1.024560e-10,9.092000e-10
NAND2_X1,B_f_ZN_r,trans,2,1,8.000000e-11,4.000000e-15,GROUP:P,P,u0,0.02,,5.353000e-11,5.28508e-11,5.424134e-11,-3.476350e-11,8.035000e-11
NAND2_X1,B_f_ZN_r,delay,2,2,8.000000e-11,1.200000e-14,M1,N,vth,0.010,1.490712e-02,1.139782e-10,1.138946e-10,1.140578e-10,-8.160000e-12,-4.000000e-11
NAND2_X1,B_f_ZN_r,delay,2,2,8.000000e-11,1.200000e-14,M1,N,u0,0.02,7.453560e-02,1.139782e-10,1.139847e-10,1.139715e-10,3.300000e-13,-5.000000e-13
NAND2_X1,B_f_ZN_r,delay,2,2,8.000000e-11,1.200000e-14,M2,N,vth,0.010,1.490712e-02,1.139782e-10,1.139768e-10,1.139831e-10,-3.150000e-13,3.500000e-11
NAND2_X1,B_f_ZN_r,delay,2,2,8.000000e-11,1.200000e-14,M2,N,u0,0.02,7.453560e-02,1.139782e-10,1.139743e-10,1.139822e-10,-1.975000e-13,2.500000e-13
NAND2_X1,B_f_ZN_r,delay,2,2,8.000000e-11,1.200000e-14,M3,P,vth,0.010,1.338877e-02,1.139782e-10,1.139782e-10,1.139781e-10,5.000000e-15,-1.000000e-12
NAND2_X1,B_f_ZN_r,delay,2,2,8.000000e-11,1.200000e-14,M3,P,u0,0.02,6.085806e-02,1.139782e-10,1.139782e-10,1.139782e-10,0.000000e+00,0.000000e+00
NAND2_X1,B_f_ZN_r,delay,2,2,8.000000e-11,1.200000e-14,M4,P,vth,0.010,1.338877e-02,1.139782e-10,1.171714e-10,1.109101e-10,3.130650e-10,1.251000e-09
NAND2_X1,B_f_ZN_r,delay,2,2,8.000000e-11,1.200000e-14,M4,P,u0,0.02,6.085806e-02,1.139782e-10,1.126785e-10,1.153306e-10,-6.630250e-11,1.317500e-10
NAND2_X1,B_f_ZN_r,delay,2,2,8.000000e-11,1.200000e-14,GROUP:N,N,vth,0.010,,1.139782e-10,1.138933e-10,1.140628e-10,-8.475000e-12,-3.000000e-12
NAND2_X1,B_f_ZN_r,delay,2,2,8.000000e-11,1.200000e-14,GROUP:N,N,u0,0.02,,1.139782e-10,1.139808e-10,1.139755e-10,1.325000e-13,-2.500000e-13
NAND2_X1,B_f_ZN_r,delay,2,2,8.000000e-11,1.200000e-14,GROUP:P,P,vth,0.010,,1.139782e-10,1.171715e-10,1.1091e-10,3.130750e-10,1.251000e-09
NAND2_X1,B_f_ZN_r,delay,2,2,8.000000e-11,1.200000e-14,GROUP:P,P,u0,0.02,,1.139782e-10,1.126785e-10,1.153307e-10,-6.630500e-11,1.320000e-10
NAND2_X1,B_f_ZN_r,trans,2,2,8.000000e-11,1.200000e-14,M1,N,vth,0.010,1.490712e-02,1.049473e-10,1.048115e-10,1.050837e-10,-1.361000e-11,6.000000e-12
NAND2_X1,B_f_ZN_r,trans,2,2,8.000000e-11,1.200000e-14,M1,N,u0,0.02,7.453560e-02,1.049473e-10,1.049541e-10,1.049403e-10,3.450000e-13,-5.000000e-13
NAND2_X1,B_f_ZN_r,trans,2,2,8.000000e-11,1.200000e-14,M2,N,vth,0.010,1.490712e-02,1.049473e-10,1.049472e-10,1.049473e-10,-5.000000e-15,-1.000000e-12
NAND2_X1,B_f_ZN_r,trans,2,2,8.000000e-11,1.200000e-14,M2,N,u0,0.02,7.453560e-02,1.049473e-10,1.049473e-10,1.049472e-10,2.500000e-15,-2.500000e-13
NAND2_X1,B_f_ZN_r,trans,2,2,8.000000e-11,1.200000e-14,M3,P,vth,0.010,1.338877e-02,1.049473e-10,1.049473e-10,1.049472e-10,5.000000e-15,-1.000000e-12
NAND2_X1,B_f_ZN_r,trans,2,2,8.000000e-11,1.200000e-14,M3,P,u0,0.02,6.085806e-02,1.049473e-10,1.049473e-10,1.049473e-10,0.000000e+00,0.000000e+00
NAND2_X1,B_f_ZN_r,trans,2,2,8.000000e-11,1.200000e-14,M4,P,vth,0.010,1.338877e-02,1.049473e-10,1.081503e-10,1.019614e-10,3.094450e-10,2.171000e-09
NAND2_X1,B_f_ZN_r,trans,2,2,8.000000e-11,1.200000e-14,M4,P,u0,0.02,6.085806e-02,1.049473e-10,1.032359e-10,1.0674e-10,-8.760250e-11,2.032500e-10
NAND2_X1,B_f_ZN_r,trans,2,2,8.000000e-11,1.200000e-14,GROUP:N,N,vth,0.010,,1.049473e-10,1.048114e-10,1.050837e-10,-1.361500e-11,5.000000e-12
NAND2_X1,B_f_ZN_r,trans,2,2,8.000000e-11,1.200000e-14,GROUP:N,N,u0,0.02,,1.049473e-10,1.049541e-10,1.049402e-10,3.475000e-13,-7.500000e-13
NAND2_X1,B_f_ZN_r,trans,2,2,8.000000e-11,1.200000e-14,GROUP:P,P,vth,0.010,,1.049473e-10,1.081503e-10,1.019614e-10,3.094450e-10,2.171000e-09
NAND2_X1,B_f_ZN_r,trans,2,2,8.000000e-11,1.200000e-14,GROUP:P,P,u0,0.02,,1.049473e-10,1.032359e-10,1.0674e-10,-8.760250e-11,2.032500e-10
NOR2_X1,A_r_ZN_f,delay,0,0,1.000000e-11,1.000000e-15,M1,N,vth,0.010,2.108185e-02,3.149759e-11,3.23525e-11,3.06782e-11,8.371500e-11,3.552000e-10
NOR2_X1,A_r_ZN_f,delay,0,0,1.000000e-11,1.000000e-15,M1,N,u0,0.02,1.054093e-01,3.149759e-11,3.129035e-11,3.171365e-11,-1.058250e-11,2.205000e-11
NOR2_X1,A_r_ZN_f,delay,0,0,1.000000e-11,1.000000e-15,M2,N,vth,0.010,2.108185e-02,3.149759e-11,3.149762e-11,3.149755e-11,3.500000e-15,-1.000000e-13
NOR2_X1,A_r_ZN_f,delay,0,0,1.000000e-11,1.000000e-15,M2,N,u0,0.02,1.054093e-01,3.149759e-11,3.149759e-11,3.149759e-11,0.000000e+00,0.000000e+00
NOR2_X1,A_r_ZN_f,delay,0,0,1.000000e-11,1.000000e-15,M3,P,vth,0.010,9.467293e-03,3.149759e-11,3.150311e-11,3.149096e-11,6.075000e-13,-1.110000e-11
NOR2_X1,A_r_ZN_f,delay,0,0,1.000000e-11,1.000000e-15,M3,P,u0,0.02,4.303315e-02,3.149759e-11,3.148395e-11,3.151139e-11,-6.860000e-13,4.000000e-13
NOR2_X1,A_r_ZN_f,delay,0,0,1.000000e-11,1.000000e-15,M4,P,vth,0.010,9.467293e-03,3.149759e-11,3.129139e-11,3.170053e-11,-2.045700e-11,-3.260000e-11
NOR2_X1,A_r_ZN_f,delay,0,0,1.000000e-11,1.000000e-15,M4,P,u0,0.02,4.303315e-02,3.149759e-11,3.156325e-11,3.142991e-11,3.333500e-12,-5.050000e-12
NOR2_X1,A_r_ZN_f,delay,0,0,1.000000e-11,1.000000e-15,GROUP:N,N,vth,0.010,,3.149759e-11,3.235252e-11,3.067817e-11,8.371750e-11,3.551000e-10
NOR2_X1,A_r_ZN_f,delay,0,0,1.000000e-11,1.000000e-15,GROUP:N,N,u0,0.02,,3.149759e-11,3.129035e-11,3.171365e-11,-1.058250e-11,2.205000e-11
NOR2_X1,A_r_ZN_f,delay,0,0,1.000000e-11,1.000000e-15,GROUP:P,P,vth,0.010,,3.149759e-11,3.129704e-11,3.169403e-11,-1.984950e-11,-4.110000e-11
NOR2_X1,A_r_ZN_f,delay,0,0,1.000000e-11,1.000000e-15,GROUP:P,P,u0,0.02,,3.149759e-11,3.154961e-11,3.144372e-11,2.647250e-12,-4.625000e-12
NOR2_X1,A_r_ZN_f,trans,0,0,1.000000e-11,1.000000e-15,M1,N,vth,0.010,2.108185e-02,2.592475e-11,2.653638e-11,2.534269e-11,5.968450e-11,2.957000e-10
NOR2_X1,A_r_ZN_f,trans,0,0,1.000000e-11,1.000000e-15,M1,N,u0,0.02,1.054093e-01,2.592475e-11,2.574427e-11,2.611306e-11,-9.219750e-12,1.957500e-11
NOR2_X1,A_r_ZN_f,trans,0,0,1.000000e-11,1.000000e-15,M2,N,vth,0.010,2.108185e-02,2.592475e-11,2.592476e-11,2.592474e-11,1.000000e-15,-3.231174e-23
NOR2_X1,A_r_ZN_f,trans,0,0,1.000000e-11,1.000000e-15,M2,N,u0,0.02,1.054093e-01,2.592475e-11,2.592475e-11,2.592475e-11,0.000000e+00,0.000000e+00
NOR2_X1,A_r_ZN_f,trans,0,0,1.000000e-11,1.000000e-15,M3,P,vth,0.010,9.467293e-03,2.592475e-11,2.592469e-11,2.592481e-11,-6.000000e-15,-3.231174e-23
NOR2_X1,A_r_ZN_f,trans,0,0,1.000000e-11,1.000000e-15,M3,P,u0,0.02,4.303315e-02,2.592475e-11,2.592467e-11,2.592482e-11,-3.750000e-15,-2.500000e-14
NOR2_X1,A_r_ZN_f,trans,0,0,1.000000e-11,1.000000e-15,M4,P,vth,0.010,9.467293e-03,2.592475e-11,2.574411e-11,2.610825e-11,-1.820700e-11,2.860000e-11
NOR2_X1,A_r_ZN_f,trans,0,0,1.000000e-11,1.000000e-15,M4,P,u0,0.02,4.303315e-02,2.592475e-11,2.59219e-11,2.592797e-11,-1.517500e-13,9.250000e-13
NOR2_X1,A_r_ZN_f,trans,0,0,1.000000e-11,1.000000e-15,GROUP:N,N,vth,0.010,,2.592475e-11,2.653639e-11,2.534268e-11,5.968550e-11,2.957000e-10
NOR2_X1,A_r_ZN_f,trans,0,0,1.000000e-11,1.000000e-15,GROUP:N,N,u0,0.02,,2.592475e-11,2.574427e-11,2.611306e-11,-9.219750e-12,1.957500e-11
NOR2_X1,A_r_ZN_f,trans,0,0,1.000000e-11,1.000000e-15,GROUP:P,P,vth,0.010,,2.592475e-11,2.574408e-11,2.610828e-11,-1.821000e-11,2.860000e-11
NOR2_X1,A_r_ZN_f,trans,0,0,1.000000e-11,1.000000e-15,GROUP:P,P,u0,0.02,,2.592475e-11,2.59217e-11,2.592811e-11,-1.602500e-13,7.750000e-13
NOR2_X1,A_r_ZN_f,delay,0,1,1.000000e-11,4.000000e-15,M1,N,vth,0.010,2.108185e-02,4.314472e-11,4.427134e-11,4.206586e-11,1.102740e-10,4.776000e-10
NOR2_X1,A_r_ZN_f,delay,0,1,1.000000e-11,4.000000e-15,M1,N,u0,0.02,1.054093e-01,4.314472e-11,4.286734e-11,4.343386e-11,-1.416300e-11,2.940000e-11
NOR2_X1,A_r_ZN_f,delay,0,1,1.000000e-11,4.000000e-15,M2,N,vth,0.010,2.108185e-02,4.314472e-11,4.314476e-11,4.314467e-11,4.500000e-15,-1.000000e-13
NOR2_X1,A_r_ZN_f,delay,0,1,1.000000e-11,4.000000e-15,M2,N,u0,0.02,1.054093e-01,4.314472e-11,4.314472e-11,4.314473e-11,-2.500000e-16,2.500000e-14
NOR2_X1,A_r_ZN_f,delay,0,1,1.000000e-11,4.000000e-15,M3,P,vth,0.010,9.467293e-03,4.314472e-11,4.314813e-11,4.314026e-11,3.935000e-13,-1.050000e-11
NOR2_X1,A_r_ZN_f,delay,0,1,1.000000e-11,4.000000e-15,M3,P,u0,0.02,4.303315e-02,4.314472e-11,4.313145e-11,4.315814e-11,-6.672500e-13,3.750000e-13
NOR2_X1,A_r_ZN_f,delay,0,1,1.000000e-11,4.000000e-15,M4,P,vth,0.010,9.467293e-03,4.314472e-11,4.295022e-11,4.333541e-11,-1.925950e-11,-3.810000e-11
NOR2_X1,A_r_ZN_f,delay,0,1,1.000000e-11,4.000000e-15,M4,P,u0,0.02,4.303315e-02,4.314472e-11,4.319847e-11,4.308925e-11,2.730500e-12,-4.300000e-12
NOR2_X1,A_r_ZN_f,delay,0,1,1.000000e-11,4.000000e-15,GROUP:N,N,vth,0.010,,4.314472e-11,4.427138e-11,4.206581e-11,1.102785e-10,4.775000e-10
NOR2_X1,A_r_ZN_f,delay,0,1,1.000000e-11,4.000000e-15,GROUP:N,N,u0,0.02,,4.314472e-11,4.286733e-11,4.343387e-11,-1.416350e-11,2.940000e-11
NOR2_X1,A_r_ZN_f,delay,0,1,1.000000e-11,4.000000e-15,GROUP:P,P,vth,0.010,,4.314472e-11,4.295381e-11,4.333114e-11,-1.886650e-11,-4.490000e-11
NOR2_X1,A_r_ZN_f,delay,0,1,1.000000e-11,4.000000e-15,GROUP:P,P,u0,0.02,,4.314472e-11,4.318525e-11,4.310271e-11,2.063500e-12,-3.700000e-12
NOR2_X1,A_r_ZN_f,trans,0,1,1.000000e-11,4.000000e-15,M1,N,vth,0.010,2.108185e-02,3.980905e-11,4.075447e-11,3.890882e-11,9.228250e-11,4.519000e-10
NOR2_X1,A_r_ZN_f,trans,0,1,1.000000e-11,4.000000e-15,M1,N,u0,0.02,1.054093e-01,3.980905e-11,3.953212e-11,4.009787e-11,-1.414375e-11,2.972500e-11
NOR2_X1,A_r_ZN_f,trans,0,1,1.000000e-11,4.000000e-15,M2,N,vth,0.010,2.108185e-02,3.980905e-11,3.980907e-11,3.980903e-11,2.000000e-15,6.462349e-23
NOR2_X1,A_r_ZN_f,trans,0,1,1.000000e-11,4.000000e-15,M2,N,u0,0.02,1.054093e-01,3.980905e-11,3.980905e-11,3.980905e-11,0.000000e+00,0.000000e+00
NOR2_X1,A_r_ZN_f,trans,0,1,1.000000e-11,4.000000e-15,M3,P,vth,0.010,9.467293e-03,3.980905e-11,3.980898e-11,3.980912e-11,-7.000000e-15,6.462349e-23
NOR2_X1,A_r_ZN_f,trans,0,1,1.000000e-11,4.000000e-15,M3,P,u0,0.02,4.303315e-02,3.980905e-11,3.980904e-11,3.980906e-11,-5.000000e-16,1.615587e-23
NOR2_X1,A_r_ZN_f,trans,0,1,1.000000e-11,4.000000e-15,M4,P,vth,0.010,9.467293e-03,3.980905e-11,3.961331e-11,4.00073e-11,-1.969950e-11,2.510000e-11
NOR2_X1,A_r_ZN_f,trans,0,1,1.000000e-11,4.000000e-15,M4,P,u0,0.02,4.303315e-02,3.980905e-11,3.980704e-11,3.981125e-11,-1.052500e-13,4.750000e-13
NOR2_X1,A_r_ZN_f,trans,0,1,1.000000e-11,4.000000e-15,GROUP:N,N,vth,0.010,,3.980905e-11,4.075449e-11,3.890881e-11,9.228400e-11,4.520000e-10
NOR2_X1,A_r_ZN_f,trans,0,1,1.000000e-11,4.000000e-15,GROUP:N,N,u0,0.02,,3.980905e-11,3.953211e-11,4.009787e-11,-1.414400e-11,2.970000e-11
NOR2_X1,A_r_ZN_f,trans,0,1,1.000000e-11,4.000000e-15,GROUP:P,P,vth,0.010,,3.980905e-11,3.961324e-11,4.000736e-11,-1.970600e-11,2.500000e-11
NOR2_X1,A_r_ZN_f,trans,0,1,1.000000e-11,4.000000e-15,GROUP:P,P,u0,0.02,,3.980905e-11,3.980705e-11,3.981129e-11,-1.060000e-13,6.000000e-13
NOR2_X1,A_r_ZN_f,delay,0,2,1.000000e-11,1.200000e-14,M1,N,vth,0.010,2.108185e-02,7.231605e-11,7.41496e-11,7.056244e-11,1.793580e-10,7.994000e-10
NOR2_X1,A_r_ZN_f,delay,0,2,1.000000e-11,1.200000e-14,M1,N,u0,0.02,1.054093e-01,7.231605e-11,7.185619e-11,7.279551e-11,-2.348300e-11,4.900000e-11
NOR2_X1,A_r_ZN_f,delay,0,2,1.000000e-11,1.200000e-14,M2,N,vth,0.010,2.108185e-02,7.231605e-11,7.231611e-11,7.231597e-11,7.000000e-15,-2.000000e-13
NOR2_X1,A_r_ZN_f,delay,0,2,1.000000e-11,1.200000e-14,M2,N,u0,0.02,1.054093e-01,7.231605e-11,7.231604e-11,7.231605e-11,-2.500000e-16,-2.500000e-14
NOR2_X1,A_r_ZN_f,delay,0,2,1.000000e-11,1.200000e-14,M3,P,vth,0.010,9.467293e-03,7.231605e-11,7.231742e-11,7.231369e-11,1.865000e-13,-9.900000e-12
NOR2_X1,A_r_ZN_f,delay,0,2,1.000000e-11,1.200000e-14,M3,P,u0,0.02,4.303315e-02,7.231605e-11,7.230313e-11,7.23291e-11,-6.492500e-13,3.250000e-13
NOR2_X1,A_r_ZN_f,delay,0,2,1.000000e-11,1.200000e-14,M4,P,vth,0.010,9.467293e-03,7.231605e-11,7.21345e-11,7.249286e-11,-1.791800e-11,-4.740000e-11
NOR2_X1,A_r_ZN_f,delay,0,2,1.000000e-11,1.200000e-14,M4,P,u0,0.02,4.303315e-02,7.231605e-11,7.235605e-11,7.227484e-11,2.030250e-12,-3.025000e-12
NOR2_X1,A_r_ZN_f,delay,0,2,1.000000e-11,1.200000e-14,GROUP:N,N,vth,0.010,,7.231605e-11,7.414967e-11,7.056236e-11,1.793655e-10,7.993000e-10
NOR2_X1,A_r_ZN_f,delay,0,2,1.000000e-11,1.200000e-14,GROUP:N,N,u0,0.02,,7.231605e-11,7.185619e-11,7.279551e-11,-2.348300e-11,4.900000e-11
NOR2_X1,A_r_ZN_f,delay,0,2,1.000000e-11,1.200000e-14,GROUP:P,P,vth,0.010,,7.231605e-11,7.213611e-11,7.249074e-11,-1.773150e-11,-5.250000e-11
NOR2_X1,A_r_ZN_f,delay,0,2,1.000000e-11,1.200000e-14,GROUP:P,P,u0,0.02,,7.231605e-11,7.234319e-11,7.228794e-11,1.381250e-12,-2.425000e-12
NOR2_X1,A_r_ZN_f,trans,0,2,1.000000e-11,1.200000e-14,M1,N,vth,0.010,2.108185e-02,7.633279e-11,7.815747e-11,7.459513e-11,1.781170e-10,8.702000e-10
NOR2_X1,A_r_ZN_f,trans,0,2,1.000000e-11,1.200000e-14,M1,N,u0,0.02,1.054093e-01,7.633279e-11,7.579973e-11,7.688871e-11,-2.722450e-11,5.715000e-11
NOR2_X1,A_r_ZN_f,trans,0,2,1.000000e-11,1.200000e-14,M2,N,vth,0.010,2.108185e-02,7.633279e-11,7.633282e-11,7.633276e-11,3.000000e-15,-1.292470e-22
NOR2_X1,A_r_ZN_f,trans,0,2,1.000000e-11,1.200000e-14,M2,N,u0,0.02,1.054093e-01,7.633279e-11,7.633279e-11,7.633279e-11,0.000000e+00,0.000000e+00
NOR2_X1,A_r_ZN_f,trans,0,2,1.000000e-11,1.200000e-14,M3,P,vth,0.010,9.467293e-03,7.633279e-11,7.633276e-11,7.633283e-11,-3.500000e-15,1.000000e-13
NOR2_X1,A_r_ZN_f,trans,0,2,1.000000e-11,1.200000e-14,M3,P,u0,0.02,4.303315e-02,7.633279e-11,7.63328e-11,7.633278e-11,5.000000e-16,-3.231174e-23
NOR2_X1,A_r_ZN_f,trans,0,2,1.000000e-11,1.200000e-14,M4,P,vth,0.010,9.467293e-03,7.633279e-11,7.611413e-11,7.655345e-11,-2.196600e-11,2.000000e-11
NOR2_X1,A_r_ZN_f,trans,0,2,1.000000e-11,1.200000e-14,M4,P,u0,0.02,4.303315e-02,7.633279e-11,7.633523e-11,7.63305e-11,1.182500e-13,3.750000e-13
NOR2_X1,A_r_ZN_f,trans,0,2,1.000000e-11,1.200000e-14,GROUP:N,N,vth,0.010,,7.633279e-11,7.81575e-11,7.45951e-11,1.781200e-10,8.702000e-10
NOR2_X1,A_r_ZN_f,trans,0,2,1.000000e-11,1.200000e-14,GROUP:N,N,u0,0.02,,7.633279e-11,7.579973e-11,7.688871e-11,-2.722450e-11,5.715000e-11
NOR2_X1,A_r_ZN_f,trans,0,2,1.000000e-11,1.200000e-14,GROUP:P,P,vth,0.010,,7.633279e-11,7.611409e-11,7.655349e-11,-2.197000e-11,2.000000e-11
NOR2_X1,A_r_ZN_f,trans,0,2,1.000000e-11,1.200000e-14,GROUP:P,P,u0,0.02,,7.633279e-11,7.633525e-11,7.63305e-11,1.187500e-13,4.250000e-13
NOR2_X1,A_r_ZN_f,delay,1,0,3.000000e-11,1.000000e-15,M1,N,vth,0.010,2.108185e-02,3.872590e-11,3.972269e-11,3.776404e-11,9.793250e-11,3.493000e-10
NOR2_X1,A_r_ZN_f,delay,1,0,3.000000e-11,1.000000e-15,M1,N,u0,0.02,1.054093e-01,3.872590e-11,3.850978e-11,3.895093e-11,-1.102875e-11,2.227500e-11
NOR2_X1,A_r_ZN_f,delay,1,0,3.000000e-11,1.000000e-15,M2,N,vth,0.010,2.108185e-02,3.872590e-11,3.872593e-11,3.872585e-11,4.000000e-15,-2.000000e-13
NOR2_X1,A_r_ZN_f,delay,1,0,3.000000e-11,1.000000e-15,M2,N,u0,0.02,1.054093e-01,3.872590e-11,3.872589e-11,3.87259e-11,-2.500000e-16,-2.500000e-14
NOR2_X1,A_r_ZN_f,delay,1,0,3.000000e-11,1.000000e-15,M3,P,vth,0.010,9.467293e-03,3.872590e-11,3.875197e-11,3.86993e-11,2.633500e-12,-5.300000e-12
NOR2_X1,A_r_ZN_f,delay,1,0,3.000000e-11,1.000000e-15,M3,P,u0,0.02,4.303315e-02,3.872590e-11,3.870768e-11,3.874445e-11,-9.192500e-13,8.250000e-13
NOR2_X1,A_r_ZN_f,delay,1,0,3.000000e-11,1.000000e-15,M4,P,vth,0.010,9.467293e-03,3.872590e-11,3.852078e-11,3.892795e-11,-2.035850e-11,-3.070000e-11
NOR2_X1,A_r_ZN_f,delay,1,0,3.000000e-11,1.000000e-15,M4,P,u0,0.02,4.303315e-02,3.872590e-11,3.879109e-11,3.865872e-11,3.309250e-12,-4.975000e-12
NOR2_X1,A_r_ZN_f,delay,1,0,3.000000e-11,1.000000e-15,GROUP:N,N,vth,0.010,,3.872590e-11,3.972272e-11,3.7764e-11,9.793600e-11,3.492000e-10
NOR2_X1,A_r_ZN_f,delay,1,0,3.000000e-11,1.000000e-15,GROUP:N,N,u0,0.02,,3.872590e-11,3.850977e-11,3.895093e-11,-1.102900e-11,2.225000e-11
NOR2_X1,A_r_ZN_f,delay,1,0,3.000000e-11,1.000000e-15,GROUP:P,P,vth,0.010,,3.872590e-11,3.854691e-11,3.890141e-11,-1.772500e-11,-3.480000e-11
NOR2_X1,A_r_ZN_f,delay,1,0,3.000000e-11,1.000000e-15,GROUP:P,P,u0,0.02,,3.872590e-11,3.877285e-11,3.867727e-11,2.389500e-12,-4.200000e-12
NOR2_X1,A_r_ZN_f,trans,1,0,3.000000e-11,1.000000e-15,M1,N,vth,0.010,2.108185e-02,2.570503e-11,2.634921e-11,2.511361e-11,6.178000e-11,5.276000e-10
NOR2_X1,A_r_ZN_f,trans,1,0,3.000000e-11,1.000000e-15,M1,N,u0,0.02,1.054093e-01,2.570503e-11,2.552105e-11,2.59005e-11,-9.486250e-12,2.872500e-11
NOR2_X1,A_r_ZN_f,trans,1,0,3.000000e-11,1.000000e-15,M2,N,vth,0.010,2.108185e-02,2.570503e-11,2.570504e-11,2.570502e-11,1.000000e-15,-3.231174e-23
NOR2_X1,A_r_ZN_f,trans,1,0,3.000000e-11,1.000000e-15,M2,N,u0,0.02,1.054093e-01,2.570503e-11,2.570503e-11,2.570503e-11,0.000000e+00,0.000000e+00
NOR2_X1,A_r_ZN_f,trans,1,0,3.000000e-11,1.000000e-15,M3,P,vth,0.010,9.467293e-03,2.570503e-11,2.570678e-11,2.570376e-11,1.510000e-13,4.800000e-12
NOR2_X1,A_r_ZN_f,trans,1,0,3.000000e-11,1.000000e-15,M3,P,u0,0.02,4.303315e-02,2.570503e-11,2.570413e-11,2.570626e-11,-5.325000e-14,8.250000e-13
NOR2_X1,A_r_ZN_f,trans,1,0,3.000000e-11,1.000000e-15,M4,P,vth,0.010,9.467293e-03,2.570503e-11,2.551232e-11,2.590218e-11,-1.949300e-11,4.440000e-11
NOR2_X1,A_r_ZN_f,trans,1,0,3.000000e-11,1.000000e-15,M4,P,u0,0.02,4.303315e-02,2.570503e-11,2.571235e-11,2.569858e-11,3.442500e-13,2.175000e-12
NOR2_X1,A_r_ZN_f,trans,1,0,3.000000e-11,1.000000e-15,GROUP:N,N,vth,0.010,,2.570503e-11,2.634922e-11,2.51136e-11,6.178100e-11,5.276000e-10
NOR2_X1,A_r_ZN_f,trans,1,0,3.000000e-11,1.000000e-15,GROUP:N,N,u0,0.02,,2.570503e-11,2.552104e-11,2.59005e-11,-9.486500e-12,2.870000e-11
NOR2_X1,A_r_ZN_f,trans,1,0,3.000000e-11,1.000000e-15,GROUP:P,P,vth,0.010,,2.570503e-11,2.551339e-11,2.590043e-11,-1.935200e-11,3.760000e-11
NOR2_X1,A_r_ZN_f,trans,1,0,3.000000e-11,1.000000e-15,GROUP:P,P,u0,0.02,,2.570503e-11,2.571103e-11,2.569936e-11,2.917500e-13,8.250000e-13
NOR2_X1,A_r_ZN_f,delay,1,1,3.000000e-11,4.000000e-15,M1,N,vth,0.010,2.108185e-02,5.046492e-11,5.174027e-11,4.923631e-11,1.251980e-10,4.674000e-10
NOR2_X1,A_r_ZN_f,delay,1,1,3.000000e-11,4.000000e-15,M1,N,u0,0.02,1.054093e-01,5.046492e-11,5.017719e-11,5.076454e-11,-1.468375e-11,2.972500e-11
NOR2_X1,A_r_ZN_f,delay,1,1,3.000000e-11,4.000000e-15,M2,N,vth,0.010,2.108185e-02,5.046492e-11,5.046496e-11,5.046487e-11,4.500000e-15,-1.000000e-13
NOR2_X1,A_r_ZN_f,delay,1,1,3.000000e-11,4.000000e-15,M2,N,u0,0.02,1.054093e-01,5.046492e-11,5.046492e-11,5.046492e-11,0.000000e+00,0.000000e+00
NOR2_X1,A_r_ZN_f,delay,1,1,3.000000e-11,4.000000e-15,M3,P,vth,0.010,9.467293e-03,5.046492e-11,5.048694e-11,5.044219e-11,2.237500e-12,-7.100000e-12
NOR2_X1,A_r_ZN_f,delay,1,1,3.000000e-11,4.000000e-15,M3,P,u0,0.02,4.303315e-02,5.046492e-11,5.044719e-11,5.048295e-11,-8.940000e-13,7.500000e-13
NOR2_X1,A_r_ZN_f,delay,1,1,3.000000e-11,4.000000e-15,M4,P,vth,0.010,9.467293e-03,5.046492e-11,5.026897e-11,5.065702e-11,-1.940250e-11,-3.850000e-11
NOR2_X1,A_r_ZN_f,delay,1,1,3.000000e-11,4.000000e-15,M4,P,u0,0.02,4.303315e-02,5.046492e-11,5.051981e-11,5.040828e-11,2.788250e-12,-4.375000e-12
NOR2_X1,A_r_ZN_f,delay,1,1,3.000000e-11,4.000000e-15,GROUP:N,N,vth,0.010,,5.046492e-11,5.174031e-11,4.923625e-11,1.252030e-10,4.672000e-10
NOR2_X1,A_r_ZN_f,delay,1,1,3.000000e-11,4.000000e-15,GROUP:N,N,u0,0.02,,5.046492e-11,5.017718e-11,5.076454e-11,-1.468400e-11,2.970000e-11
NOR2_X1,A_r_ZN_f,delay,1,1,3.000000e-11,4.000000e-15,GROUP:P,P,vth,0.010,,5.046492e-11,5.029112e-11,5.063441e-11,-1.716450e-11,-4.310000e-11
NOR2_X1,A_r_ZN_f,delay,1,1,3.000000e-11,4.000000e-15,GROUP:P,P,u0,0.02,,5.046492e-11,5.050212e-11,5.042632e-11,1.895000e-12,-3.500000e-12
NOR2_X1,A_r_ZN_f,trans,1,1,3.000000e-11,4.000000e-15,M1,N,vth,0.010,2.108185e-02,3.977259e-11,4.072374e-11,3.886591e-11,9.289150e-11,4.447000e-10
NOR2_X1,A_r_ZN_f,trans,1,1,3.000000e-11,4.000000e-15,M1,N,u0,0.02,1.054093e-01,3.977259e-11,3.949408e-11,4.006289e-11,-1.422025e-11,2.947500e-11
NOR2_X1,A_r_ZN_f,trans,1,1,3.000000e-11,4.000000e-15,M2,N,vth,0.010,2.108185e-02,3.977259e-11,3.977261e-11,3.977258e-11,1.500000e-15,1.000000e-13
NOR2_X1,A_r_ZN_f,trans,1,1,3.000000e-11,4.000000e-15,M2,N,u0,0.02,1.054093e-01,3.977259e-11,3.977259e-11,3.97726e-11,-2.500000e-16,2.500000e-14
NOR2_X1,A_r_ZN_f,trans,1,1,3.000000e-11,4.000000e-15,M3,P,vth,0.010,9.467293e-03,3.977259e-11,3.977278e-11,3.977239e-11,1.950000e-14,-1.000000e-13
NOR2_X1,A_r_ZN_f,trans,1,1,3.000000e-11,4.000000e-15,M3,P,u0,0.02,4.303315e-02,3.977259e-11,3.977241e-11,3.977278e-11,-9.250000e-15,2.500000e-14
NOR2_X1,A_r_ZN_f,trans,1,1,3.000000e-11,4.000000e-15,M4,P,vth,0.010,9.467293e-03,3.977259e-11,3.957265e-11,3.997461e-11,-2.009800e-11,2.080000e-11
NOR2_X1,A_r_ZN_f,trans,1,1,3.000000e-11,4.000000e-15,M4,P,u0,0.02,4.303315e-02,3.977259e-11,3.977355e-11,3.977159e-11,4.900000e-14,-1.000000e-13
NOR2_X1,A_r_ZN_f,trans,1,1,3.000000e-11,4.000000e-15,GROUP:N,N,vth,0.010,,3.977259e-11,4.072376e-11,3.886589e-11,9.289350e-11,4.447000e-10
NOR2_X1,A_r_ZN_f,trans,1,1,3.000000e-11,4.000000e-15,GROUP:N,N,u0,0.02,,3.977259e-11,3.949408e-11,4.006289e-11,-1.422025e-11,2.947500e-11
NOR2_X1,A_r_ZN_f,trans,1,1,3.000000e-11,4.000000e-15,GROUP:P,P,vth,0.010,,3.977259e-11,3.957295e-11,3.997437e-11,-2.007100e-11,2.140000e-11
NOR2_X1,A_r_ZN_f,trans,1,1,3.000000e-11,4.000000e-15,GROUP:P,P,u0,0.02,,3.977259e-11,3.97734e-11,3.977181e-11,3.975000e-14,7.500000e-14
NOR2_X1,A_r_ZN_f,delay,1,2,3.000000e-11,1.200000e-14,M1,N,vth,0.010,2.108185e-02,7.975798e-11,8.174584e-11,7.784903e-11,1.948405e-10,7.891000e-10
NOR2_X1,A_r_ZN_f,delay,1,2,3.000000e-11,1.200000e-14,M1,N,u0,0.02,1.054093e-01,7.975798e-11,7.928663e-11,8.024909e-11,-2.406150e-11,4.940000e-11
NOR2_X1,A_r_ZN_f,delay,1,2,3.000000e-11,1.200000e-14,M2,N,vth,0.010,2.108185e-02,7.975798e-11,7.975805e-11,7.97579e-11,7.500000e-15,-1.000000e-13
NOR2_X1,A_r_ZN_f,delay,1,2,3.000000e-11,1.200000e-14,M2,N,u0,0.02,1.054093e-01,7.975798e-11,7.975798e-11,7.975799e-11,-2.500000e-16,2.500000e-14
NOR2_X1,A_r_ZN_f,delay,1,2,3.000000e-11,1.200000e-14,M3,P,vth,0.010,9.467293e-03,7.975798e-11,7.977405e-11,7.974111e-11,1.647000e-12,-8.000000e-12
NOR2_X1,A_r_ZN_f,delay,1,2,3.000000e-11,1.200000e-14,M3,P,u0,0.02,4.303315e-02,7.975798e-11,7.974116e-11,7.977507e-11,-8.477500e-13,6.750000e-13
NOR2_X1,A_r_ZN_f,delay,1,2,3.000000e-11,1.200000e-14,M4,P,vth,0.010,9.467293e-03,7.975798e-11,7.957301e-11,7.993811e-11,-1.825500e-11,-4.840000e-11
NOR2_X1,A_r_ZN_f,delay,1,2,3.000000e-11,1.200000e-14,M4,P,u0,0.02,4.303315e-02,7.975798e-11,7.980068e-11,7.971399e-11,2.167250e-12,-3.225000e-12
NOR2_X1,A_r_ZN_f,delay,1,2,3.000000e-11,1.200000e-14,GROUP:N,N,vth,0.010,,7.975798e-11,8.174591e-11,7.784894e-11,1.948485e-10,7.889000e-10
NOR2_X1,A_r_ZN_f,delay,1,2,3.000000e-11,1.200000e-14,GROUP:N,N,u0,0.02,,7.975798e-11,7.928662e-11,8.02491e-11,-2.406200e-11,4.940000e-11
NOR2_X1,A_r_ZN_f,delay,1,2,3.000000e-11,1.200000e-14,GROUP:P,P,vth,0.010,,7.975798e-11,7.958931e-11,7.992146e-11,-1.660750e-11,-5.190000e-11
NOR2_X1,A_r_ZN_f,delay,1,2,3.000000e-11,1.200000e-14,GROUP:P,P,u0,0.02,,7.975798e-11,7.978389e-11,7.973111e-11,1.319500e-12,-2.400000e-12
NOR2_X1,A_r_ZN_f,trans,1,2,3.000000e-11,1.200000e-14,M1,N,vth,0.010,2.108185e-02,7.633325e-11,7.815784e-11,7.459575e-11,1.781045e-10,8.709000e-10
NOR2_X1,A_r_ZN_f,trans,1,2,3.000000e-11,1.200000e-14,M1,N,u0,0.02,1.054093e-01,7.633325e-11,7.580021e-11,7.688914e-11,-2.722325e-11,5.712500e-11
NOR2_X1,A_r_ZN_f,trans,1,2,3.000000e-11,1.200000e-14,M2,N,vth,0.010,2.108185e-02,7.633325e-11,7.633328e-11,7.633322e-11,3.000000e-15,0.000000e+00
NOR2_X1,A_r_ZN_f,trans,1,2,3.000000e-11,1.200000e-14,M2,N,u0,0.02,1.054093e-01,7.633325e-11,7.633325e-11,7.633325e-11,0.000000e+00,0.000000e+00
NOR2_X1,A_r_ZN_f,trans,1,2,3.000000e-11,1.200000e-14,M3,P,vth,0.010,9.467293e-03,7.633325e-11,7.633319e-11,7.63333e-11,-5.500000e-15,-1.000000e-13
NOR2_X1,A_r_ZN_f,trans,1,2,3.000000e-11,1.200000e-14,M3,P,u0,0.02,4.303315e-02,7.633325e-11,7.633325e-11,7.633326e-11,-2.500000e-16,2.500000e-14
NOR2_X1,A_r_ZN_f,trans,1,2,3.000000e-11,1.200000e-14,M4,P,vth,0.010,9.467293e-03,7.633325e-11,7.611445e-11,7.655403e-11,-2.197900e-11,1.980000e-11
NOR2_X1,A_r_ZN_f,trans,1,2,3.000000e-11,1.200000e-14,M4,P,u0,0.02,4.303315e-02,7.633325e-11,7.633589e-11,7.633074e-11,1.287500e-13,3.250000e-13
NOR2_X1,A_r_ZN_f,trans,1,2,3.000000e-11,1.200000e-14,GROUP:N,N,vth,0.010,,7.633325e-11,7.815787e-11,7.459571e-11,1.781080e-10,8.708000e-10
NOR2_X1,A_r_ZN_f,trans,1,2,3.000000e-11,1.200000e-14,GROUP:N,N,u0,0.02,,7.633325e-11,7.580021e-11,7.688914e-11,-2.722325e-11,5.712500e-11
NOR2_X1,A_r_ZN_f,trans,1,2,3.000000e-11,1.200000e-14,GROUP:P,P,vth,0.010,,7.633325e-11,7.611441e-11,7.655406e-11,-2.198250e-11,1.970000e-11
NOR2_X1,A_r_ZN_f,trans,1,2,3.000000e-11,1.200000e-14,GROUP:P,P,u0,0.02,,7.633325e-11,7.633591e-11,7.633071e-11,1.300000e-13,3.000000e-13
NOR2_X1,A_r_ZN_f,delay,2,0,8.000000e-11,1.000000e-15,M1,N,vth,0.010,2.108185e-02,5.806978e-11,5.958248e-11,5.656144e-11,1.510520e-10,4.360000e-11
NOR2_X1,A_r_ZN_f,delay,2,0,8.000000e-11,1.000000e-15,M1,N,u0,0.02,1.054093e-01,5.806978e-11,5.779602e-11,5.835277e-11,-1.391875e-11,2.307500e-11
NOR2_X1,A_r_ZN_f,delay,2,0,8.000000e-11,1.000000e-15,M2,N,vth,0.010,2.108185e-02,5.806978e-11,5.806983e-11,5.806972e-11,5.500000e-15,-1.000000e-13
NOR2_X1,A_r_ZN_f,delay,2,0,8.000000e-11,1.000000e-15,M2,N,u0,0.02,1.054093e-01,5.806978e-11,5.806978e-11,5.806979e-11,-2.500000e-16,2.500000e-14
NOR2_X1,A_r_ZN_f,delay,2,0,8.000000e-11,1.000000e-15,M3,P,vth,0.010,9.467293e-03,5.806978e-11,5.808692e-11,5.805569e-11,1.561500e-12,3.050000e-11
NOR2_X1,A_r_ZN_f,delay,2,0,8.000000e-11,1.000000e-15,M3,P,u0,0.02,4.303315e-02,5.806978e-11,5.805388e-11,5.808617e-11,-8.072500e-13,1.225000e-12
NOR2_X1,A_r_ZN_f,delay,2,0,8.000000e-11,1.000000e-15,M4,P,vth,0.010,9.467293e-03,5.806978e-11,5.785101e-11,5.828421e-11,-2.166000e-11,-4.340000e-11
NOR2_X1,A_r_ZN_f,delay,2,0,8.000000e-11,1.000000e-15,M4,P,u0,0.02,4.303315e-02,5.806978e-11,5.813061e-11,5.800723e-11,3.084500e-12,-4.300000e-12
NOR2_X1,A_r_ZN_f,delay,2,0,8.000000e-11,1.000000e-15,GROUP:N,N,vth,0.010,,5.806978e-11,5.958253e-11,5.656138e-11,1.510575e-10,4.350000e-11
NOR2_X1,A_r_ZN_f,delay,2,0,8.000000e-11,1.000000e-15,GROUP:N,N,u0,0.02,,5.806978e-11,5.779602e-11,5.835278e-11,-1.391900e-11,2.310000e-11
NOR2_X1,A_r_ZN_f,delay,2,0,8.000000e-11,1.000000e-15,GROUP:P,P,vth,0.010,,5.806978e-11,5.786833e-11,5.82703e-11,-2.009850e-11,-9.300000e-12
NOR2_X1,A_r_ZN_f,delay,2,0,8.000000e-11,1.000000e-15,GROUP:P,P,u0,0.02,,5.806978e-11,5.811469e-11,5.802359e-11,2.277500e-12,-3.200000e-12
NOR2_X1,A_r_ZN_f,trans,2,0,8.000000e-11,1.000000e-15,M1,N,vth,0.010,2.108185e-02,3.141575e-11,3.151955e-11,3.134438e-11,8.758500e-12,3.243000e-10
NOR2_X1,A_r_ZN_f,trans,2,0,8.000000e-11,1.000000e-15,M1,N,u0,0.02,1.054093e-01,3.141575e-11,3.131897e-11,3.151793e-11,-4.974000e-12,1.350000e-11
NOR2_X1,A_r_ZN_f,trans,2,0,8.000000e-11,1.000000e-15,M2,N,vth,0.010,2.108185e-02,3.141575e-11,3.141574e-11,3.141577e-11,-1.500000e-15,1.000000e-13
NOR2_X1,A_r_ZN_f,trans,2,0,8.000000e-11,1.000000e-15,M2,N,u0,0.02,1.054093e-01,3.141575e-11,3.141575e-11,3.141575e-11,0.000000e+00,0.000000e+00
NOR2_X1,A_r_ZN_f,trans,2,0,8.000000e-11,1.000000e-15,M3,P,vth,0.010,9.467293e-03,3.141575e-11,3.140383e-11,3.142591e-11,-1.104000e-12,-1.760000e-11
NOR2_X1,A_r_ZN_f,trans,2,0,8.000000e-11,1.000000e-15,M3,P,u0,0.02,4.303315e-02,3.141575e-11,3.142594e-11,3.140527e-11,5.167500e-13,-7.250000e-13
NOR2_X1,A_r_ZN_f,trans,2,0,8.000000e-11,1.000000e-15,M4,P,vth,0.010,9.467293e-03,3.141575e-11,3.125505e-11,3.158046e-11,-1.627050e-11,4.010000e-11
NOR2_X1,A_r_ZN_f,trans,2,0,8.000000e-11,1.000000e-15,M4,P,u0,0.02,4.303315e-02,3.141575e-11,3.140886e-11,3.142272e-11,-3.465000e-13,2.000000e-13
NOR2_X1,A_r_ZN_f,trans,2,0,8.000000e-11,1.000000e-15,GROUP:N,N,vth,0.010,,3.141575e-11,3.151953e-11,3.13444e-11,8.756500e-12,3.243000e-10
NOR2_X1,A_r_ZN_f,trans,2,0,8.000000e-11,1.000000e-15,GROUP:N,N,u0,0.02,,3.141575e-11,3.131897e-11,3.151793e-11,-4.974000e-12,1.350000e-11
NOR2_X1,A_r_ZN_f,trans,2,0,8.000000e-11,1.000000e-15,GROUP:P,P,vth,0.010,,3.141575e-11,3.124309e-11,3.15905e-11,-1.737050e-11,2.090000e-11
NOR2_X1,A_r_ZN_f,trans,2,0,8.000000e-11,1.000000e-15,GROUP:P,P,u0,0.02,,3.141575e-11,3.141911e-11,3.14122e-11,1.727500e-13,-4.750000e-13
NOR2_X1,A_r_ZN_f,delay,2,1,8.000000e-11,4.000000e-15,M1,N,vth,0.010,2.108185e-02,6.998708e-11,7.16204e-11,6.840239e-11,1.609005e-10,4.863000e-10
NOR2_X1,A_r_ZN_f,delay,2,1,8.000000e-11,4.000000e-15,M1,N,u0,0.02,1.054093e-01,6.998708e-11,6.967428e-11,7.031221e-11,-1.594825e-11,3.082500e-11
NOR2_X1,A_r_ZN_f,delay,2,1,8.000000e-11,4.000000e-15,M2,N,vth,0.010,2.108185e-02,6.998708e-11,6.998713e-11,6.998701e-11,6.000000e-15,-2.000000e-13
NOR2_X1,A_r_ZN_f,delay,2,1,8.000000e-11,4.000000e-15,M2,N,u0,0.02,1.054093e-01,6.998708e-11,6.998708e-11,6.998709e-11,-2.500000e-16,2.500000e-14
NOR2_X1,A_r_ZN_f,delay,2,1,8.000000e-11,4.000000e-15,M3,P,vth,0.010,9.467293e-03,6.998708e-11,7.000614e-11,6.996989e-11,1.812500e-12,1.870000e-11
NOR2_X1,A_r_ZN_f,delay,2,1,8.000000e-11,4.000000e-15,M3,P,u0,0.02,4.303315e-02,6.998708e-11,6.997133e-11,7.000325e-11,-7.980000e-13,1.050000e-12
NOR2_X1,A_r_ZN_f,delay,2,1,8.000000e-11,4.000000e-15,M4,P,vth,0.010,9.467293e-03,6.998708e-11,6.980097e-11,7.016974e-11,-1.843850e-11,-3.450000e-11
NOR2_X1,A_r_ZN_f,delay,2,1,8.000000e-11,4.000000e-15,M4,P,u0,0.02,4.303315e-02,6.998708e-11,7.003645e-11,6.993622e-11,2.505750e-12,-3.725000e-12
NOR2_X1,A_r_ZN_f,delay,2,1,8.000000e-11,4.000000e-15,GROUP:N,N,vth,0.010,,6.998708e-11,7.162046e-11,6.840233e-11,1.609065e-10,4.863000e-10
NOR2_X1,A_r_ZN_f,delay,2,1,8.000000e-11,4.000000e-15,GROUP:N,N,u0,0.02,,6.998708e-11,6.967428e-11,7.031222e-11,-1.594850e-11,3.085000e-11
NOR2_X1,A_r_ZN_f,delay,2,1,8.000000e-11,4.000000e-15,GROUP:P,P,vth,0.010,,6.998708e-11,6.982014e-11,7.015266e-11,-1.662600e-11,-1.360000e-11
NOR2_X1,A_r_ZN_f,delay,2,1,8.000000e-11,4.000000e-15,GROUP:P,P,u0,0.02,,6.998708e-11,7.00207e-11,6.995237e-11,1.708250e-12,-2.725000e-12
NOR2_X1,A_r_ZN_f,trans,2,1,8.000000e-11,4.000000e-15,M1,N,vth,0.010,2.108185e-02,4.286432e-11,4.341351e-11,4.237701e-11,5.182500e-11,6.188000e-10
NOR2_X1,A_r_ZN_f,trans,2,1,8.000000e-11,4.000000e-15,M1,N,u0,0.02,1.054093e-01,4.286432e-11,4.26552e-11,4.308389e-11,-1.071725e-11,2.612500e-11
NOR2_X1,A_r_ZN_f,trans,2,1,8.000000e-11,4.000000e-15,M2,N,vth,0.010,2.108185e-02,4.286432e-11,4.286431e-11,4.286432e-11,-5.000000e-16,-1.000000e-13
NOR2_X1,A_r_ZN_f,trans,2,1,8.000000e-11,4.000000e-15,M2,N,u0,0.02,1.054093e-01,4.286432e-11,4.286432e-11,4.286432e-11,0.000000e+00,0.000000e+00
NOR2_X1,A_r_ZN_f,trans,2,1,8.000000e-11,4.000000e-15,M3,P,vth,0.010,9.467293e-03,4.286432e-11,4.285534e-11,4.287264e-11,-8.650000e-13,-6.600000e-12
NOR2_X1,A_r_ZN_f,trans,2,1,8.000000e-11,4.000000e-15,M3,P,u0,0.02,4.303315e-02,4.286432e-11,4.287152e-11,4.285697e-11,3.637500e-13,-3.750000e-13
NOR2_X1,A_r_ZN_f,trans,2,1,8.000000e-11,4.000000e-15,M4,P,vth,0.010,9.467293e-03,4.286432e-11,4.267602e-11,4.305596e-11,-1.899700e-11,3.340000e-11
NOR2_X1,A_r_ZN_f,trans,2,1,8.000000e-11,4.000000e-15,M4,P,u0,0.02,4.303315e-02,4.286432e-11,4.286271e-11,4.286635e-11,-9.100000e-14,1.050000e-12
NOR2_X1,A_r_ZN_f,trans,2,1,8.000000e-11,4.000000e-15,GROUP:N,N,vth,0.010,,4.286432e-11,4.341351e-11,4.237702e-11,5.182450e-11,6.189000e-10
NOR2_X1,A_r_ZN_f,trans,2,1,8.000000e-11,4.000000e-15,GROUP:N,N,u0,0.02,,4.286432e-11,4.26552e-11,4.308389e-11,-1.071725e-11,2.612500e-11
NOR2_X1,A_r_ZN_f,trans,2,1,8.000000e-11,4.000000e-15,GROUP:P,P,vth,0.010,,4.286432e-11,4.266685e-11,4.306419e-11,-1.986700e-11,2.400000e-11
NOR2_X1,A_r_ZN_f,trans,2,1,8.000000e-11,4.000000e-15,GROUP:P,P,u0,0.02,,4.286432e-11,4.286992e-11,4.285886e-11,2.765000e-13,3.500000e-13
NOR2_X1,A_r_ZN_f,delay,2,2,8.000000e-11,1.200000e-14,M1,N,vth,0.010,2.108185e-02,9.923010e-11,1.016109e-10,9.692684e-11,2.342030e-10,7.754000e-10
NOR2_X1,A_r_ZN_f,delay,2,2,8.000000e-11,1.200000e-14,M1,N,u0,0.02,1.054093e-01,9.923010e-11,9.872666e-11,9.975382e-11,-2.567900e-11,5.070000e-11
NOR2_X1,A_r_ZN_f,delay,2,2,8.000000e-11,1.200000e-14,M2,N,vth,0.010,2.108185e-02,9.923010e-11,9.923018e-11,9.923e-11,9.000000e-15,-2.000000e-13
NOR2_X1,A_r_ZN_f,delay,2,2,8.000000e-11,1.200000e-14,M2,N,u0,0.02,1.054093e-01,9.923010e-11,9.923009e-11,9.923011e-11,-5.000000e-16,3.231174e-23
NOR2_X1,A_r_ZN_f,delay,2,2,8.000000e-11,1.200000e-14,M3,P,vth,0.010,9.467293e-03,9.923010e-11,9.925028e-11,9.92107e-11,1.979000e-12,7.800000e-12
NOR2_X1,A_r_ZN_f,delay,2,2,8.000000e-11,1.200000e-14,M3,P,u0,0.02,4.303315e-02,9.923010e-11,9.921286e-11,9.924772e-11,-8.715000e-13,9.500000e-13
NOR2_X1,A_r_ZN_f,delay,2,2,8.000000e-11,1.200000e-14,M4,P,vth,0.010,9.467293e-03,9.923010e-11,9.904643e-11,9.940893e-11,-1.812500e-11,-4.840000e-11
NOR2_X1,A_r_ZN_f,delay,2,2,8.000000e-11,1.200000e-14,M4,P,u0,0.02,4.303315e-02,9.923010e-11,9.927163e-11,9.918728e-11,2.108750e-12,-3.225000e-12
NOR2_X1,A_r_ZN_f,delay,2,2,8.000000e-11,1.200000e-14,GROUP:N,N,vth,0.010,,9.923010e-11,1.01611e-10,9.692674e-11,2.342130e-10,7.754000e-10
NOR2_X1,A_r_ZN_f,delay,2,2,8.000000e-11,1.200000e-14,GROUP:N,N,u0,0.02,,9.923010e-11,9.872665e-11,9.975382e-11,-2.567925e-11,5.067500e-11
NOR2_X1,A_r_ZN_f,delay,2,2,8.000000e-11,1.200000e-14,GROUP:P,P,vth,0.010,,9.923010e-11,9.906675e-11,9.938967e-11,-1.614600e-11,-3.780000e-11
NOR2_X1,A_r_ZN_f,delay,2,2,8.000000e-11,1.200000e-14,GROUP:P,P,u0,0.02,,9.923010e-11,9.925438e-11,9.920491e-11,1.236750e-12,-2.275000e-12
NOR2_X1,A_r_ZN_f,trans,2,2,8.000000e-11,1.200000e-14,M1,N,vth,0.010,2.108185e-02,7.663387e-11,7.833262e-11,7.505173e-11,1.640445e-10,1.166100e-09
NOR2_X1,A_r_ZN_f,trans,2,2,8.000000e-11,1.200000e-14,M1,N,u0,0.02,1.054093e-01,7.663387e-11,7.612636e-11,7.716446e-11,-2.595250e-11,5.770000e-11
NOR2_X1,A_r_ZN_f,trans,2,2,8.000000e-11,1.200000e-14,M2,N,vth,0.010,2.108185e-02,7.663387e-11,7.663389e-11,7.663385e-11,2.000000e-15,0.000000e+00
NOR2_X1,A_r_ZN_f,trans,2,2,8.000000e-11,1.200000e-14,M2,N,u0,0.02,1.054093e-01,7.663387e-11,7.663387e-11,7.663388e-11,-2.500000e-16,2.500000e-14
NOR2_X1,A_r_ZN_f,trans,2,2,8.000000e-11,1.200000e-14,M3,P,vth,0.010,9.467293e-03,7.663387e-11,7.663172e-11,7.6636e-11,-2.140000e-13,-2.000000e-13
NOR2_X1,A_r_ZN_f,trans,2,2,8.000000e-11,1.200000e-14,M3,P,u0,0.02,4.303315e-02,7.663387e-11,7.663569e-11,7.663203e-11,9.150000e-14,-5.000000e-14
NOR2_X1,A_r_ZN_f,trans,2,2,8.000000e-11,1.200000e-14,M4,P,vth,0.010,9.467293e-03,7.663387e-11,7.641564e-11,7.685407e-11,-2.192150e-11,1.970000e-11
NOR2_X1,A_r_ZN_f,trans,2,2,8.000000e-11,1.200000e-14,M4,P,u0,0.02,4.303315e-02,7.663387e-11,7.663703e-11,7.663085e-11,1.545000e-13,3.500000e-13
NOR2_X1,A_r_ZN_f,trans,2,2,8.000000e-11,1.200000e-14,GROUP:N,N,vth,0.010,,7.663387e-11,7.833264e-11,7.50517e-11,1.640470e-10,1.166000e-09
NOR2_X1,A_r_ZN_f,trans,2,2,8.000000e-11,1.200000e-14,GROUP:N,N,u0,0.02,,7.663387e-11,7.612635e-11,7.716446e-11,-2.595275e-11,5.767500e-11
NOR2_X1,A_r_ZN_f,trans,2,2,8.000000e-11,1.200000e-14,GROUP:P,P,vth,0.010,,7.663387e-11,7.641342e-11,7.68562e-11,-2.213900e-11,1.880000e-11
NOR2_X1,A_r_ZN_f,trans,2,2,8.000000e-11,1.200000e-14,GROUP:P,P,u0,0.02,,7.663387e-11,7.663886e-11,7.662897e-11,2.472500e-13,2.250000e-13
NOR2_X1,A_f_ZN_r,delay,0,0,1.000000e-11,1.000000e-15,M1,N,vth,0.010,2.108185e-02,3.803910e-11,3.804409e-11,3.803385e-11,5.120000e-13,-2.600000e-12
NOR2_X1,A_f_ZN_r,delay,0,0,1.000000e-11,1.000000e-15,M1,N,u0,0.02,1.054093e-01,3.803910e-11,3.803625e-11,3.8042e-11,-1.437500e-13,1.250000e-13
NOR2_X1,A_f_ZN_r,delay,0,0,1.000000e-11,1.000000e-15,M2,N,vth,0.010,2.108185e-02,3.803910e-11,3.80391e-11,3.80391e-11,0.000000e+00,0.000000e+00
NOR2_X1,A_f_ZN_r,delay,0,0,1.000000e-11,1.000000e-15,M2,N,u0,0.02,1.054093e-01,3.803910e-11,3.80391e-11,3.80391e-11,0.000000e+00,0.000000e+00
NOR2_X1,A_f_ZN_r,delay,0,0,1.000000e-11,1.000000e-15,M3,P,vth,0.010,9.467293e-03,3.803910e-11,3.883783e-11,3.727414e-11,7.818450e-11,3.377000e-10
NOR2_X1,A_f_ZN_r,delay,0,0,1.000000e-11,1.000000e-15,M3,P,u0,0.02,4.303315e-02,3.803910e-11,3.766113e-11,3.843179e-11,-1.926650e-11,3.680000e-11
NOR2_X1,A_f_ZN_r,delay,0,0,1.000000e-11,1.000000e-15,M4,P,vth,0.010,9.467293e-03,3.803910e-11,3.851838e-11,3.75818e-11,4.682900e-11,2.198000e-10
NOR2_X1,A_f_ZN_r,delay,0,0,1.000000e-11,1.000000e-15,M4,P,u0,0.02,4.303315e-02,3.803910e-11,3.784936e-11,3.823583e-11,-9.661750e-12,1.747500e-11
NOR2_X1,A_f_ZN_r,delay,0,0,1.000000e-11,1.000000e-15,GROUP:N,N,vth,0.010,,3.803910e-11,3.804409e-11,3.803385e-11,5.120000e-13,-2.600000e-12
NOR2_X1,A_f_ZN_r,delay,0,0,1.000000e-11,1.000000e-15,GROUP:N,N,u0,0.02,,3.803910e-11,3.803625e-11,3.8042e-11,-1.437500e-13,1.250000e-13
NOR2_X1,A_f_ZN_r,delay,0,0,1.000000e-11,1.000000e-15,GROUP:P,P,vth,0.010,,3.803910e-11,3.931939e-11,3.681902e-11,1.250185e-10,6.021000e-10
NOR2_X1,A_f_ZN_r,delay,0,0,1.000000e-11,1.000000e-15,GROUP:P,P,u0,0.02,,3.803910e-11,3.747207e-11,3.862933e-11,-2.893150e-11,5.800000e-11
NOR2_X1,A_f_ZN_r,trans,0,0,1.000000e-11,1.000000e-15,M1,N,vth,0.010,2.108185e-02,2.779281e-11,2.779238e-11,2.779327e-11,-4.450000e-14,3.000000e-13
NOR2_X1,A_f_ZN_r,trans,0,0,1.000000e-11,1.000000e-15,M1,N,u0,0.02,1.054093e-01,2.779281e-11,2.779305e-11,2.779257e-11,1.200000e-14,8.077936e-24
NOR2_X1,A_f_ZN_r,trans,0,0,1.000000e-11,1.000000e-15,M2,N,vth,0.010,2.108185e-02,2.779281e-11,2.779279e-11,2.779284e-11,-2.500000e-15,1.000000e-13
NOR2_X1,A_f_ZN_r,trans,0,0,1.000000e-11,1.000000e-15,M2,N,u0,0.02,1.054093e-01,2.779281e-11,2.779281e-11,2.779281e-11,0.000000e+00,0.000000e+00
NOR2_X1,A_f_ZN_r,trans,0,0,1.000000e-11,1.000000e-15,M3,P,vth,0.010,9.467293e-03,2.779281e-11,2.821958e-11,2.738589e-11,4.168450e-11,1.985000e-10
NOR2_X1,A_f_ZN_r,trans,0,0,1.000000e-11,1.000000e-15,M3,P,u0,0.02,4.303315e-02,2.779281e-11,2.749464e-11,2.810346e-11,-1.522050e-11,3.120000e-11
NOR2_X1,A_f_ZN_r,trans,0,0,1.000000e-11,1.000000e-15,M4,P,vth,0.010,9.467293e-03,2.779281e-11,2.815566e-11,2.745738e-11,3.491400e-11,2.742000e-10
NOR2_X1,A_f_ZN_r,trans,0,0,1.000000e-11,1.000000e-15,M4,P,u0,0.02,4.303315e-02,2.779281e-11,2.76113e-11,2.798211e-11,-9.270250e-12,1.947500e-11
NOR2_X1,A_f_ZN_r,trans,0,0,1.000000e-11,1.000000e-15,GROUP:N,N,vth,0.010,,2.779281e-11,2.779236e-11,2.779329e-11,-4.650000e-14,3.000000e-13
NOR2_X1,A_f_ZN_r,trans,0,0,1.000000e-11,1.000000e-15,GROUP:N,N,u0,0.02,,2.779281e-11,2.779305e-11,2.779257e-11,1.200000e-14,8.077936e-24
NOR2_X1,A_f_ZN_r,trans,0,0,1.000000e-11,1.000000e-15,GROUP:P,P,vth,0.010,,2.779281e-11,2.857899e-11,2.704704e-11,7.659750e-11,4.041000e-10
NOR2_X1,A_f_ZN_r,trans,0,0,1.000000e-11,1.000000e-15,GROUP:P,P,u0,0.02,,2.779281e-11,2.731258e-11,2.829256e-11,-2.449950e-11,4.880000e-11
NOR2_X1,A_f_ZN_r,delay,0,1,1.000000e-11,4.000000e-15,M1,N,vth,0.010,2.108185e-02,5.301202e-11,5.301277e-11,5.301104e-11,8.650000e-14,-2.300000e-12
NOR2_X1,A_f_ZN_r,delay,0,1,1.000000e-11,4.000000e-15,M1,N,u0,0.02,1.054093e-01,5.301202e-11,5.300996e-11,5.301411e-11,-1.037500e-13,7.500000e-14
NOR2_X1,A_f_ZN_r,delay,0,1,1.000000e-11,4.000000e-15,M2,N,vth,0.010,2.108185e-02,5.301202e-11,5.301201e-11,5.301203e-11,-1.000000e-15,-6.462349e-23
NOR2_X1,A_f_ZN_r,delay,0,1,1.000000e-11,4.000000e-15,M2,N,u0,0.02,1.054093e-01,5.301202e-11,5.301202e-11,5.301202e-11,0.000000e+00,0.000000e+00
NOR2_X1,A_f_ZN_r,delay,0,1,1.000000e-11,4.000000e-15,M3,P,vth,0.010,9.467293e-03,5.301202e-11,5.401352e-11,5.205349e-11,9.800150e-11,4.297000e-10
NOR2_X1,A_f_ZN_r,delay,0,1,1.000000e-11,4.000000e-15,M3,P,u0,0.02,4.303315e-02,5.301202e-11,5.249507e-11,5.354933e-11,-2.635650e-11,5.090000e-11
NOR2_X1,A_f_ZN_r,delay,0,1,1.000000e-11,4.000000e-15,M4,P,vth,0.010,9.467293e-03,5.301202e-11,5.383438e-11,5.222807e-11,8.031550e-11,3.841000e-10
NOR2_X1,A_f_ZN_r,delay,0,1,1.000000e-11,4.000000e-15,M4,P,u0,0.02,4.303315e-02,5.301202e-11,5.270588e-11,5.332988e-11,-1.560000e-11,2.930000e-11
NOR2_X1,A_f_ZN_r,delay,0,1,1.000000e-11,4.000000e-15,GROUP:N,N,vth,0.010,,5.301202e-11,5.301276e-11,5.301105e-11,8.550000e-14,-2.300000e-12
NOR2_X1,A_f_ZN_r,delay,0,1,1.000000e-11,4.000000e-15,GROUP:N,N,u0,0.02,,5.301202e-11,5.300996e-11,5.301411e-11,-1.037500e-13,7.500000e-14
NOR2_X1,A_f_ZN_r,delay,0,1,1.000000e-11,4.000000e-15,GROUP:P,P,vth,0.010,,5.301202e-11,5.483957e-11,5.127293e-11,1.783320e-10,8.846000e-10
NOR2_X1,A_f_ZN_r,delay,0,1,1.000000e-11,4.000000e-15,GROUP:P,P,u0,0.02,,5.301202e-11,5.218968e-11,5.386801e-11,-4.195825e-11,8.412500e-11
NOR2_X1,A_f_ZN_r,trans,0,1,1.000000e-11,4.000000e-15,M1,N,vth,0.010,2.108185e-02,4.822424e-11,4.822419e-11,4.82243e-11,-5.500000e-15,1.000000e-13
NOR2_X1,A_f_ZN_r,trans,0,1,1.000000e-11,4.000000e-15,M1,N,u0,0.02,1.054093e-01,4.822424e-11,4.822429e-11,4.822419e-11,2.500000e-15,-1.615587e-23
NOR2_X1,A_f_ZN_r,trans,0,1,1.000000e-11,4.000000e-15,M2,N,vth,0.010,2.108185e-02,4.822424e-11,4.822421e-11,4.822428e-11,-3.500000e-15,1.000000e-13
NOR2_X1,A_f_ZN_r,trans,0,1,1.000000e-11,4.000000e-15,M2,N,u0,0.02,1.054093e-01,4.822424e-11,4.822424e-11,4.822424e-11,0.000000e+00,0.000000e+00
NOR2_X1,A_f_ZN_r,trans,0,1,1.000000e-11,4.000000e-15,M3,P,vth,0.010,9.467293e-03,4.822424e-11,4.891016e-11,4.756946e-11,6.703500e-11,3.114000e-10
NOR2_X1,A_f_ZN_r,trans,0,1,1.000000e-11,4.000000e-15,M3,P,u0,0.02,4.303315e-02,4.822424e-11,4.774252e-11,4.872594e-11,-2.458550e-11,4.995000e-11
NOR2_X1,A_f_ZN_r,trans,0,1,1.000000e-11,4.000000e-15,M4,P,vth,0.010,9.467293e-03,4.822424e-11,4.901491e-11,4.748082e-11,7.670450e-11,4.725000e-10
NOR2_X1,A_f_ZN_r,trans,0,1,1.000000e-11,4.000000e-15,M4,P,u0,0.02,4.303315e-02,4.822424e-11,4.787322e-11,4.858986e-11,-1.791600e-11,3.650000e-11
NOR2_X1,A_f_ZN_r,trans,0,1,1.000000e-11,4.000000e-15,GROUP:N,N,vth,0.010,,4.822424e-11,4.822417e-11,4.822434e-11,-8.500000e-15,3.000000e-13
NOR2_X1,A_f_ZN_r,trans,0,1,1.000000e-11,4.000000e-15,GROUP:N,N,u0,0.02,,4.822424e-11,4.822429e-11,4.822419e-11,2.500000e-15,-1.615587e-23
NOR2_X1,A_f_ZN_r,trans,0,1,1.000000e-11,4.000000e-15,GROUP:P,P,vth,0.010,,4.822424e-11,4.969914e-11,4.682425e-11,1.437445e-10,7.491000e-10
NOR2_X1,A_f_ZN_r,trans,0,1,1.000000e-11,4.000000e-15,GROUP:P,P,u0,0.02,,4.822424e-11,4.739118e-11,4.909128e-11,-4.250250e-11,8.495000e-11
NOR2_X1,A_f_ZN_r,delay,0,2,1.000000e-11,1.200000e-14,M1,N,vth,0.010,2.108185e-02,9.254405e-11,9.254052e-11,9.254744e-11,-3.460000e-13,-1.400000e-12
NOR2_X1,A_f_ZN_r,delay,0,2,1.000000e-11,1.200000e-14,M1,N,u0,0.02,1.054093e-01,9.254405e-11,9.254292e-11,9.254519e-11,-5.675000e-14,2.500000e-14
NOR2_X1,A_f_ZN_r,delay,0,2,1.000000e-11,1.200000e-14,M2,N,vth,0.010,2.108185e-02,9.254405e-11,9.254403e-11,9.254408e-11,-2.500000e-15,1.000000e-13
NOR2_X1,A_f_ZN_r,delay,0,2,1.000000e-11,1.200000e-14,M2,N,u0,0.02,1.054093e-01,9.254405e-11,9.254405e-11,9.254405e-11,0.000000e+00,0.000000e+00
NOR2_X1,A_f_ZN_r,delay,0,2,1.000000e-11,1.200000e-14,M3,P,vth,0.010,9.467293e-03,9.254405e-11,9.40777e-11,9.107745e-11,1.500125e-10,6.705000e-10
NOR2_X1,A_f_ZN_r,delay,0,2,1.000000e-11,1.200000e-14,M3,P,u0,0.02,4.303315e-02,9.254405e-11,9.166208e-11,9.34612e-11,-4.497800e-11,8.795000e-11
NOR2_X1,A_f_ZN_r,delay,0,2,1.000000e-11,1.200000e-14,M4,P,vth,0.010,9.467293e-03,9.254405e-11,9.428549e-11,9.088404e-11,1.700725e-10,8.143000e-10
NOR2_X1,A_f_ZN_r,delay,0,2,1.000000e-11,1.200000e-14,M4,P,u0,0.02,4.303315e-02,9.254405e-11,9.192847e-11,9.318389e-11,-3.138550e-11,6.065000e-11
NOR2_X1,A_f_ZN_r,delay,0,2,1.000000e-11,1.200000e-14,GROUP:N,N,vth,0.010,,9.254405e-11,9.254049e-11,9.254747e-11,-3.490000e-13,-1.400000e-12
NOR2_X1,A_f_ZN_r,delay,0,2,1.000000e-11,1.200000e-14,GROUP:N,N,u0,0.02,,9.254405e-11,9.254292e-11,9.254519e-11,-5.675000e-14,2.500000e-14
NOR2_X1,A_f_ZN_r,delay,0,2,1.000000e-11,1.200000e-14,GROUP:P,P,vth,0.010,,9.254405e-11,9.582683e-11,8.942452e-11,3.201155e-10,1.632500e-09
NOR2_X1,A_f_ZN_r,delay,0,2,1.000000e-11,1.200000e-14,GROUP:P,P,u0,0.02,,9.254405e-11,9.104738e-11,9.410198e-11,-7.636500e-11,1.531500e-10
NOR2_X1,A_f_ZN_r,trans,0,2,1.000000e-11,1.200000e-14,M1,N,vth,0.010,2.108185e-02,1.029966e-10,1.029966e-10,1.029967e-10,-5.000000e-15,1.000000e-12
NOR2_X1,A_f_ZN_r,trans,0,2,1.000000e-11,1.200000e-14,M1,N,u0,0.02,1.054093e-01,1.029966e-10,1.029966e-10,1.029966e-10,0.000000e+00,0.000000e+00
NOR2_X1,A_f_ZN_r,trans,0,2,1.000000e-11,1.200000e-14,M2,N,vth,0.010,2.108185e-02,1.029966e-10,1.029966e-10,1.029967e-10,-5.000000e-15,1.000000e-12
NOR2_X1,A_f_ZN_r,trans,0,2,1.000000e-11,1.200000e-14,M2,N,u0,0.02,1.054093e-01,1.029966e-10,1.029966e-10,1.029966e-10,0.000000e+00,0.000000e+00
NOR2_X1,A_f_ZN_r,trans,0,2,1.000000e-11,1.200000e-14,M3,P,vth,0.010,9.467293e-03,1.029966e-10,1.043801e-10,1.016746e-10,1.352750e-10,6.150000e-10
NOR2_X1,A_f_ZN_r,trans,0,2,1.000000e-11,1.200000e-14,M3,P,u0,0.02,4.303315e-02,1.029966e-10,1.020237e-10,1.040096e-10,-4.964750e-11,1.002500e-10
NOR2_X1,A_f_ZN_r,trans,0,2,1.000000e-11,1.200000e-14,M4,P,vth,0.010,9.467293e-03,1.029966e-10,1.049088e-10,1.011851e-10,1.861850e-10,1.007000e-09
NOR2_X1,A_f_ZN_r,trans,0,2,1.000000e-11,1.200000e-14,M4,P,u0,0.02,4.303315e-02,1.029966e-10,1.021922e-10,1.03834e-10,-4.104500e-11,8.250000e-11
NOR2_X1,A_f_ZN_r,trans,0,2,1.000000e-11,1.200000e-14,GROUP:N,N,vth,0.010,,1.029966e-10,1.029965e-10,1.029968e-10,-1.500000e-14,1.000000e-12
NOR2_X1,A_f_ZN_r,trans,0,2,1.000000e-11,1.200000e-14,GROUP:N,N,u0,0.02,,1.029966e-10,1.029967e-10,1.029966e-10,2.500000e-15,2.500000e-13
NOR2_X1,A_f_ZN_r,trans,0,2,1.000000e-11,1.200000e-14,GROUP:P,P,vth,0.010,,1.029966e-10,1.062949e-10,9.986524e-11,3.214830e-10,1.669400e-09
NOR2_X1,A_f_ZN_r,trans,0,2,1.000000e-11,1.200000e-14,GROUP:P,P,u0,0.02,,1.029966e-10,1.012191e-10,1.048469e-10,-9.069500e-11,1.820000e-10
NOR2_X1,A_f_ZN_r,delay,1,0,3.000000e-11,1.000000e-15,M1,N,vth,0.010,2.108185e-02,4.639541e-11,4.640549e-11,4.638526e-11,1.011500e-12,-7.000000e-13
NOR2_X1,A_f_ZN_r,delay,1,0,3.000000e-11,1.000000e-15,M1,N,u0,0.02,1.054093e-01,4.639541e-11,4.639223e-11,4.639867e-11,-1.610000e-13,2.000000e-13
NOR2_X1,A_f_ZN_r,delay,1,0,3.000000e-11,1.000000e-15,M2,N,vth,0.010,2.108185e-02,4.639541e-11,4.639541e-11,4.639541e-11,0.000000e+00,0.000000e+00
NOR2_X1,A_f_ZN_r,delay,1,0,3.000000e-11,1.000000e-15,M2,N,u0,0.02,1.054093e-01,4.639541e-11,4.639541e-11,4.639541e-11,0.000000e+00,0.000000e+00
NOR2_X1,A_f_ZN_r,delay,1,0,3.000000e-11,1.000000e-15,M3,P,vth,0.010,9.467293e-03,4.639541e-11,4.736571e-11,4.54489e-11,9.584050e-11,2.379000e-10
NOR2_X1,A_f_ZN_r,delay,1,0,3.000000e-11,1.000000e-15,M3,P,u0,0.02,4.303315e-02,4.639541e-11,4.600496e-11,4.680003e-11,-1.987675e-11,3.542500e-11
NOR2_X1,A_f_ZN_r,delay,1,0,3.000000e-11,1.000000e-15,M4,P,vth,0.010,9.467293e-03,4.639541e-11,4.687082e-11,4.594163e-11,4.645950e-11,2.163000e-10
NOR2_X1,A_f_ZN_r,delay,1,0,3.000000e-11,1.000000e-15,M4,P,u0,0.02,4.303315e-02,4.639541e-11,4.620773e-11,4.659e-11,-9.556750e-12,1.727500e-11
NOR2_X1,A_f_ZN_r,delay,1,0,3.000000e-11,1.000000e-15,GROUP:N,N,vth,0.010,,4.639541e-11,4.640548e-11,4.638527e-11,1.010500e-12,-7.000000e-13
NOR2_X1,A_f_ZN_r,delay,1,0,3.000000e-11,1.000000e-15,GROUP:N,N,u0,0.02,,4.639541e-11,4.639223e-11,4.639867e-11,-1.610000e-13,2.000000e-13
NOR2_X1,A_f_ZN_r,delay,1,0,3.000000e-11,1.000000e-15,GROUP:P,P,vth,0.010,,4.639541e-11,4.784403e-11,4.499792e-11,1.423055e-10,5.113000e-10
NOR2_X1,A_f_ZN_r,delay,1,0,3.000000e-11,1.000000e-15,GROUP:P,P,u0,0.02,,4.639541e-11,4.581806e-11,4.699544e-11,-2.943450e-11,5.670000e-11
NOR2_X1,A_f_ZN_r,trans,1,0,3.000000e-11,1.000000e-15,M1,N,vth,0.010,2.108185e-02,2.783626e-11,2.783527e-11,2.783726e-11,-9.950000e-14,1.000000e-13
NOR2_X1,A_f_ZN_r,trans,1,0,3.000000e-11,1.000000e-15,M1,N,u0,0.02,1.054093e-01,2.783626e-11,2.783657e-11,2.783595e-11,1.550000e-14,-8.077936e-24
NOR2_X1,A_f_ZN_r,trans,1,0,3.000000e-11,1.000000e-15,M2,N,vth,0.010,2.108185e-02,2.783626e-11,2.783625e-11,2.783629e-11,-2.000000e-15,2.000000e-13
NOR2_X1,A_f_ZN_r,trans,1,0,3.000000e-11,1.000000e-15,M2,N,u0,0.02,1.054093e-01,2.783626e-11,2.783626e-11,2.783626e-11,0.000000e+00,0.000000e+00
NOR2_X1,A_f_ZN_r,trans,1,0,3.000000e-11,1.000000e-15,M3,P,vth,0.010,9.467293e-03,2.783626e-11,2.825729e-11,2.74367e-11,4.102950e-11,2.147000e-10
NOR2_X1,A_f_ZN_r,trans,1,0,3.000000e-11,1.000000e-15,M3,P,u0,0.02,4.303315e-02,2.783626e-11,2.753954e-11,2.81455e-11,-1.514900e-11,3.130000e-11
NOR2_X1,A_f_ZN_r,trans,1,0,3.000000e-11,1.000000e-15,M4,P,vth,0.010,9.467293e-03,2.783626e-11,2.819723e-11,2.750262e-11,3.473050e-11,2.733000e-10
NOR2_X1,A_f_ZN_r,trans,1,0,3.000000e-11,1.000000e-15,M4,P,u0,0.02,4.303315e-02,2.783626e-11,2.765479e-11,2.802536e-11,-9.264250e-12,1.907500e-11
NOR2_X1,A_f_ZN_r,trans,1,0,3.000000e-11,1.000000e-15,GROUP:N,N,vth,0.010,,2.783626e-11,2.783525e-11,2.783729e-11,-1.020000e-13,2.000000e-13
NOR2_X1,A_f_ZN_r,trans,1,0,3.000000e-11,1.000000e-15,GROUP:N,N,u0,0.02,,2.783626e-11,2.783657e-11,2.783595e-11,1.550000e-14,-8.077936e-24
NOR2_X1,A_f_ZN_r,trans,1,0,3.000000e-11,1.000000e-15,GROUP:P,P,vth,0.010,,2.783626e-11,2.861519e-11,2.710007e-11,7.575600e-11,4.274000e-10
NOR2_X1,A_f_ZN_r,trans,1,0,3.000000e-11,1.000000e-15,GROUP:P,P,u0,0.02,,2.783626e-11,2.735776e-11,2.833412e-11,-2.440900e-11,4.840000e-11
NOR2_X1,A_f_ZN_r,delay,1,1,3.000000e-11,4.000000e-15,M1,N,vth,0.010,2.108185e-02,6.139926e-11,6.140722e-11,6.139109e-11,8.065000e-13,-2.100000e-12
NOR2_X1,A_f_ZN_r,delay,1,1,3.000000e-11,4.000000e-15,M1,N,u0,0.02,1.054093e-01,6.139926e-11,6.139596e-11,6.140263e-11,-1.667500e-13,1.750000e-13
NOR2_X1,A_f_ZN_r,delay,1,1,3.000000e-11,4.000000e-15,M2,N,vth,0.010,2.108185e-02,6.139926e-11,6.139925e-11,6.139927e-11,-1.000000e-15,-1.292470e-22
NOR2_X1,A_f_ZN_r,delay,1,1,3.000000e-11,4.000000e-15,M2,N,u0,0.02,1.054093e-01,6.139926e-11,6.139926e-11,6.139926e-11,0.000000e+00,0.000000e+00
NOR2_X1,A_f_ZN_r,delay,1,1,3.000000e-11,4.000000e-15,M3,P,vth,0.010,9.467293e-03,6.139926e-11,6.257266e-11,6.02589e-11,1.156880e-10,3.304000e-10
NOR2_X1,A_f_ZN_r,delay,1,1,3.000000e-11,4.000000e-15,M3,P,u0,0.02,4.303315e-02,6.139926e-11,6.086964e-11,6.194878e-11,-2.697850e-11,4.975000e-11
NOR2_X1,A_f_ZN_r,delay,1,1,3.000000e-11,4.000000e-15,M4,P,vth,0.010,9.467293e-03,6.139926e-11,6.221825e-11,6.061836e-11,7.999450e-11,3.809000e-10
NOR2_X1,A_f_ZN_r,delay,1,1,3.000000e-11,4.000000e-15,M4,P,u0,0.02,4.303315e-02,6.139926e-11,6.109501e-11,6.171515e-11,-1.550350e-11,2.910000e-11
NOR2_X1,A_f_ZN_r,delay,1,1,3.000000e-11,4.000000e-15,GROUP:N,N,vth,0.010,,6.139926e-11,6.140722e-11,6.13911e-11,8.060000e-13,-2.000000e-12
NOR2_X1,A_f_ZN_r,delay,1,1,3.000000e-11,4.000000e-15,GROUP:N,N,u0,0.02,,6.139926e-11,6.139596e-11,6.140263e-11,-1.667500e-13,1.750000e-13
NOR2_X1,A_f_ZN_r,delay,1,1,3.000000e-11,4.000000e-15,GROUP:P,P,vth,0.010,,6.139926e-11,6.339597e-11,5.948213e-11,1.956920e-10,7.958000e-10
NOR2_X1,A_f_ZN_r,delay,1,1,3.000000e-11,4.000000e-15,GROUP:P,P,u0,0.02,,6.139926e-11,6.05662e-11,6.226553e-11,-4.248325e-11,8.302500e-11
NOR2_X1,A_f_ZN_r,trans,1,1,3.000000e-11,4.000000e-15,M1,N,vth,0.010,2.108185e-02,4.823356e-11,4.823337e-11,4.823376e-11,-1.950000e-14,1.000000e-13
NOR2_X1,A_f_ZN_r,trans,1,1,3.000000e-11,4.000000e-15,M1,N,u0,0.02,1.054093e-01,4.823356e-11,4.823363e-11,4.823349e-11,3.500000e-15,1.615587e-23
NOR2_X1,A_f_ZN_r,trans,1,1,3.000000e-11,4.000000e-15,M2,N,vth,0.010,2.108185e-02,4.823356e-11,4.823353e-11,4.82336e-11,-3.500000e-15,1.000000e-13
NOR2_X1,A_f_ZN_r,trans,1,1,3.000000e-11,4.000000e-15,M2,N,u0,0.02,1.054093e-01,4.823356e-11,4.823356e-11,4.823356e-11,0.000000e+00,0.000000e+00
NOR2_X1,A_f_ZN_r,trans,1,1,3.000000e-11,4.000000e-15,M3,P,vth,0.010,9.467293e-03,4.823356e-11,4.891817e-11,4.758056e-11,6.688050e-11,3.161000e-10
NOR2_X1,A_f_ZN_r,trans,1,1,3.000000e-11,4.000000e-15,M3,P,u0,0.02,4.303315e-02,4.823356e-11,4.77522e-11,4.873507e-11,-2.457175e-11,5.037500e-11
NOR2_X1,A_f_ZN_r,trans,1,1,3.000000e-11,4.000000e-15,M4,P,vth,0.010,9.467293e-03,4.823356e-11,4.902364e-11,4.74908e-11,7.664200e-11,4.732000e-10
NOR2_X1,A_f_ZN_r,trans,1,1,3.000000e-11,4.000000e-15,M4,P,u0,0.02,4.303315e-02,4.823356e-11,4.78826e-11,4.859919e-11,-1.791475e-11,3.667500e-11
NOR2_X1,A_f_ZN_r,trans,1,1,3.000000e-11,4.000000e-15,GROUP:N,N,vth,0.010,,4.823356e-11,4.823334e-11,4.82338e-11,-2.300000e-14,2.000000e-13
NOR2_X1,A_f_ZN_r,trans,1,1,3.000000e-11,4.000000e-15,GROUP:N,N,u0,0.02,,4.823356e-11,4.823363e-11,4.823349e-11,3.500000e-15,1.615587e-23
NOR2_X1,A_f_ZN_r,trans,1,1,3.000000e-11,4.000000e-15,GROUP:P,P,vth,0.010,,4.823356e-11,4.97067e-11,4.683601e-11,1.435345e-10,7.559000e-10
NOR2_X1,A_f_ZN_r,trans,1,1,3.000000e-11,4.000000e-15,GROUP:P,P,u0,0.02,,4.823356e-11,4.740092e-11,4.910034e-11,-4.248550e-11,8.535000e-11
NOR2_X1,A_f_ZN_r,delay,1,2,3.000000e-11,1.200000e-14,M1,N,vth,0.010,2.108185e-02,1.010090e-10,1.010117e-10,1.010061e-10,2.800000e-13,-2.000000e-12
NOR2_X1,A_f_ZN_r,delay,1,2,3.000000e-11,1.200000e-14,M1,N,u0,0.02,1.054093e-01,1.010090e-10,1.010065e-10,1.010115e-10,-1.250000e-13,0.000000e+00
NOR2_X1,A_f_ZN_r,delay,1,2,3.000000e-11,1.200000e-14,M2,N,vth,0.010,2.108185e-02,1.010090e-10,1.01009e-10,1.01009e-10,0.000000e+00,0.000000e+00
NOR2_X1,A_f_ZN_r,delay,1,2,3.000000e-11,1.200000e-14,M2,N,u0,0.02,1.054093e-01,1.010090e-10,1.01009e-10,1.01009e-10,0.000000e+00,0.000000e+00
NOR2_X1,A_f_ZN_r,delay,1,2,3.000000e-11,1.200000e-14,M3,P,vth,0.010,9.467293e-03,1.010090e-10,1.027159e-10,9.935929e-11,1.678305e-10,5.719000e-10
NOR2_X1,A_f_ZN_r,delay,1,2,3.000000e-11,1.200000e-14,M3,P,u0,0.02,4.303315e-02,1.010090e-10,1.001136e-10,1.019393e-10,-4.564250e-11,8.725000e-11
NOR2_X1,A_f_ZN_r,delay,1,2,3.000000e-11,1.200000e-14,M4,P,vth,0.010,9.467293e-03,1.010090e-10,1.027488e-10,9.93504e-11,1.699200e-10,8.120000e-10
NOR2_X1,A_f_ZN_r,delay,1,2,3.000000e-11,1.200000e-14,M4,P,u0,0.02,4.303315e-02,1.010090e-10,1.003947e-10,1.016475e-10,-3.132000e-11,6.050000e-11
NOR2_X1,A_f_ZN_r,delay,1,2,3.000000e-11,1.200000e-14,GROUP:N,N,vth,0.010,,1.010090e-10,1.010117e-10,1.010061e-10,2.800000e-13,-2.000000e-12
NOR2_X1,A_f_ZN_r,delay,1,2,3.000000e-11,1.200000e-14,GROUP:N,N,u0,0.02,,1.010090e-10,1.010065e-10,1.010115e-10,-1.250000e-13,0.000000e+00
NOR2_X1,A_f_ZN_r,delay,1,2,3.000000e-11,1.200000e-14,GROUP:P,P,vth,0.010,,1.010090e-10,1.04464e-10,9.77085e-11,3.377750e-10,1.545000e-09
NOR2_X1,A_f_ZN_r,delay,1,2,3.000000e-11,1.200000e-14,GROUP:P,P,u0,0.02,,1.010090e-10,9.950022e-11,1.025787e-10,-7.696200e-11,1.523000e-10
NOR2_X1,A_f_ZN_r,trans,1,2,3.000000e-11,1.200000e-14,M1,N,vth,0.010,2.108185e-02,1.029969e-10,1.029968e-10,1.029969e-10,-5.000000e-15,-1.000000e-12
NOR2_X1,A_f_ZN_r,trans,1,2,3.000000e-11,1.200000e-14,M1,N,u0,0.02,1.054093e-01,1.029969e-10,1.029969e-10,1.029968e-10,2.500000e-15,-2.500000e-13
NOR2_X1,A_f_ZN_r,trans,1,2,3.000000e-11,1.200000e-14,M2,N,vth,0.010,2.108185e-02,1.029969e-10,1.029968e-10,1.029969e-10,-5.000000e-15,-1.000000e-12
NOR2_X1,A_f_ZN_r,trans,1,2,3.000000e-11,1.200000e-14,M2,N,u0,0.02,1.054093e-01,1.029969e-10,1.029969e-10,1.029968e-10,2.500000e-15,-2.500000e-13
NOR2_X1,A_f_ZN_r,trans,1,2,3.000000e-11,1.200000e-14,M3,P,vth,0.010,9.467293e-03,1.029969e-10,1.043803e-10,1.016748e-10,1.352750e-10,6.130000e-10
NOR2_X1,A_f_ZN_r,trans,1,2,3.000000e-11,1.200000e-14,M3,P,u0,0.02,4.303315e-02,1.029969e-10,1.020239e-10,1.040099e-10,-4.965000e-11,1.000000e-10
NOR2_X1,A_f_ZN_r,trans,1,2,3.000000e-11,1.200000e-14,M4,P,vth,0.010,9.467293e-03,1.029969e-10,1.04909e-10,1.011854e-10,1.861800e-10,1.006000e-09
NOR2_X1,A_f_ZN_r,trans,1,2,3.000000e-11,1.200000e-14,M4,P,u0,0.02,4.303315e-02,1.029969e-10,1.021924e-10,1.038343e-10,-4.104750e-11,8.225000e-11
NOR2_X1,A_f_ZN_r,trans,1,2,3.000000e-11,1.200000e-14,GROUP:N,N,vth,0.010,,1.029969e-10,1.029967e-10,1.02997e-10,-1.500000e-14,-1.000000e-12
NOR2_X1,A_f_ZN_r,trans,1,2,3.000000e-11,1.200000e-14,GROUP:N,N,u0,0.02,,1.029969e-10,1.029969e-10,1.029968e-10,2.500000e-15,-2.500000e-13
NOR2_X1,A_f_ZN_r,trans,1,2,3.000000e-11,1.200000e-14,GROUP:P,P,vth,0.010,,1.029969e-10,1.062951e-10,9.986553e-11,3.214785e-10,1.668300e-09
NOR2_X1,A_f_ZN_r,trans,1,2,3.000000e-11,1.200000e-14,GROUP:P,P,u0,0.02,,1.029969e-10,1.012193e-10,1.048471e-10,-9.069500e-11,1.815000e-10
NOR2_X1,A_f_ZN_r,delay,2,0,8.000000e-11,1.000000e-15,M1,N,vth,0.010,2.108185e-02,6.408094e-11,6.409147e-11,6.40706e-11,1.043500e-12,1.900000e-12
NOR2_X1,A_f_ZN_r,delay,2,0,8.000000e-11,1.000000e-15,M1,N,u0,0.02,1.054093e-01,6.408094e-11,6.407854e-11,6.408341e-11,-1.217500e-13,1.750000e-13
NOR2_X1,A_f_ZN_r,delay,2,0,8.000000e-11,1.000000e-15,M2,N,vth,0.010,2.108185e-02,6.408094e-11,6.408093e-11,6.408095e-11,-1.000000e-15,0.000000e+00
NOR2_X1,A_f_ZN_r,delay,2,0,8.000000e-11,1.000000e-15,M2,N,u0,0.02,1.054093e-01,6.408094e-11,6.408094e-11,6.408094e-11,0.000000e+00,0.000000e+00
NOR2_X1,A_f_ZN_r,delay,2,0,8.000000e-11,1.000000e-15,M3,P,vth,0.010,9.467293e-03,6.408094e-11,6.590019e-11,6.226027e-11,1.819960e-10,-1.420000e-11
NOR2_X1,A_f_ZN_r,delay,2,0,8.000000e-11,1.000000e-15,M3,P,u0,0.02,4.303315e-02,6.408094e-11,6.355433e-11,6.46235e-11,-2.672925e-11,3.987500e-11
NOR2_X1,A_f_ZN_r,delay,2,0,8.000000e-11,1.000000e-15,M4,P,vth,0.010,9.467293e-03,6.408094e-11,6.454064e-11,6.36438e-11,4.484200e-11,2.256000e-10
NOR2_X1,A_f_ZN_r,delay,2,0,8.000000e-11,1.000000e-15,M4,P,u0,0.02,4.303315e-02,6.408094e-11,6.389899e-11,6.426965e-11,-9.266500e-12,1.690000e-11
NOR2_X1,A_f_ZN_r,delay,2,0,8.000000e-11,1.000000e-15,GROUP:N,N,vth,0.010,,6.408094e-11,6.409147e-11,6.407061e-11,1.043000e-12,2.000000e-12
NOR2_X1,A_f_ZN_r,delay,2,0,8.000000e-11,1.000000e-15,GROUP:N,N,u0,0.02,,6.408094e-11,6.407854e-11,6.408341e-11,-1.217500e-13,1.750000e-13
NOR2_X1,A_f_ZN_r,delay,2,0,8.000000e-11,1.000000e-15,GROUP:P,P,vth,0.010,,6.408094e-11,6.636311e-11,6.18263e-11,2.268405e-10,2.753000e-10
NOR2_X1,A_f_ZN_r,delay,2,0,8.000000e-11,1.000000e-15,GROUP:P,P,u0,0.02,,6.408094e-11,6.337315e-11,6.481305e-11,-3.599750e-11,6.080000e-11
NOR2_X1,A_f_ZN_r,trans,2,0,8.000000e-11,1.000000e-15,M1,N,vth,0.010,2.108185e-02,3.074638e-11,3.074216e-11,3.07506e-11,-4.220000e-13,0.000000e+00
NOR2_X1,A_f_ZN_r,trans,2,0,8.000000e-11,1.000000e-15,M1,N,u0,0.02,1.054093e-01,3.074638e-11,3.074734e-11,3.07454e-11,4.850000e-14,-5.000000e-14
NOR2_X1,A_f_ZN_r,trans,2,0,8.000000e-11,1.000000e-15,M2,N,vth,0.010,2.108185e-02,3.074638e-11,3.074636e-11,3.074641e-11,-2.500000e-15,1.000000e-13
NOR2_X1,A_f_ZN_r,trans,2,0,8.000000e-11,1.000000e-15,M2,N,u0,0.02,1.054093e-01,3.074638e-11,3.074638e-11,3.074638e-11,0.000000e+00,0.000000e+00
NOR2_X1,A_f_ZN_r,trans,2,0,8.000000e-11,1.000000e-15,M3,P,vth,0.010,9.467293e-03,3.074638e-11,3.085772e-11,3.066581e-11,9.595500e-12,3.077000e-10
NOR2_X1,A_f_ZN_r,trans,2,0,8.000000e-11,1.000000e-15,M3,P,u0,0.02,4.303315e-02,3.074638e-11,3.051487e-11,3.09886e-11,-1.184325e-11,2.677500e-11
NOR2_X1,A_f_ZN_r,trans,2,0,8.000000e-11,1.000000e-15,M4,P,vth,0.010,9.467293e-03,3.074638e-11,3.102315e-11,3.049965e-11,2.617500e-11,3.004000e-10
NOR2_X1,A_f_ZN_r,trans,2,0,8.000000e-11,1.000000e-15,M4,P,u0,0.02,4.303315e-02,3.074638e-11,3.059765e-11,3.090237e-11,-7.618000e-12,1.815000e-11
NOR2_X1,A_f_ZN_r,trans,2,0,8.000000e-11,1.000000e-15,GROUP:N,N,vth,0.010,,3.074638e-11,3.074214e-11,3.075062e-11,-4.240000e-13,0.000000e+00
NOR2_X1,A_f_ZN_r,trans,2,0,8.000000e-11,1.000000e-15,GROUP:N,N,u0,0.02,,3.074638e-11,3.074734e-11,3.07454e-11,4.850000e-14,-5.000000e-14
NOR2_X1,A_f_ZN_r,trans,2,0,8.000000e-11,1.000000e-15,GROUP:P,P,vth,0.010,,3.074638e-11,3.113745e-11,3.042265e-11,3.574000e-11,6.734000e-10
NOR2_X1,A_f_ZN_r,trans,2,0,8.000000e-11,1.000000e-15,GROUP:P,P,u0,0.02,,3.074638e-11,3.036656e-11,3.11452e-11,-1.946600e-11,4.750000e-11
NOR2_X1,A_f_ZN_r,delay,2,1,8.000000e-11,4.000000e-15,M1,N,vth,0.010,2.108185e-02,7.960520e-11,7.961522e-11,7.959527e-11,9.975000e-13,9.000000e-13
NOR2_X1,A_f_ZN_r,delay,2,1,8.000000e-11,4.000000e-15,M1,N,u0,0.02,1.054093e-01,7.960520e-11,7.960233e-11,7.960815e-11,-1.455000e-13,2.000000e-13
NOR2_X1,A_f_ZN_r,delay,2,1,8.000000e-11,4.000000e-15,M2,N,vth,0.010,2.108185e-02,7.960520e-11,7.960518e-11,7.960521e-11,-1.500000e-15,-1.000000e-13
NOR2_X1,A_f_ZN_r,delay,2,1,8.000000e-11,4.000000e-15,M2,N,u0,0.02,1.054093e-01,7.960520e-11,7.96052e-11,7.960519e-11,2.500000e-16,-2.500000e-14
NOR2_X1,A_f_ZN_r,delay,2,1,8.000000e-11,4.000000e-15,M3,P,vth,0.010,9.467293e-03,7.960520e-11,8.148324e-11,7.774621e-11,1.868515e-10,1.905000e-10
NOR2_X1,A_f_ZN_r,delay,2,1,8.000000e-11,4.000000e-15,M3,P,u0,0.02,4.303315e-02,7.960520e-11,7.897835e-11,8.025298e-11,-3.186575e-11,5.232500e-11
NOR2_X1,A_f_ZN_r,delay,2,1,8.000000e-11,4.000000e-15,M4,P,vth,0.010,9.467293e-03,7.960520e-11,8.036747e-11,7.888146e-11,7.430050e-11,3.853000e-10
NOR2_X1,A_f_ZN_r,delay,2,1,8.000000e-11,4.000000e-15,M4,P,u0,0.02,4.303315e-02,7.960520e-11,7.932267e-11,7.989887e-11,-1.440500e-11,2.785000e-11
NOR2_X1,A_f_ZN_r,delay,2,1,8.000000e-11,4.000000e-15,GROUP:N,N,vth,0.010,,7.960520e-11,7.961521e-11,7.959528e-11,9.965000e-13,9.000000e-13
NOR2_X1,A_f_ZN_r,delay,2,1,8.000000e-11,4.000000e-15,GROUP:N,N,u0,0.02,,7.960520e-11,7.960233e-11,7.960815e-11,-1.455000e-13,2.000000e-13
NOR2_X1,A_f_ZN_r,delay,2,1,8.000000e-11,4.000000e-15,GROUP:P,P,vth,0.010,,7.960520e-11,8.225365e-11,7.703002e-11,2.611815e-10,7.327000e-10
NOR2_X1,A_f_ZN_r,delay,2,1,8.000000e-11,4.000000e-15,GROUP:P,P,u0,0.02,,7.960520e-11,7.869713e-11,8.054806e-11,-4.627325e-11,8.697500e-11
NOR2_X1,A_f_ZN_r,trans,2,1,8.000000e-11,4.000000e-15,M1,N,vth,0.010,2.108185e-02,4.959544e-11,4.959333e-11,4.959754e-11,-2.105000e-13,-1.000000e-13
NOR2_X1,A_f_ZN_r,trans,2,1,8.000000e-11,4.000000e-15,M1,N,u0,0.02,1.054093e-01,4.959544e-11,4.959604e-11,4.959483e-11,3.025000e-14,-2.500000e-14
NOR2_X1,A_f_ZN_r,trans,2,1,8.000000e-11,4.000000e-15,M2,N,vth,0.010,2.108185e-02,4.959544e-11,4.959541e-11,4.959548e-11,-3.500000e-15,1.000000e-13
NOR2_X1,A_f_ZN_r,trans,2,1,8.000000e-11,4.000000e-15,M2,N,u0,0.02,1.054093e-01,4.959544e-11,4.959544e-11,4.959544e-11,0.000000e+00,0.000000e+00
NOR2_X1,A_f_ZN_r,trans,2,1,8.000000e-11,4.000000e-15,M3,P,vth,0.010,9.467293e-03,4.959544e-11,5.006575e-11,4.916725e-11,4.492500e-11,4.212000e-10
NOR2_X1,A_f_ZN_r,trans,2,1,8.000000e-11,4.000000e-15,M3,P,u0,0.02,4.303315e-02,4.959544e-11,4.916522e-11,5.004462e-11,-2.198500e-11,4.740000e-11
NOR2_X1,A_f_ZN_r,trans,2,1,8.000000e-11,4.000000e-15,M4,P,vth,0.010,9.467293e-03,4.959544e-11,5.032732e-11,4.891176e-11,7.077800e-11,4.820000e-10
NOR2_X1,A_f_ZN_r,trans,2,1,8.000000e-11,4.000000e-15,M4,P,u0,0.02,4.303315e-02,4.959544e-11,4.926727e-11,4.993785e-11,-1.676450e-11,3.560000e-11
NOR2_X1,A_f_ZN_r,trans,2,1,8.000000e-11,4.000000e-15,GROUP:N,N,vth,0.010,,4.959544e-11,4.95933e-11,4.959758e-11,-2.140000e-13,0.000000e+00
NOR2_X1,A_f_ZN_r,trans,2,1,8.000000e-11,4.000000e-15,GROUP:N,N,u0,0.02,,4.959544e-11,4.959604e-11,4.959482e-11,3.050000e-14,-5.000000e-14
NOR2_X1,A_f_ZN_r,trans,2,1,8.000000e-11,4.000000e-15,GROUP:P,P,vth,0.010,,4.959544e-11,5.080062e-11,4.848652e-11,1.157050e-10,9.626000e-10
NOR2_X1,A_f_ZN_r,trans,2,1,8.000000e-11,4.000000e-15,GROUP:P,P,u0,0.02,,4.959544e-11,4.883734e-11,5.038729e-11,-3.874875e-11,8.437500e-11
NOR2_X1,A_f_ZN_r,delay,2,2,8.000000e-11,1.200000e-14,M1,N,vth,0.010,2.108185e-02,1.192264e-10,1.192351e-10,1.192177e-10,8.700000e-13,0.000000e+00
NOR2_X1,A_f_ZN_r,delay,2,2,8.000000e-11,1.200000e-14,M1,N,u0,0.02,1.054093e-01,1.192264e-10,1.19223e-10,1.192299e-10,-1.725000e-13,2.500000e-13
NOR2_X1,A_f_ZN_r,delay,2,2,8.000000e-11,1.200000e-14,M2,N,vth,0.010,2.108185e-02,1.192264e-10,1.192264e-10,1.192264e-10,0.000000e+00,0.000000e+00
NOR2_X1,A_f_ZN_r,delay,2,2,8.000000e-11,1.200000e-14,M2,N,u0,0.02,1.054093e-01,1.192264e-10,1.192264e-10,1.192264e-10,0.000000e+00,0.000000e+00
NOR2_X1,A_f_ZN_r,delay,2,2,8.000000e-11,1.200000e-14,M3,P,vth,0.010,9.467293e-03,1.192264e-10,1.216329e-10,1.168656e-10,2.383650e-10,4.570000e-10
NOR2_X1,A_f_ZN_r,delay,2,2,8.000000e-11,1.200000e-14,M3,P,u0,0.02,4.303315e-02,1.192264e-10,1.182356e-10,1.202532e-10,-5.044000e-11,9.000000e-11
NOR2_X1,A_f_ZN_r,delay,2,2,8.000000e-11,1.200000e-14,M4,P,vth,0.010,9.467293e-03,1.192264e-10,1.209063e-10,1.176285e-10,1.638900e-10,8.200000e-10
NOR2_X1,A_f_ZN_r,delay,2,2,8.000000e-11,1.200000e-14,M4,P,u0,0.02,4.303315e-02,1.192264e-10,1.186349e-10,1.198417e-10,-3.017000e-11,5.950000e-11
NOR2_X1,A_f_ZN_r,delay,2,2,8.000000e-11,1.200000e-14,GROUP:N,N,vth,0.010,,1.192264e-10,1.19235e-10,1.192177e-10,8.650000e-13,-1.000000e-12
NOR2_X1,A_f_ZN_r,delay,2,2,8.000000e-11,1.200000e-14,GROUP:N,N,u0,0.02,,1.192264e-10,1.19223e-10,1.192299e-10,-1.725000e-13,2.500000e-13
NOR2_X1,A_f_ZN_r,delay,2,2,8.000000e-11,1.200000e-14,GROUP:P,P,vth,0.010,,1.192264e-10,1.233258e-10,1.152802e-10,4.022800e-10,1.532000e-09
NOR2_X1,A_f_ZN_r,delay,2,2,8.000000e-11,1.200000e-14,GROUP:P,P,u0,0.02,,1.192264e-10,1.176456e-10,1.208701e-10,-8.061250e-11,1.572500e-10
NOR2_X1,A_f_ZN_r,trans,2,2,8.000000e-11,1.200000e-14,M1,N,vth,0.010,2.108185e-02,1.030514e-10,1.030512e-10,1.030516e-10,-2.000000e-14,0.000000e+00
NOR2_X1,A_f_ZN_r,trans,2,2,8.000000e-11,1.200000e-14,M1,N,u0,0.02,1.054093e-01,1.030514e-10,1.030514e-10,1.030513e-10,2.500000e-15,-2.500000e-13
NOR2_X1,A_f_ZN_r,trans,2,2,8.000000e-11,1.200000e-14,M2,N,vth,0.010,2.108185e-02,1.030514e-10,1.030513e-10,1.030515e-10,-1.000000e-14,-1.292470e-22
NOR2_X1,A_f_ZN_r,trans,2,2,8.000000e-11,1.200000e-14,M2,N,u0,0.02,1.054093e-01,1.030514e-10,1.030514e-10,1.030514e-10,0.000000e+00,0.000000e+00
NOR2_X1,A_f_ZN_r,trans,2,2,8.000000e-11,1.200000e-14,M3,P,vth,0.010,9.467293e-03,1.030514e-10,1.044193e-10,1.017516e-10,1.333850e-10,6.810000e-10
NOR2_X1,A_f_ZN_r,trans,2,2,8.000000e-11,1.200000e-14,M3,P,u0,0.02,4.303315e-02,1.030514e-10,1.020835e-10,1.040596e-10,-4.940250e-11,1.007500e-10
NOR2_X1,A_f_ZN_r,trans,2,2,8.000000e-11,1.200000e-14,M4,P,vth,0.010,9.467293e-03,1.030514e-10,1.049566e-10,1.012476e-10,1.854500e-10,1.014000e-09
NOR2_X1,A_f_ZN_r,trans,2,2,8.000000e-11,1.200000e-14,M4,P,u0,0.02,4.303315e-02,1.030514e-10,1.02249e-10,1.038867e-10,-4.094250e-11,8.225000e-11
NOR2_X1,A_f_ZN_r,trans,2,2,8.000000e-11,1.200000e-14,GROUP:N,N,vth,0.010,,1.030514e-10,1.030511e-10,1.030516e-10,-2.500000e-14,-1.000000e-12
NOR2_X1,A_f_ZN_r,trans,2,2,8.000000e-11,1.200000e-14,GROUP:N,N,u0,0.02,,1.030514e-10,1.030514e-10,1.030513e-10,2.500000e-15,-2.500000e-13
NOR2_X1,A_f_ZN_r,trans,2,2,8.000000e-11,1.200000e-14,GROUP:P,P,vth,0.010,,1.030514e-10,1.063292e-10,9.995323e-11,3.187985e-10,1.796300e-09
NOR2_X1,A_f_ZN_r,trans,2,2,8.000000e-11,1.200000e-14,GROUP:P,P,u0,0.02,,1.030514e-10,1.012813e-10,1.04895e-10,-9.034250e-11,1.837500e-10
NOR2_X1,B_r_ZN_f,delay,0,0,1.000000e-11,1.000000e-15,M1,N,vth,0.010,2.108185e-02,2.136927e-11,2.136929e-11,2.136925e-11,2.000000e-15,-3.231174e-23
NOR2_X1,B_r_ZN_f,delay,0,0,1.000000e-11,1.000000e-15,M1,N,u0,0.02,1.054093e-01,2.136927e-11,2.136927e-11,2.136927e-11,0.000000e+00,0.000000e+00
NOR2_X1,B_r_ZN_f,delay,0,0,1.000000e-11,1.000000e-15,M2,N,vth,0.010,2.108185e-02,2.136927e-11,2.187243e-11,2.088528e-11,4.935750e-11,1.917000e-10
NOR2_X1,B_r_ZN_f,delay,0,0,1.000000e-11,1.000000e-15,M2,N,u0,0.02,1.054093e-01,2.136927e-11,2.125164e-11,2.149181e-11,-6.004250e-12,1.227500e-11
NOR2_X1,B_r_ZN_f,delay,0,0,1.000000e-11,1.000000e-15,M3,P,vth,0.010,9.467293e-03,2.136927e-11,2.137548e-11,2.136311e-11,6.185000e-13,5.000000e-13
NOR2_X1,B_r_ZN_f,delay,0,0,1.000000e-11,1.000000e-15,M3,P,u0,0.02,4.303315e-02,2.136927e-11,2.136382e-11,2.137483e-11,-2.752500e-13,2.750000e-13
NOR2_X1,B_r_ZN_f,delay,0,0,1.000000e-11,1.000000e-15,M4,P,vth,0.010,9.467293e-03,2.136927e-11,2.135862e-11,2.137976e-11,-1.057000e-12,-1.600000e-12
NOR2_X1,B_r_ZN_f,delay,0,0,1.000000e-11,1.000000e-15,M4,P,u0,0.02,4.303315e-02,2.136927e-11,2.1362e-11,2.137666e-11,-3.665000e-13,3.000000e-13
NOR2_X1,B_r_ZN_f,delay,0,0,1.000000e-11,1.000000e-15,GROUP:N,N,vth,0.010,,2.136927e-11,2.187245e-11,2.088526e-11,4.935950e-11,1.917000e-10
NOR2_X1,B_r_ZN_f,delay,0,0,1.000000e-11,1.000000e-15,GROUP:N,N,u0,0.02,,2.136927e-11,2.125164e-11,2.149181e-11,-6.004250e-12,1.227500e-11
NOR2_X1,B_r_ZN_f,delay,0,0,1.000000e-11,1.000000e-15,GROUP:P,P,vth,0.010,,2.136927e-11,2.136452e-11,2.137328e-11,-4.380000e-13,-7.400000e-12
NOR2_X1,B_r_ZN_f,delay,0,0,1.000000e-11,1.000000e-15,GROUP:P,P,u0,0.02,,2.136927e-11,2.135648e-11,2.138214e-11,-6.415000e-13,2.000000e-13
NOR2_X1,B_r_ZN_f,trans,0,0,1.000000e-11,1.000000e-15,M1,N,vth,0.010,2.108185e-02,1.529535e-11,1.529535e-11,1.529534e-11,5.000000e-16,-1.000000e-13
NOR2_X1,B_r_ZN_f,trans,0,0,1.000000e-11,1.000000e-15,M1,N,u0,0.02,1.054093e-01,1.529535e-11,1.529535e-11,1.529535e-11,0.000000e+00,0.000000e+00
NOR2_X1,B_r_ZN_f,trans,0,0,1.000000e-11,1.000000e-15,M2,N,vth,0.010,2.108185e-02,1.529535e-11,1.565953e-11,1.494844e-11,3.555450e-11,1.727000e-10
NOR2_X1,B_r_ZN_f,trans,0,0,1.000000e-11,1.000000e-15,M2,N,u0,0.02,1.054093e-01,1.529535e-11,1.518843e-11,1.540682e-11,-5.459750e-12,1.137500e-11
NOR2_X1,B_r_ZN_f,trans,0,0,1.000000e-11,1.000000e-15,M3,P,vth,0.010,9.467293e-03,1.529535e-11,1.529535e-11,1.529534e-11,5.000000e-16,-1.000000e-13
NOR2_X1,B_r_ZN_f,trans,0,0,1.000000e-11,1.000000e-15,M3,P,u0,0.02,4.303315e-02,1.529535e-11,1.529534e-11,1.529535e-11,-2.500000e-16,-2.500000e-14
NOR2_X1,B_r_ZN_f,trans,0,0,1.000000e-11,1.000000e-15,M4,P,vth,0.010,9.467293e-03,1.529535e-11,1.529533e-11,1.529536e-11,-1.500000e-15,-1.000000e-13
NOR2_X1,B_r_ZN_f,trans,0,0,1.000000e-11,1.000000e-15,M4,P,u0,0.02,4.303315e-02,1.529535e-11,1.529534e-11,1.529535e-11,-2.500000e-16,-2.500000e-14
NOR2_X1,B_r_ZN_f,trans,0,0,1.000000e-11,1.000000e-15,GROUP:N,N,vth,0.010,,1.529535e-11,1.565954e-11,1.494843e-11,3.555550e-11,1.727000e-10
NOR2_X1,B_r_ZN_f,trans,0,0,1.000000e-11,1.000000e-15,GROUP:N,N,u0,0.02,,1.529535e-11,1.518843e-11,1.540682e-11,-5.459750e-12,1.137500e-11
NOR2_X1,B_r_ZN_f,trans,0,0,1.000000e-11,1.000000e-15,GROUP:P,P,vth,0.010,,1.529535e-11,1.529534e-11,1.529536e-11,-1.000000e-15,3.231174e-23
NOR2_X1,B_r_ZN_f,trans,0,0,1.000000e-11,1.000000e-15,GROUP:P,P,u0,0.02,,1.529535e-11,1.529533e-11,1.529534e-11,-2.500000e-16,-7.500000e-14
NOR2_X1,B_r_ZN_f,delay,0,1,1.000000e-11,4.000000e-15,M1,N,vth,0.010,2.108185e-02,3.241590e-11,3.241593e-11,3.241587e-11,3.000000e-15,-6.462349e-23
NOR2_X1,B_r_ZN_f,delay,0,1,1.000000e-11,4.000000e-15,M1,N,u0,0.02,1.054093e-01,3.241590e-11,3.24159e-11,3.24159e-11,0.000000e+00,0.000000e+00
NOR2_X1,B_r_ZN_f,delay,0,1,1.000000e-11,4.000000e-15,M2,N,vth,0.010,2.108185e-02,3.241590e-11,3.320042e-11,3.166314e-11,7.686400e-11,3.176000e-10
NOR2_X1,B_r_ZN_f,delay,0,1,1.000000e-11,4.000000e-15,M2,N,u0,0.02,1.054093e-01,3.241590e-11,3.222641e-11,3.261337e-11,-9.674000e-12,1.995000e-11
NOR2_X1,B_r_ZN_f,delay,0,1,1.000000e-11,4.000000e-15,M3,P,vth,0.010,9.467293e-03,3.241590e-11,3.242199e-11,3.240985e-11,6.070000e-13,4.000000e-13
NOR2_X1,B_r_ZN_f,delay,0,1,1.000000e-11,4.000000e-15,M3,P,u0,0.02,4.303315e-02,3.241590e-11,3.241058e-11,3.242131e-11,-2.682500e-13,2.250000e-13
NOR2_X1,B_r_ZN_f,delay,0,1,1.000000e-11,4.000000e-15,M4,P,vth,0.010,9.467293e-03,3.241590e-11,3.238327e-11,3.244833e-11,-3.253000e-12,-2.000000e-12
NOR2_X1,B_r_ZN_f,delay,0,1,1.000000e-11,4.000000e-15,M4,P,u0,0.02,4.303315e-02,3.241590e-11,3.241494e-11,3.241686e-11,-4.800000e-14,0.000000e+00
NOR2_X1,B_r_ZN_f,delay,0,1,1.000000e-11,4.000000e-15,GROUP:N,N,vth,0.010,,3.241590e-11,3.320045e-11,3.166311e-11,7.686700e-11,3.176000e-10
NOR2_X1,B_r_ZN_f,delay,0,1,1.000000e-11,4.000000e-15,GROUP:N,N,u0,0.02,,3.241590e-11,3.22264e-11,3.261337e-11,-9.674250e-12,1.992500e-11
NOR2_X1,B_r_ZN_f,delay,0,1,1.000000e-11,4.000000e-15,GROUP:P,P,vth,0.010,,3.241590e-11,3.238904e-11,3.244195e-11,-2.645500e-12,-8.100000e-12
NOR2_X1,B_r_ZN_f,delay,0,1,1.000000e-11,4.000000e-15,GROUP:P,P,u0,0.02,,3.241590e-11,3.240955e-11,3.242219e-11,-3.160000e-13,-1.500000e-13
NOR2_X1,B_r_ZN_f,trans,0,1,1.000000e-11,4.000000e-15,M1,N,vth,0.010,2.108185e-02,2.890006e-11,2.890007e-11,2.890005e-11,1.000000e-15,0.000000e+00
NOR2_X1,B_r_ZN_f,trans,0,1,1.000000e-11,4.000000e-15,M1,N,u0,0.02,1.054093e-01,2.890006e-11,2.890006e-11,2.890006e-11,0.000000e+00,0.000000e+00
NOR2_X1,B_r_ZN_f,trans,0,1,1.000000e-11,4.000000e-15,M2,N,vth,0.010,2.108185e-02,2.890006e-11,2.958852e-11,2.824409e-11,6.722150e-11,3.249000e-10
NOR2_X1,B_r_ZN_f,trans,0,1,1.000000e-11,4.000000e-15,M2,N,u0,0.02,1.054093e-01,2.890006e-11,2.869796e-11,2.911078e-11,-1.032050e-11,2.155000e-11
NOR2_X1,B_r_ZN_f,trans,0,1,1.000000e-11,4.000000e-15,M3,P,vth,0.010,9.467293e-03,2.890006e-11,2.890006e-11,2.890006e-11,0.000000e+00,0.000000e+00
NOR2_X1,B_r_ZN_f,trans,0,1,1.000000e-11,4.000000e-15,M3,P,u0,0.02,4.303315e-02,2.890006e-11,2.890006e-11,2.890006e-11,0.000000e+00,0.000000e+00
NOR2_X1,B_r_ZN_f,trans,0,1,1.000000e-11,4.000000e-15,M4,P,vth,0.010,9.467293e-03,2.890006e-11,2.890003e-11,2.890005e-11,-1.000000e-15,-4.000000e-13
NOR2_X1,B_r_ZN_f,trans,0,1,1.000000e-11,4.000000e-15,M4,P,u0,0.02,4.303315e-02,2.890006e-11,2.890006e-11,2.890006e-11,0.000000e+00,0.000000e+00
NOR2_X1,B_r_ZN_f,trans,0,1,1.000000e-11,4.000000e-15,GROUP:N,N,vth,0.010,,2.890006e-11,2.958853e-11,2.824407e-11,6.722300e-11,3.248000e-10
NOR2_X1,B_r_ZN_f,trans,0,1,1.000000e-11,4.000000e-15,GROUP:N,N,u0,0.02,,2.890006e-11,2.869796e-11,2.911078e-11,-1.032050e-11,2.155000e-11
NOR2_X1,B_r_ZN_f,trans,0,1,1.000000e-11,4.000000e-15,GROUP:P,P,vth,0.010,,2.890006e-11,2.890003e-11,2.890006e-11,-1.500000e-15,-3.000000e-13
NOR2_X1,B_r_ZN_f,trans,0,1,1.000000e-11,4.000000e-15,GROUP:P,P,u0,0.02,,2.890006e-11,2.890006e-11,2.890006e-11,0.000000e+00,0.000000e+00
NOR2_X1,B_r_ZN_f,delay,0,2,1.000000e-11,1.200000e-14,M1,N,vth,0.010,2.108185e-02,6.061591e-11,6.061597e-11,6.061584e-11,6.500000e-15,-1.000000e-13
NOR2_X1,B_r_ZN_f,delay,0,2,1.000000e-11,1.200000e-14,M1,N,u0,0.02,1.054093e-01,6.061591e-11,6.061591e-11,6.061592e-11,-2.500000e-16,2.500000e-14
NOR2_X1,B_r_ZN_f,delay,0,2,1.000000e-11,1.200000e-14,M2,N,vth,0.010,2.108185e-02,6.061591e-11,6.21069e-11,5.918879e-11,1.459055e-10,6.387000e-10
NOR2_X1,B_r_ZN_f,delay,0,2,1.000000e-11,1.200000e-14,M2,N,u0,0.02,1.054093e-01,6.061591e-11,6.024438e-11,6.100323e-11,-1.897125e-11,3.947500e-11
NOR2_X1,B_r_ZN_f,delay,0,2,1.000000e-11,1.200000e-14,M3,P,vth,0.010,9.467293e-03,6.061591e-11,6.062209e-11,6.060978e-11,6.155000e-13,5.000000e-13
NOR2_X1,B_r_ZN_f,delay,0,2,1.000000e-11,1.200000e-14,M3,P,u0,0.02,4.303315e-02,6.061591e-11,6.061055e-11,6.062137e-11,-2.705000e-13,2.500000e-13
NOR2_X1,B_r_ZN_f,delay,0,2,1.000000e-11,1.200000e-14,M4,P,vth,0.010,9.467293e-03,6.061591e-11,6.056146e-11,6.067062e-11,-5.458000e-12,2.600000e-12
NOR2_X1,B_r_ZN_f,delay,0,2,1.000000e-11,1.200000e-14,M4,P,u0,0.02,4.303315e-02,6.061591e-11,6.062155e-11,6.061019e-11,2.840000e-13,-2.000000e-13
NOR2_X1,B_r_ZN_f,delay,0,2,1.000000e-11,1.200000e-14,GROUP:N,N,vth,0.010,,6.061591e-11,6.210695e-11,5.918872e-11,1.459115e-10,6.385000e-10
NOR2_X1,B_r_ZN_f,delay,0,2,1.000000e-11,1.200000e-14,GROUP:N,N,u0,0.02,,6.061591e-11,6.024438e-11,6.100323e-11,-1.897125e-11,3.947500e-11
NOR2_X1,B_r_ZN_f,delay,0,2,1.000000e-11,1.200000e-14,GROUP:P,P,vth,0.010,,6.061591e-11,6.056733e-11,6.066417e-11,-4.842000e-12,-3.200000e-12
NOR2_X1,B_r_ZN_f,delay,0,2,1.000000e-11,1.200000e-14,GROUP:P,P,u0,0.02,,6.061591e-11,6.061612e-11,6.061558e-11,1.350000e-14,-3.000000e-13
NOR2_X1,B_r_ZN_f,trans,0,2,1.000000e-11,1.200000e-14,M1,N,vth,0.010,2.108185e-02,6.517973e-11,6.517976e-11,6.517971e-11,2.500000e-15,1.000000e-13
NOR2_X1,B_r_ZN_f,trans,0,2,1.000000e-11,1.200000e-14,M1,N,u0,0.02,1.054093e-01,6.517973e-11,6.517973e-11,6.517974e-11,-2.500000e-16,2.500000e-14
NOR2_X1,B_r_ZN_f,trans,0,2,1.000000e-11,1.200000e-14,M2,N,vth,0.010,2.108185e-02,6.517973e-11,6.673307e-11,6.370015e-11,1.516460e-10,7.376000e-10
NOR2_X1,B_r_ZN_f,trans,0,2,1.000000e-11,1.200000e-14,M2,N,u0,0.02,1.054093e-01,6.517973e-11,6.472394e-11,6.565513e-11,-2.327975e-11,4.902500e-11
NOR2_X1,B_r_ZN_f,trans,0,2,1.000000e-11,1.200000e-14,M3,P,vth,0.010,9.467293e-03,6.517973e-11,6.517974e-11,6.517974e-11,0.000000e+00,2.000000e-13
NOR2_X1,B_r_ZN_f,trans,0,2,1.000000e-11,1.200000e-14,M3,P,u0,0.02,4.303315e-02,6.517973e-11,6.517974e-11,6.517974e-11,0.000000e+00,5.000000e-14
NOR2_X1,B_r_ZN_f,trans,0,2,1.000000e-11,1.200000e-14,M4,P,vth,0.010,9.467293e-03,6.517973e-11,6.517977e-11,6.517984e-11,-3.500000e-15,1.500000e-12
NOR2_X1,B_r_ZN_f,trans,0,2,1.000000e-11,1.200000e-14,M4,P,u0,0.02,4.303315e-02,6.517973e-11,6.517974e-11,6.517974e-11,0.000000e+00,5.000000e-14
NOR2_X1,B_r_ZN_f,trans,0,2,1.000000e-11,1.200000e-14,GROUP:N,N,vth,0.010,,6.517973e-11,6.673309e-11,6.370012e-11,1.516485e-10,7.375000e-10
NOR2_X1,B_r_ZN_f,trans,0,2,1.000000e-11,1.200000e-14,GROUP:N,N,u0,0.02,,6.517973e-11,6.472394e-11,6.565513e-11,-2.327975e-11,4.902500e-11
NOR2_X1,B_r_ZN_f,trans,0,2,1.000000e-11,1.200000e-14,GROUP:P,P,vth,0.010,,6.517973e-11,6.517976e-11,6.517984e-11,-4.000000e-15,1.400000e-12
NOR2_X1,B_r_ZN_f,trans,0,2,1.000000e-11,1.200000e-14,GROUP:P,P,u0,0.02,,6.517973e-11,6.517974e-11,6.517973e-11,2.500000e-16,2.500000e-14
NOR2_X1,B_r_ZN_f,delay,1,0,3.000000e-11,1.000000e-15,M1,N,vth,0.010,2.108185e-02,2.849951e-11,2.849953e-11,2.849949e-11,2.000000e-15,0.000000e+00
NOR2_X1,B_r_ZN_f,delay,1,0,3.000000e-11,1.000000e-15,M1,N,u0,0.02,1.054093e-01,2.849951e-11,2.849951e-11,2.849952e-11,-2.500000e-16,2.500000e-14
NOR2_X1,B_r_ZN_f,delay,1,0,3.000000e-11,1.000000e-15,M2,N,vth,0.010,2.108185e-02,2.849951e-11,2.912494e-11,2.789202e-11,6.164600e-11,1.794000e-10
NOR2_X1,B_r_ZN_f,delay,1,0,3.000000e-11,1.000000e-15,M2,N,u0,0.02,1.054093e-01,2.849951e-11,2.837521e-11,2.862868e-11,-6.336750e-12,1.217500e-11
NOR2_X1,B_r_ZN_f,delay,1,0,3.000000e-11,1.000000e-15,M3,P,vth,0.010,9.467293e-03,2.849951e-11,2.851142e-11,2.848784e-11,1.179000e-12,2.400000e-12
NOR2_X1,B_r_ZN_f,delay,1,0,3.000000e-11,1.000000e-15,M3,P,u0,0.02,4.303315e-02,2.849951e-11,2.848951e-11,2.85098e-11,-5.072500e-13,7.250000e-13
NOR2_X1,B_r_ZN_f,delay,1,0,3.000000e-11,1.000000e-15,M4,P,vth,0.010,9.467293e-03,2.849951e-11,2.850098e-11,2.849944e-11,7.700000e-14,1.400000e-11
NOR2_X1,B_r_ZN_f,delay,1,0,3.000000e-11,1.000000e-15,M4,P,u0,0.02,4.303315e-02,2.849951e-11,2.848968e-11,2.850962e-11,-4.985000e-13,7.000000e-13
NOR2_X1,B_r_ZN_f,delay,1,0,3.000000e-11,1.000000e-15,GROUP:N,N,vth,0.010,,2.849951e-11,2.912496e-11,2.789199e-11,6.164850e-11,1.793000e-10
NOR2_X1,B_r_ZN_f,delay,1,0,3.000000e-11,1.000000e-15,GROUP:N,N,u0,0.02,,2.849951e-11,2.837521e-11,2.862868e-11,-6.336750e-12,1.217500e-11
NOR2_X1,B_r_ZN_f,delay,1,0,3.000000e-11,1.000000e-15,GROUP:P,P,vth,0.010,,2.849951e-11,2.851244e-11,2.848733e-11,1.255500e-12,7.500000e-12
NOR2_X1,B_r_ZN_f,delay,1,0,3.000000e-11,1.000000e-15,GROUP:P,P,u0,0.02,,2.849951e-11,2.847959e-11,2.851981e-11,-1.005500e-12,9.500000e-13
NOR2_X1,B_r_ZN_f,trans,1,0,3.000000e-11,1.000000e-15,M1,N,vth,0.010,2.108185e-02,1.602223e-11,1.602223e-11,1.602223e-11,0.000000e+00,0.000000e+00
NOR2_X1,B_r_ZN_f,trans,1,0,3.000000e-11,1.000000e-15,M1,N,u0,0.02,1.054093e-01,1.602223e-11,1.602223e-11,1.602223e-11,0.000000e+00,0.000000e+00
NOR2_X1,B_r_ZN_f,trans,1,0,3.000000e-11,1.000000e-15,M2,N,vth,0.010,2.108185e-02,1.602223e-11,1.626036e-11,1.580848e-11,2.259400e-11,2.438000e-10
NOR2_X1,B_r_ZN_f,trans,1,0,3.000000e-11,1.000000e-15,M2,N,u0,0.02,1.054093e-01,1.602223e-11,1.593824e-11,1.611044e-11,-4.305000e-12,1.055000e-11
NOR2_X1,B_r_ZN_f,trans,1,0,3.000000e-11,1.000000e-15,M3,P,vth,0.010,9.467293e-03,1.602223e-11,1.601816e-11,1.60262e-11,-4.020000e-13,-1.000000e-12
NOR2_X1,B_r_ZN_f,trans,1,0,3.000000e-11,1.000000e-15,M3,P,u0,0.02,4.303315e-02,1.602223e-11,1.602563e-11,1.601871e-11,1.730000e-13,-3.000000e-13
NOR2_X1,B_r_ZN_f,trans,1,0,3.000000e-11,1.000000e-15,M4,P,vth,0.010,9.467293e-03,1.602223e-11,1.602171e-11,1.602228e-11,-2.850000e-14,-4.700000e-12
NOR2_X1,B_r_ZN_f,trans,1,0,3.000000e-11,1.000000e-15,M4,P,u0,0.02,4.303315e-02,1.602223e-11,1.602558e-11,1.601877e-11,1.702500e-13,-2.750000e-13
NOR2_X1,B_r_ZN_f,trans,1,0,3.000000e-11,1.000000e-15,GROUP:N,N,vth,0.010,,1.602223e-11,1.626036e-11,1.580848e-11,2.259400e-11,2.438000e-10
NOR2_X1,B_r_ZN_f,trans,1,0,3.000000e-11,1.000000e-15,GROUP:N,N,u0,0.02,,1.602223e-11,1.593824e-11,1.611044e-11,-4.305000e-12,1.055000e-11
NOR2_X1,B_r_ZN_f,trans,1,0,3.000000e-11,1.000000e-15,GROUP:P,P,vth,0.010,,1.602223e-11,1.601779e-11,1.60264e-11,-4.305000e-13,-2.700000e-12
NOR2_X1,B_r_ZN_f,trans,1,0,3.000000e-11,1.000000e-15,GROUP:P,P,u0,0.02,,1.602223e-11,1.602906e-11,1.601528e-11,3.445000e-13,-3.000000e-13
NOR2_X1,B_r_ZN_f,delay,1,1,3.000000e-11,4.000000e-15,M1,N,vth,0.010,2.108185e-02,3.969212e-11,3.969215e-11,3.969208e-11,3.500000e-15,-1.000000e-13
NOR2_X1,B_r_ZN_f,delay,1,1,3.000000e-11,4.000000e-15,M1,N,u0,0.02,1.054093e-01,3.969212e-11,3.969212e-11,3.969213e-11,-2.500000e-16,2.500000e-14
NOR2_X1,B_r_ZN_f,delay,1,1,3.000000e-11,4.000000e-15,M2,N,vth,0.010,2.108185e-02,3.969212e-11,4.0613e-11,3.880205e-11,9.054750e-11,3.081000e-10
NOR2_X1,B_r_ZN_f,delay,1,1,3.000000e-11,4.000000e-15,M2,N,u0,0.02,1.054093e-01,3.969212e-11,3.949377e-11,3.989852e-11,-1.011875e-11,2.012500e-11
NOR2_X1,B_r_ZN_f,delay,1,1,3.000000e-11,4.000000e-15,M3,P,vth,0.010,9.467293e-03,3.969212e-11,3.970557e-11,3.967891e-11,1.333000e-12,2.400000e-12
NOR2_X1,B_r_ZN_f,delay,1,1,3.000000e-11,4.000000e-15,M3,P,u0,0.02,4.303315e-02,3.969212e-11,3.968086e-11,3.970368e-11,-5.705000e-13,7.500000e-13
NOR2_X1,B_r_ZN_f,delay,1,1,3.000000e-11,4.000000e-15,M4,P,vth,0.010,9.467293e-03,3.969212e-11,3.968359e-11,3.970107e-11,-8.740000e-13,4.200000e-12
NOR2_X1,B_r_ZN_f,delay,1,1,3.000000e-11,4.000000e-15,M4,P,u0,0.02,4.303315e-02,3.969212e-11,3.968451e-11,3.969989e-11,-3.845000e-13,4.000000e-13
NOR2_X1,B_r_ZN_f,delay,1,1,3.000000e-11,4.000000e-15,GROUP:N,N,vth,0.010,,3.969212e-11,4.061303e-11,3.880201e-11,9.055100e-11,3.080000e-10
NOR2_X1,B_r_ZN_f,delay,1,1,3.000000e-11,4.000000e-15,GROUP:N,N,u0,0.02,,3.969212e-11,3.949377e-11,3.989852e-11,-1.011875e-11,2.012500e-11
NOR2_X1,B_r_ZN_f,delay,1,1,3.000000e-11,4.000000e-15,GROUP:P,P,vth,0.010,,3.969212e-11,3.969651e-11,3.968734e-11,4.585000e-13,-3.900000e-12
NOR2_X1,B_r_ZN_f,delay,1,1,3.000000e-11,4.000000e-15,GROUP:P,P,u0,0.02,,3.969212e-11,3.967313e-11,3.971133e-11,-9.550000e-13,5.500000e-13
NOR2_X1,B_r_ZN_f,trans,1,1,3.000000e-11,4.000000e-15,M1,N,vth,0.010,2.108185e-02,2.889999e-11,2.89e-11,2.889997e-11,1.500000e-15,-1.000000e-13
NOR2_X1,B_r_ZN_f,trans,1,1,3.000000e-11,4.000000e-15,M1,N,u0,0.02,1.054093e-01,2.889999e-11,2.889998e-11,2.889999e-11,-2.500000e-16,-2.500000e-14
NOR2_X1,B_r_ZN_f,trans,1,1,3.000000e-11,4.000000e-15,M2,N,vth,0.010,2.108185e-02,2.889999e-11,2.958851e-11,2.824412e-11,6.721950e-11,3.265000e-10
NOR2_X1,B_r_ZN_f,trans,1,1,3.000000e-11,4.000000e-15,M2,N,u0,0.02,1.054093e-01,2.889999e-11,2.869797e-11,2.911068e-11,-1.031775e-11,2.167500e-11
NOR2_X1,B_r_ZN_f,trans,1,1,3.000000e-11,4.000000e-15,M3,P,vth,0.010,9.467293e-03,2.889999e-11,2.890002e-11,2.889994e-11,4.000000e-15,-2.000000e-13
NOR2_X1,B_r_ZN_f,trans,1,1,3.000000e-11,4.000000e-15,M3,P,u0,0.02,4.303315e-02,2.889999e-11,2.889995e-11,2.890001e-11,-1.500000e-15,-5.000000e-14
NOR2_X1,B_r_ZN_f,trans,1,1,3.000000e-11,4.000000e-15,M4,P,vth,0.010,9.467293e-03,2.889999e-11,2.889995e-11,2.890002e-11,-3.500000e-15,-1.000000e-13
NOR2_X1,B_r_ZN_f,trans,1,1,3.000000e-11,4.000000e-15,M4,P,u0,0.02,4.303315e-02,2.889999e-11,2.889996e-11,2.89e-11,-1.000000e-15,-5.000000e-14
NOR2_X1,B_r_ZN_f,trans,1,1,3.000000e-11,4.000000e-15,GROUP:N,N,vth,0.010,,2.889999e-11,2.958852e-11,2.824411e-11,6.722050e-11,3.265000e-10
NOR2_X1,B_r_ZN_f,trans,1,1,3.000000e-11,4.000000e-15,GROUP:N,N,u0,0.02,,2.889999e-11,2.869797e-11,2.911068e-11,-1.031775e-11,2.167500e-11
NOR2_X1,B_r_ZN_f,trans,1,1,3.000000e-11,4.000000e-15,GROUP:P,P,vth,0.010,,2.889999e-11,2.889999e-11,2.889998e-11,5.000000e-16,-1.000000e-13
NOR2_X1,B_r_ZN_f,trans,1,1,3.000000e-11,4.000000e-15,GROUP:P,P,u0,0.02,,2.889999e-11,2.889992e-11,2.890003e-11,-2.750000e-15,-7.500000e-14
NOR2_X1,B_r_ZN_f,delay,1,2,3.000000e-11,1.200000e-14,M1,N,vth,0.010,2.108185e-02,6.828945e-11,6.828951e-11,6.828938e-11,6.500000e-15,-1.000000e-13
NOR2_X1,B_r_ZN_f,delay,1,2,3.000000e-11,1.200000e-14,M1,N,u0,0.02,1.054093e-01,6.828945e-11,6.828945e-11,6.828946e-11,-2.500000e-16,2.500000e-14
NOR2_X1,B_r_ZN_f,delay,1,2,3.000000e-11,1.200000e-14,M2,N,vth,0.010,2.108185e-02,6.828945e-11,6.993649e-11,6.670561e-11,1.615440e-10,6.320000e-10
NOR2_X1,B_r_ZN_f,delay,1,2,3.000000e-11,1.200000e-14,M2,N,u0,0.02,1.054093e-01,6.828945e-11,6.790536e-11,6.868952e-11,-1.960400e-11,3.995000e-11
NOR2_X1,B_r_ZN_f,delay,1,2,3.000000e-11,1.200000e-14,M3,P,vth,0.010,9.467293e-03,6.828945e-11,6.830303e-11,6.827609e-11,1.347000e-12,2.200000e-12
NOR2_X1,B_r_ZN_f,delay,1,2,3.000000e-11,1.200000e-14,M3,P,u0,0.02,4.303315e-02,6.828945e-11,6.827813e-11,6.830105e-11,-5.730000e-13,7.000000e-13
NOR2_X1,B_r_ZN_f,delay,1,2,3.000000e-11,1.200000e-14,M4,P,vth,0.010,9.467293e-03,6.828945e-11,6.825394e-11,6.832486e-11,-3.546000e-12,-1.000000e-12
NOR2_X1,B_r_ZN_f,delay,1,2,3.000000e-11,1.200000e-14,M4,P,u0,0.02,4.303315e-02,6.828945e-11,6.828969e-11,6.828918e-11,1.275000e-14,-7.500000e-14
NOR2_X1,B_r_ZN_f,delay,1,2,3.000000e-11,1.200000e-14,GROUP:N,N,vth,0.010,,6.828945e-11,6.993655e-11,6.670554e-11,1.615505e-10,6.319000e-10
NOR2_X1,B_r_ZN_f,delay,1,2,3.000000e-11,1.200000e-14,GROUP:N,N,u0,0.02,,6.828945e-11,6.790536e-11,6.868952e-11,-1.960400e-11,3.995000e-11
NOR2_X1,B_r_ZN_f,delay,1,2,3.000000e-11,1.200000e-14,GROUP:P,P,vth,0.010,,6.828945e-11,6.826697e-11,6.831096e-11,-2.199500e-12,-9.700000e-12
NOR2_X1,B_r_ZN_f,delay,1,2,3.000000e-11,1.200000e-14,GROUP:P,P,u0,0.02,,6.828945e-11,6.827824e-11,6.830065e-11,-5.602500e-13,-2.500000e-14
NOR2_X1,B_r_ZN_f,trans,1,2,3.000000e-11,1.200000e-14,M1,N,vth,0.010,2.108185e-02,6.517974e-11,6.517976e-11,6.517971e-11,2.500000e-15,-1.000000e-13
NOR2_X1,B_r_ZN_f,trans,1,2,3.000000e-11,1.200000e-14,M1,N,u0,0.02,1.054093e-01,6.517974e-11,6.517974e-11,6.517974e-11,0.000000e+00,0.000000e+00
NOR2_X1,B_r_ZN_f,trans,1,2,3.000000e-11,1.200000e-14,M2,N,vth,0.010,2.108185e-02,6.517974e-11,6.673307e-11,6.370016e-11,1.516455e-10,7.375000e-10
NOR2_X1,B_r_ZN_f,trans,1,2,3.000000e-11,1.200000e-14,M2,N,u0,0.02,1.054093e-01,6.517974e-11,6.472394e-11,6.565512e-11,-2.327950e-11,4.895000e-11
NOR2_X1,B_r_ZN_f,trans,1,2,3.000000e-11,1.200000e-14,M3,P,vth,0.010,9.467293e-03,6.517974e-11,6.517976e-11,6.517975e-11,5.000000e-16,3.000000e-13
NOR2_X1,B_r_ZN_f,trans,1,2,3.000000e-11,1.200000e-14,M3,P,u0,0.02,4.303315e-02,6.517974e-11,6.517974e-11,6.517976e-11,-5.000000e-16,5.000000e-14
NOR2_X1,B_r_ZN_f,trans,1,2,3.000000e-11,1.200000e-14,M4,P,vth,0.010,9.467293e-03,6.517974e-11,6.517974e-11,6.517983e-11,-4.500000e-15,9.000000e-13
NOR2_X1,B_r_ZN_f,trans,1,2,3.000000e-11,1.200000e-14,M4,P,u0,0.02,4.303315e-02,6.517974e-11,6.517974e-11,6.517974e-11,0.000000e+00,0.000000e+00
NOR2_X1,B_r_ZN_f,trans,1,2,3.000000e-11,1.200000e-14,GROUP:N,N,vth,0.010,,6.517974e-11,6.673309e-11,6.370013e-11,1.516480e-10,7.374000e-10
NOR2_X1,B_r_ZN_f,trans,1,2,3.000000e-11,1.200000e-14,GROUP:N,N,u0,0.02,,6.517974e-11,6.472394e-11,6.565512e-11,-2.327950e-11,4.895000e-11
NOR2_X1,B_r_ZN_f,trans,1,2,3.000000e-11,1.200000e-14,GROUP:P,P,vth,0.010,,6.517974e-11,6.517973e-11,6.517981e-11,-4.000000e-15,6.000000e-13
NOR2_X1,B_r_ZN_f,trans,1,2,3.000000e-11,1.200000e-14,GROUP:P,P,u0,0.02,,6.517974e-11,6.517975e-11,6.517976e-11,-2.500000e-16,7.500000e-14
NOR2_X1,B_r_ZN_f,delay,2,0,8.000000e-11,1.000000e-15,M1,N,vth,0.010,2.108185e-02,4.340365e-11,4.340369e-11,4.34036e-11,4.500000e-15,-1.000000e-13
NOR2_X1,B_r_ZN_f,delay,2,0,8.000000e-11,1.000000e-15,M1,N,u0,0.02,1.054093e-01,4.340365e-11,4.340365e-11,4.340366e-11,-2.500000e-16,2.500000e-14
NOR2_X1,B_r_ZN_f,delay,2,0,8.000000e-11,1.000000e-15,M2,N,vth,0.010,2.108185e-02,4.340365e-11,4.481757e-11,4.19985e-11,1.409535e-10,8.770000e-11
NOR2_X1,B_r_ZN_f,delay,2,0,8.000000e-11,1.000000e-15,M2,N,u0,0.02,1.054093e-01,4.340365e-11,4.3179e-11,4.363556e-11,-1.141400e-11,1.815000e-11
NOR2_X1,B_r_ZN_f,delay,2,0,8.000000e-11,1.000000e-15,M3,P,vth,0.010,9.467293e-03,4.340365e-11,4.341979e-11,4.338804e-11,1.587500e-12,5.300000e-12
NOR2_X1,B_r_ZN_f,delay,2,0,8.000000e-11,1.000000e-15,M3,P,u0,0.02,4.303315e-02,4.340365e-11,4.339051e-11,4.341731e-11,-6.700000e-13,1.300000e-12
NOR2_X1,B_r_ZN_f,delay,2,0,8.000000e-11,1.000000e-15,M4,P,vth,0.010,9.467293e-03,4.340365e-11,4.33611e-11,4.34545e-11,-4.670000e-12,8.300000e-11
NOR2_X1,B_r_ZN_f,delay,2,0,8.000000e-11,1.000000e-15,M4,P,u0,0.02,4.303315e-02,4.340365e-11,4.339711e-11,4.341058e-11,-3.367500e-13,9.750000e-13
NOR2_X1,B_r_ZN_f,delay,2,0,8.000000e-11,1.000000e-15,GROUP:N,N,vth,0.010,,4.340365e-11,4.481762e-11,4.199844e-11,1.409590e-10,8.760000e-11
NOR2_X1,B_r_ZN_f,delay,2,0,8.000000e-11,1.000000e-15,GROUP:N,N,u0,0.02,,4.340365e-11,4.3179e-11,4.363557e-11,-1.141425e-11,1.817500e-11
NOR2_X1,B_r_ZN_f,delay,2,0,8.000000e-11,1.000000e-15,GROUP:P,P,vth,0.010,,4.340365e-11,4.337687e-11,4.343854e-11,-3.083500e-12,8.110000e-11
NOR2_X1,B_r_ZN_f,delay,2,0,8.000000e-11,1.000000e-15,GROUP:P,P,u0,0.02,,4.340365e-11,4.338391e-11,4.342418e-11,-1.006750e-12,1.975000e-12
NOR2_X1,B_r_ZN_f,trans,2,0,8.000000e-11,1.000000e-15,M1,N,vth,0.010,2.108185e-02,2.594694e-11,2.594693e-11,2.594696e-11,-1.500000e-15,1.000000e-13
NOR2_X1,B_r_ZN_f,trans,2,0,8.000000e-11,1.000000e-15,M1,N,u0,0.02,1.054093e-01,2.594694e-11,2.594695e-11,2.594694e-11,2.500000e-16,2.500000e-14
NOR2_X1,B_r_ZN_f,trans,2,0,8.000000e-11,1.000000e-15,M2,N,vth,0.010,2.108185e-02,2.594694e-11,2.60133e-11,2.587672e-11,6.829000e-12,-3.860000e-11
NOR2_X1,B_r_ZN_f,trans,2,0,8.000000e-11,1.000000e-15,M2,N,u0,0.02,1.054093e-01,2.594694e-11,2.587502e-11,2.602212e-11,-3.677500e-12,8.150000e-12
NOR2_X1,B_r_ZN_f,trans,2,0,8.000000e-11,1.000000e-15,M3,P,vth,0.010,9.467293e-03,2.594694e-11,2.593395e-11,2.595955e-11,-1.280000e-12,-3.800000e-12
NOR2_X1,B_r_ZN_f,trans,2,0,8.000000e-11,1.000000e-15,M3,P,u0,0.02,4.303315e-02,2.594694e-11,2.595755e-11,2.593595e-11,5.400000e-13,-9.500000e-13
NOR2_X1,B_r_ZN_f,trans,2,0,8.000000e-11,1.000000e-15,M4,P,vth,0.010,9.467293e-03,2.594694e-11,2.597649e-11,2.591204e-11,3.222500e-12,-5.350000e-11
NOR2_X1,B_r_ZN_f,trans,2,0,8.000000e-11,1.000000e-15,M4,P,u0,0.02,4.303315e-02,2.594694e-11,2.595267e-11,2.594091e-11,2.940000e-13,-7.500000e-13
NOR2_X1,B_r_ZN_f,trans,2,0,8.000000e-11,1.000000e-15,GROUP:N,N,vth,0.010,,2.594694e-11,2.601329e-11,2.587674e-11,6.827500e-12,-3.850000e-11
NOR2_X1,B_r_ZN_f,trans,2,0,8.000000e-11,1.000000e-15,GROUP:N,N,u0,0.02,,2.594694e-11,2.587503e-11,2.602212e-11,-3.677250e-12,8.175000e-12
NOR2_X1,B_r_ZN_f,trans,2,0,8.000000e-11,1.000000e-15,GROUP:P,P,vth,0.010,,2.594694e-11,2.59637e-11,2.592493e-11,1.938500e-12,-5.250000e-11
NOR2_X1,B_r_ZN_f,trans,2,0,8.000000e-11,1.000000e-15,GROUP:P,P,u0,0.02,,2.594694e-11,2.596337e-11,2.592996e-11,8.352500e-13,-1.375000e-12
NOR2_X1,B_r_ZN_f,delay,2,1,8.000000e-11,4.000000e-15,M1,N,vth,0.010,2.108185e-02,5.819326e-11,5.819331e-11,5.81932e-11,5.500000e-15,-1.000000e-13
NOR2_X1,B_r_ZN_f,delay,2,1,8.000000e-11,4.000000e-15,M1,N,u0,0.02,1.054093e-01,5.819326e-11,5.819326e-11,5.819327e-11,-2.500000e-16,2.500000e-14
NOR2_X1,B_r_ZN_f,delay,2,1,8.000000e-11,4.000000e-15,M2,N,vth,0.010,2.108185e-02,5.819326e-11,5.966912e-11,5.672333e-11,1.472895e-10,5.930000e-11
NOR2_X1,B_r_ZN_f,delay,2,1,8.000000e-11,4.000000e-15,M2,N,u0,0.02,1.054093e-01,5.819326e-11,5.792997e-11,5.846521e-11,-1.338100e-11,2.165000e-11
NOR2_X1,B_r_ZN_f,delay,2,1,8.000000e-11,4.000000e-15,M3,P,vth,0.010,9.467293e-03,5.819326e-11,5.820979e-11,5.817717e-11,1.631000e-12,4.400000e-12
NOR2_X1,B_r_ZN_f,delay,2,1,8.000000e-11,4.000000e-15,M3,P,u0,0.02,4.303315e-02,5.819326e-11,5.817973e-11,5.820723e-11,-6.875000e-13,1.100000e-12
NOR2_X1,B_r_ZN_f,delay,2,1,8.000000e-11,4.000000e-15,M4,P,vth,0.010,9.467293e-03,5.819326e-11,5.817725e-11,5.821379e-11,-1.827000e-12,4.520000e-11
NOR2_X1,B_r_ZN_f,delay,2,1,8.000000e-11,4.000000e-15,M4,P,u0,0.02,4.303315e-02,5.819326e-11,5.818422e-11,5.820261e-11,-4.597500e-13,7.750000e-13
NOR2_X1,B_r_ZN_f,delay,2,1,8.000000e-11,4.000000e-15,GROUP:N,N,vth,0.010,,5.819326e-11,5.966917e-11,5.672327e-11,1.472950e-10,5.920000e-11
NOR2_X1,B_r_ZN_f,delay,2,1,8.000000e-11,4.000000e-15,GROUP:N,N,u0,0.02,,5.819326e-11,5.792996e-11,5.846521e-11,-1.338125e-11,2.162500e-11
NOR2_X1,B_r_ZN_f,delay,2,1,8.000000e-11,4.000000e-15,GROUP:P,P,vth,0.010,,5.819326e-11,5.819339e-11,5.819733e-11,-1.970000e-13,4.200000e-11
NOR2_X1,B_r_ZN_f,delay,2,1,8.000000e-11,4.000000e-15,GROUP:P,P,u0,0.02,,5.819326e-11,5.817061e-11,5.821649e-11,-1.147000e-12,1.450000e-12
NOR2_X1,B_r_ZN_f,trans,2,1,8.000000e-11,4.000000e-15,M1,N,vth,0.010,2.108185e-02,3.582915e-11,3.582913e-11,3.582917e-11,-2.000000e-15,0.000000e+00
NOR2_X1,B_r_ZN_f,trans,2,1,8.000000e-11,4.000000e-15,M1,N,u0,0.02,1.054093e-01,3.582915e-11,3.582915e-11,3.582915e-11,0.000000e+00,0.000000e+00
NOR2_X1,B_r_ZN_f,trans,2,1,8.000000e-11,4.000000e-15,M2,N,vth,0.010,2.108185e-02,3.582915e-11,3.600741e-11,3.56855e-11,1.609550e-11,3.461000e-10
NOR2_X1,B_r_ZN_f,trans,2,1,8.000000e-11,4.000000e-15,M2,N,u0,0.02,1.054093e-01,3.582915e-11,3.570846e-11,3.595609e-11,-6.190750e-12,1.562500e-11
NOR2_X1,B_r_ZN_f,trans,2,1,8.000000e-11,4.000000e-15,M3,P,vth,0.010,9.467293e-03,3.582915e-11,3.581698e-11,3.584096e-11,-1.199000e-12,-3.600000e-12
NOR2_X1,B_r_ZN_f,trans,2,1,8.000000e-11,4.000000e-15,M3,P,u0,0.02,4.303315e-02,3.582915e-11,3.583908e-11,3.581886e-11,5.055000e-13,-9.000000e-13
NOR2_X1,B_r_ZN_f,trans,2,1,8.000000e-11,4.000000e-15,M4,P,vth,0.010,9.467293e-03,3.582915e-11,3.584023e-11,3.58149e-11,1.266500e-12,-3.170000e-11
NOR2_X1,B_r_ZN_f,trans,2,1,8.000000e-11,4.000000e-15,M4,P,u0,0.02,4.303315e-02,3.582915e-11,3.583585e-11,3.58222e-11,3.412500e-13,-6.250000e-13
NOR2_X1,B_r_ZN_f,trans,2,1,8.000000e-11,4.000000e-15,GROUP:N,N,vth,0.010,,3.582915e-11,3.60074e-11,3.568552e-11,1.609400e-11,3.462000e-10
NOR2_X1,B_r_ZN_f,trans,2,1,8.000000e-11,4.000000e-15,GROUP:N,N,u0,0.02,,3.582915e-11,3.570846e-11,3.595609e-11,-6.190750e-12,1.562500e-11
NOR2_X1,B_r_ZN_f,trans,2,1,8.000000e-11,4.000000e-15,GROUP:P,P,vth,0.010,,3.582915e-11,3.582838e-11,3.582702e-11,6.800000e-14,-2.900000e-11
NOR2_X1,B_r_ZN_f,trans,2,1,8.000000e-11,4.000000e-15,GROUP:P,P,u0,0.02,,3.582915e-11,3.584584e-11,3.5812e-11,8.460000e-13,-1.150000e-12
NOR2_X1,B_r_ZN_f,delay,2,2,8.000000e-11,1.200000e-14,M1,N,vth,0.010,2.108185e-02,8.748795e-11,8.748802e-11,8.748787e-11,7.500000e-15,-1.000000e-13
NOR2_X1,B_r_ZN_f,delay,2,2,8.000000e-11,1.200000e-14,M1,N,u0,0.02,1.054093e-01,8.748795e-11,8.748795e-11,8.748796e-11,-2.500000e-16,2.500000e-14
NOR2_X1,B_r_ZN_f,delay,2,2,8.000000e-11,1.200000e-14,M2,N,vth,0.010,2.108185e-02,8.748795e-11,8.950852e-11,8.552906e-11,1.989730e-10,6.168000e-10
NOR2_X1,B_r_ZN_f,delay,2,2,8.000000e-11,1.200000e-14,M2,N,u0,0.02,1.054093e-01,8.748795e-11,8.707498e-11,8.791729e-11,-2.105775e-11,4.092500e-11
NOR2_X1,B_r_ZN_f,delay,2,2,8.000000e-11,1.200000e-14,M3,P,vth,0.010,9.467293e-03,8.748795e-11,8.750563e-11,8.74707e-11,1.746500e-12,4.300000e-12
NOR2_X1,B_r_ZN_f,delay,2,2,8.000000e-11,1.200000e-14,M3,P,u0,0.02,4.303315e-02,8.748795e-11,8.747349e-11,8.750285e-11,-7.340000e-13,1.100000e-12
NOR2_X1,B_r_ZN_f,delay,2,2,8.000000e-11,1.200000e-14,M4,P,vth,0.010,9.467293e-03,8.748795e-11,8.747141e-11,8.750625e-11,-1.742000e-12,1.760000e-11
NOR2_X1,B_r_ZN_f,delay,2,2,8.000000e-11,1.200000e-14,M4,P,u0,0.02,4.303315e-02,8.748795e-11,8.748129e-11,8.749476e-11,-3.367500e-13,3.750000e-13
NOR2_X1,B_r_ZN_f,delay,2,2,8.000000e-11,1.200000e-14,GROUP:N,N,vth,0.010,,8.748795e-11,8.950859e-11,8.552898e-11,1.989805e-10,6.167000e-10
NOR2_X1,B_r_ZN_f,delay,2,2,8.000000e-11,1.200000e-14,GROUP:N,N,u0,0.02,,8.748795e-11,8.707497e-11,8.791729e-11,-2.105800e-11,4.090000e-11
NOR2_X1,B_r_ZN_f,delay,2,2,8.000000e-11,1.200000e-14,GROUP:P,P,vth,0.010,,8.748795e-11,8.748853e-11,8.748845e-11,4.000000e-15,1.080000e-11
NOR2_X1,B_r_ZN_f,delay,2,2,8.000000e-11,1.200000e-14,GROUP:P,P,u0,0.02,,8.748795e-11,8.746671e-11,8.750952e-11,-1.070250e-12,8.250000e-13
NOR2_X1,B_r_ZN_f,trans,2,2,8.000000e-11,1.200000e-14,M1,N,vth,0.010,2.108185e-02,6.636774e-11,6.636775e-11,6.636773e-11,1.000000e-15,0.000000e+00
NOR2_X1,B_r_ZN_f,trans,2,2,8.000000e-11,1.200000e-14,M1,N,u0,0.02,1.054093e-01,6.636774e-11,6.636774e-11,6.636774e-11,0.000000e+00,0.000000e+00
NOR2_X1,B_r_ZN_f,trans,2,2,8.000000e-11,1.200000e-14,M2,N,vth,0.010,2.108185e-02,6.636774e-11,6.766857e-11,6.516284e-11,1.252865e-10,9.593000e-10
NOR2_X1,B_r_ZN_f,trans,2,2,8.000000e-11,1.200000e-14,M2,N,u0,0.02,1.054093e-01,6.636774e-11,6.595873e-11,6.679565e-11,-2.092300e-11,4.725000e-11
NOR2_X1,B_r_ZN_f,trans,2,2,8.000000e-11,1.200000e-14,M3,P,vth,0.010,9.467293e-03,6.636774e-11,6.63635e-11,6.637193e-11,-4.215000e-13,-5.000000e-13
NOR2_X1,B_r_ZN_f,trans,2,2,8.000000e-11,1.200000e-14,M3,P,u0,0.02,4.303315e-02,6.636774e-11,6.637125e-11,6.636417e-11,1.770000e-13,-1.500000e-13
NOR2_X1,B_r_ZN_f,trans,2,2,8.000000e-11,1.200000e-14,M4,P,vth,0.010,9.467293e-03,6.636774e-11,6.637171e-11,6.636341e-11,4.150000e-13,-3.600000e-12
NOR2_X1,B_r_ZN_f,trans,2,2,8.000000e-11,1.200000e-14,M4,P,u0,0.02,4.303315e-02,6.636774e-11,6.636936e-11,6.636611e-11,8.125000e-14,-2.500000e-14
NOR2_X1,B_r_ZN_f,trans,2,2,8.000000e-11,1.200000e-14,GROUP:N,N,vth,0.010,,6.636774e-11,6.766858e-11,6.516283e-11,1.252875e-10,9.593000e-10
NOR2_X1,B_r_ZN_f,trans,2,2,8.000000e-11,1.200000e-14,GROUP:N,N,u0,0.02,,6.636774e-11,6.595872e-11,6.679565e-11,-2.092325e-11,4.722500e-11
NOR2_X1,B_r_ZN_f,trans,2,2,8.000000e-11,1.200000e-14,GROUP:P,P,vth,0.010,,6.636774e-11,6.636756e-11,6.636768e-11,-6.000000e-15,-2.400000e-12
NOR2_X1,B_r_ZN_f,trans,2,2,8.000000e-11,1.200000e-14,GROUP:P,P,u0,0.02,,6.636774e-11,6.637291e-11,6.636257e-11,2.585000e-13,0.000000e+00
NOR2_X1,B_f_ZN_r,delay,0,0,1.000000e-11,1.000000e-15,M1,N,vth,0.010,2.108185e-02,2.487202e-11,2.487202e-11,2.487201e-11,5.000000e-16,-1.000000e-13
NOR2_X1,B_f_ZN_r,delay,0,0,1.000000e-11,1.000000e-15,M1,N,u0,0.02,1.054093e-01,2.487202e-11,2.487202e-11,2.487202e-11,0.000000e+00,0.000000e+00
NOR2_X1,B_f_ZN_r,delay,0,0,1.000000e-11,1.000000e-15,M2,N,vth,0.010,2.108185e-02,2.487202e-11,2.489992e-11,2.484365e-11,2.813500e-12,-4.700000e-12
NOR2_X1,B_f_ZN_r,delay,0,0,1.000000e-11,1.000000e-15,M2,N,u0,0.02,1.054093e-01,2.487202e-11,2.486437e-11,2.487982e-11,-3.862500e-13,3.750000e-13
NOR2_X1,B_f_ZN_r,delay,0,0,1.000000e-11,1.000000e-15,M3,P,vth,0.010,9.467293e-03,2.487202e-11,2.509144e-11,2.466149e-11,2.149750e-11,8.890000e-11
NOR2_X1,B_f_ZN_r,delay,0,0,1.000000e-11,1.000000e-15,M3,P,u0,0.02,4.303315e-02,2.487202e-11,2.472328e-11,2.502621e-11,-7.573250e-12,1.362500e-11
NOR2_X1,B_f_ZN_r,delay,0,0,1.000000e-11,1.000000e-15,M4,P,vth,0.010,9.467293e-03,2.487202e-11,2.550598e-11,2.426137e-11,6.223050e-11,2.331000e-10
NOR2_X1,B_f_ZN_r,delay,0,0,1.000000e-11,1.000000e-15,M4,P,u0,0.02,4.303315e-02,2.487202e-11,2.465443e-11,2.50975e-11,-1.107675e-11,1.972500e-11
NOR2_X1,B_f_ZN_r,delay,0,0,1.000000e-11,1.000000e-15,GROUP:N,N,vth,0.010,,2.487202e-11,2.489992e-11,2.484365e-11,2.813500e-12,-4.700000e-12
NOR2_X1,B_f_ZN_r,delay,0,0,1.000000e-11,1.000000e-15,GROUP:N,N,u0,0.02,,2.487202e-11,2.486437e-11,2.487982e-11,-3.862500e-13,3.750000e-13
NOR2_X1,B_f_ZN_r,delay,0,0,1.000000e-11,1.000000e-15,GROUP:P,P,vth,0.010,,2.487202e-11,2.57302e-11,2.405533e-11,8.374350e-11,4.149000e-10
NOR2_X1,B_f_ZN_r,delay,0,0,1.000000e-11,1.000000e-15,GROUP:P,P,u0,0.02,,2.487202e-11,2.450649e-11,2.525254e-11,-1.865125e-11,3.747500e-11
NOR2_X1,B_f_ZN_r,trans,0,0,1.000000e-11,1.000000e-15,M1,N,vth,0.010,2.108185e-02,2.720957e-11,2.720955e-11,2.720959e-11,-2.000000e-15,3.231174e-23
NOR2_X1,B_f_ZN_r,trans,0,0,1.000000e-11,1.000000e-15,M1,N,u0,0.02,1.054093e-01,2.720957e-11,2.720957e-11,2.720957e-11,0.000000e+00,0.000000e+00
NOR2_X1,B_f_ZN_r,trans,0,0,1.000000e-11,1.000000e-15,M2,N,vth,0.010,2.108185e-02,2.720957e-11,2.721106e-11,2.720793e-11,1.565000e-13,-1.500000e-12
NOR2_X1,B_f_ZN_r,trans,0,0,1.000000e-11,1.000000e-15,M2,N,u0,0.02,1.054093e-01,2.720957e-11,2.720913e-11,2.721e-11,-2.175000e-14,-2.500000e-14
NOR2_X1,B_f_ZN_r,trans,0,0,1.000000e-11,1.000000e-15,M3,P,vth,0.010,9.467293e-03,2.720957e-11,2.761564e-11,2.682205e-11,3.967950e-11,1.855000e-10
NOR2_X1,B_f_ZN_r,trans,0,0,1.000000e-11,1.000000e-15,M3,P,u0,0.02,4.303315e-02,2.720957e-11,2.692499e-11,2.750591e-11,-1.452300e-11,2.940000e-11
NOR2_X1,B_f_ZN_r,trans,0,0,1.000000e-11,1.000000e-15,M4,P,vth,0.010,9.467293e-03,2.720957e-11,2.760676e-11,2.683787e-11,3.844450e-11,2.549000e-10
NOR2_X1,B_f_ZN_r,trans,0,0,1.000000e-11,1.000000e-15,M4,P,u0,0.02,4.303315e-02,2.720957e-11,2.701977e-11,2.740706e-11,-9.682250e-12,1.922500e-11
NOR2_X1,B_f_ZN_r,trans,0,0,1.000000e-11,1.000000e-15,GROUP:N,N,vth,0.010,,2.720957e-11,2.721105e-11,2.720796e-11,1.545000e-13,-1.300000e-12
NOR2_X1,B_f_ZN_r,trans,0,0,1.000000e-11,1.000000e-15,GROUP:N,N,u0,0.02,,2.720957e-11,2.720913e-11,2.721e-11,-2.175000e-14,-2.500000e-14
NOR2_X1,B_f_ZN_r,trans,0,0,1.000000e-11,1.000000e-15,GROUP:P,P,vth,0.010,,2.720957e-11,2.801088e-11,2.644827e-11,7.813050e-11,4.001000e-10
NOR2_X1,B_f_ZN_r,trans,0,0,1.000000e-11,1.000000e-15,GROUP:P,P,u0,0.02,,2.720957e-11,2.673501e-11,2.770353e-11,-2.421300e-11,4.850000e-11
NOR2_X1,B_f_ZN_r,delay,0,1,1.000000e-11,4.000000e-15,M1,N,vth,0.010,2.108185e-02,4.007126e-11,4.007126e-11,4.007127e-11,-5.000000e-16,1.000000e-13
NOR2_X1,B_f_ZN_r,delay,0,1,1.000000e-11,4.000000e-15,M1,N,u0,0.02,1.054093e-01,4.007126e-11,4.007126e-11,4.007126e-11,0.000000e+00,0.000000e+00
NOR2_X1,B_f_ZN_r,delay,0,1,1.000000e-11,4.000000e-15,M2,N,vth,0.010,2.108185e-02,4.007126e-11,4.008801e-11,4.005395e-11,1.703000e-12,-5.600000e-12
NOR2_X1,B_f_ZN_r,delay,0,1,1.000000e-11,4.000000e-15,M2,N,u0,0.02,1.054093e-01,4.007126e-11,4.006554e-11,4.007709e-11,-2.887500e-13,2.750000e-13
NOR2_X1,B_f_ZN_r,delay,0,1,1.000000e-11,4.000000e-15,M3,P,vth,0.010,9.467293e-03,4.007126e-11,4.049566e-11,3.966509e-11,4.152850e-11,1.823000e-10
NOR2_X1,B_f_ZN_r,delay,0,1,1.000000e-11,4.000000e-15,M3,P,u0,0.02,4.303315e-02,4.007126e-11,3.978203e-11,4.037165e-11,-1.474050e-11,2.790000e-11
NOR2_X1,B_f_ZN_r,delay,0,1,1.000000e-11,4.000000e-15,M4,P,vth,0.010,9.467293e-03,4.007126e-11,4.106005e-11,3.912205e-11,9.690000e-11,3.958000e-10
NOR2_X1,B_f_ZN_r,delay,0,1,1.000000e-11,4.000000e-15,M4,P,u0,0.02,4.303315e-02,4.007126e-11,3.973397e-11,4.042132e-11,-1.718375e-11,3.192500e-11
NOR2_X1,B_f_ZN_r,delay,0,1,1.000000e-11,4.000000e-15,GROUP:N,N,vth,0.010,,4.007126e-11,4.008801e-11,4.005396e-11,1.702500e-12,-5.500000e-12
NOR2_X1,B_f_ZN_r,delay,0,1,1.000000e-11,4.000000e-15,GROUP:N,N,u0,0.02,,4.007126e-11,4.006554e-11,4.007709e-11,-2.887500e-13,2.750000e-13
NOR2_X1,B_f_ZN_r,delay,0,1,1.000000e-11,4.000000e-15,GROUP:P,P,vth,0.010,,4.007126e-11,4.14908e-11,3.872181e-11,1.384495e-10,7.009000e-10
NOR2_X1,B_f_ZN_r,delay,0,1,1.000000e-11,4.000000e-15,GROUP:P,P,u0,0.02,,4.007126e-11,3.944559e-11,4.072261e-11,-3.192550e-11,6.420000e-11
NOR2_X1,B_f_ZN_r,trans,0,1,1.000000e-11,4.000000e-15,M1,N,vth,0.010,2.108185e-02,4.808003e-11,4.808e-11,4.808007e-11,-3.500000e-15,1.000000e-13
NOR2_X1,B_f_ZN_r,trans,0,1,1.000000e-11,4.000000e-15,M1,N,u0,0.02,1.054093e-01,4.808003e-11,4.808003e-11,4.808003e-11,0.000000e+00,0.000000e+00
NOR2_X1,B_f_ZN_r,trans,0,1,1.000000e-11,4.000000e-15,M2,N,vth,0.010,2.108185e-02,4.808003e-11,4.808023e-11,4.807982e-11,2.050000e-14,-1.000000e-13
NOR2_X1,B_f_ZN_r,trans,0,1,1.000000e-11,4.000000e-15,M2,N,u0,0.02,1.054093e-01,4.808003e-11,4.807995e-11,4.808011e-11,-4.000000e-15,0.000000e+00
NOR2_X1,B_f_ZN_r,trans,0,1,1.000000e-11,4.000000e-15,M3,P,vth,0.010,9.467293e-03,4.808003e-11,4.876062e-11,4.743015e-11,6.652350e-11,3.071000e-10
NOR2_X1,B_f_ZN_r,trans,0,1,1.000000e-11,4.000000e-15,M3,P,u0,0.02,4.303315e-02,4.808003e-11,4.760173e-11,4.85781e-11,-2.440925e-11,4.942500e-11
NOR2_X1,B_f_ZN_r,trans,0,1,1.000000e-11,4.000000e-15,M4,P,vth,0.010,9.467293e-03,4.808003e-11,4.888251e-11,4.73238e-11,7.793550e-11,4.625000e-10
NOR2_X1,B_f_ZN_r,trans,0,1,1.000000e-11,4.000000e-15,M4,P,u0,0.02,4.303315e-02,4.808003e-11,4.772661e-11,4.844804e-11,-1.803575e-11,3.647500e-11
NOR2_X1,B_f_ZN_r,trans,0,1,1.000000e-11,4.000000e-15,GROUP:N,N,vth,0.010,,4.808003e-11,4.80802e-11,4.807986e-11,1.700000e-14,0.000000e+00
NOR2_X1,B_f_ZN_r,trans,0,1,1.000000e-11,4.000000e-15,GROUP:N,N,u0,0.02,,4.808003e-11,4.807995e-11,4.80801e-11,-3.750000e-15,-2.500000e-14
NOR2_X1,B_f_ZN_r,trans,0,1,1.000000e-11,4.000000e-15,GROUP:P,P,vth,0.010,,4.808003e-11,4.956199e-11,4.667278e-11,1.444605e-10,7.471000e-10
NOR2_X1,B_f_ZN_r,trans,0,1,1.000000e-11,4.000000e-15,GROUP:P,P,u0,0.02,,4.808003e-11,4.724807e-11,4.894589e-11,-4.244550e-11,8.475000e-11
NOR2_X1,B_f_ZN_r,delay,0,2,1.000000e-11,1.200000e-14,M1,N,vth,0.010,2.108185e-02,7.980863e-11,7.98086e-11,7.980866e-11,-3.000000e-15,-1.292470e-22
NOR2_X1,B_f_ZN_r,delay,0,2,1.000000e-11,1.200000e-14,M1,N,u0,0.02,1.054093e-01,7.980863e-11,7.980863e-11,7.980863e-11,0.000000e+00,0.000000e+00
NOR2_X1,B_f_ZN_r,delay,0,2,1.000000e-11,1.200000e-14,M2,N,vth,0.010,2.108185e-02,7.980863e-11,7.981343e-11,7.980344e-11,4.995000e-13,-3.900000e-12
NOR2_X1,B_f_ZN_r,delay,0,2,1.000000e-11,1.200000e-14,M2,N,u0,0.02,1.054093e-01,7.980863e-11,7.980548e-11,7.981182e-11,-1.585000e-13,1.000000e-13
NOR2_X1,B_f_ZN_r,delay,0,2,1.000000e-11,1.200000e-14,M3,P,vth,0.010,9.467293e-03,7.980863e-11,8.076792e-11,7.889173e-11,9.380950e-11,4.239000e-10
NOR2_X1,B_f_ZN_r,delay,0,2,1.000000e-11,1.200000e-14,M3,P,u0,0.02,4.303315e-02,7.980863e-11,7.915249e-11,8.049087e-11,-3.345950e-11,6.525000e-11
NOR2_X1,B_f_ZN_r,delay,0,2,1.000000e-11,1.200000e-14,M4,P,vth,0.010,9.467293e-03,7.980863e-11,8.172202e-11,7.797795e-11,1.872035e-10,8.271000e-10
NOR2_X1,B_f_ZN_r,delay,0,2,1.000000e-11,1.200000e-14,M4,P,u0,0.02,4.303315e-02,7.980863e-11,7.916007e-11,8.048258e-11,-3.306275e-11,6.347500e-11
NOR2_X1,B_f_ZN_r,delay,0,2,1.000000e-11,1.200000e-14,GROUP:N,N,vth,0.010,,7.980863e-11,7.981341e-11,7.980347e-11,4.970000e-13,-3.800000e-12
NOR2_X1,B_f_ZN_r,delay,0,2,1.000000e-11,1.200000e-14,GROUP:N,N,u0,0.02,,7.980863e-11,7.980548e-11,7.981182e-11,-1.585000e-13,1.000000e-13
NOR2_X1,B_f_ZN_r,delay,0,2,1.000000e-11,1.200000e-14,GROUP:P,P,vth,0.010,,7.980863e-11,8.269173e-11,7.707071e-11,2.810510e-10,1.451800e-09
NOR2_X1,B_f_ZN_r,delay,0,2,1.000000e-11,1.200000e-14,GROUP:P,P,u0,0.02,,7.980863e-11,7.85049e-11,8.116584e-11,-6.652350e-11,1.337000e-10
NOR2_X1,B_f_ZN_r,trans,0,2,1.000000e-11,1.200000e-14,M1,N,vth,0.010,2.108185e-02,1.029925e-10,1.029924e-10,1.029926e-10,-1.000000e-14,1.292470e-22
NOR2_X1,B_f_ZN_r,trans,0,2,1.000000e-11,1.200000e-14,M1,N,u0,0.02,1.054093e-01,1.029925e-10,1.029925e-10,1.029925e-10,0.000000e+00,0.000000e+00
NOR2_X1,B_f_ZN_r,trans,0,2,1.000000e-11,1.200000e-14,M2,N,vth,0.010,2.108185e-02,1.029925e-10,1.029924e-10,1.029926e-10,-1.000000e-14,1.292470e-22
NOR2_X1,B_f_ZN_r,trans,0,2,1.000000e-11,1.200000e-14,M2,N,u0,0.02,1.054093e-01,1.029925e-10,1.029925e-10,1.029925e-10,0.000000e+00,0.000000e+00
NOR2_X1,B_f_ZN_r,trans,0,2,1.000000e-11,1.200000e-14,M3,P,vth,0.010,9.467293e-03,1.029925e-10,1.043757e-10,1.016705e-10,1.352600e-10,6.120000e-10
NOR2_X1,B_f_ZN_r,trans,0,2,1.000000e-11,1.200000e-14,M3,P,u0,0.02,4.303315e-02,1.029925e-10,1.020196e-10,1.040053e-10,-4.964250e-11,9.975000e-11
NOR2_X1,B_f_ZN_r,trans,0,2,1.000000e-11,1.200000e-14,M4,P,vth,0.010,9.467293e-03,1.029925e-10,1.049053e-10,1.011803e-10,1.862500e-10,1.006000e-09
NOR2_X1,B_f_ZN_r,trans,0,2,1.000000e-11,1.200000e-14,M4,P,u0,0.02,4.303315e-02,1.029925e-10,1.021879e-10,1.0383e-10,-4.105250e-11,8.225000e-11
NOR2_X1,B_f_ZN_r,trans,0,2,1.000000e-11,1.200000e-14,GROUP:N,N,vth,0.010,,1.029925e-10,1.029924e-10,1.029926e-10,-1.000000e-14,1.292470e-22
NOR2_X1,B_f_ZN_r,trans,0,2,1.000000e-11,1.200000e-14,GROUP:N,N,u0,0.02,,1.029925e-10,1.029925e-10,1.029925e-10,0.000000e+00,0.000000e+00
NOR2_X1,B_f_ZN_r,trans,0,2,1.000000e-11,1.200000e-14,GROUP:P,P,vth,0.010,,1.029925e-10,1.062912e-10,9.986058e-11,3.215310e-10,1.667800e-09
NOR2_X1,B_f_ZN_r,trans,0,2,1.000000e-11,1.200000e-14,GROUP:P,P,u0,0.02,,1.029925e-10,1.012149e-10,1.048427e-10,-9.069500e-11,1.815000e-10
NOR2_X1,B_f_ZN_r,delay,1,0,3.000000e-11,1.000000e-15,M1,N,vth,0.010,2.108185e-02,3.163206e-11,3.163206e-11,3.163207e-11,-5.000000e-16,1.000000e-13
NOR2_X1,B_f_ZN_r,delay,1,0,3.000000e-11,1.000000e-15,M1,N,u0,0.02,1.054093e-01,3.163206e-11,3.163206e-11,3.163206e-11,0.000000e+00,0.000000e+00
NOR2_X1,B_f_ZN_r,delay,1,0,3.000000e-11,1.000000e-15,M2,N,vth,0.010,2.108185e-02,3.163206e-11,3.165453e-11,3.161121e-11,2.166000e-12,1.620000e-11
NOR2_X1,B_f_ZN_r,delay,1,0,3.000000e-11,1.000000e-15,M2,N,u0,0.02,1.054093e-01,3.163206e-11,3.16257e-11,3.163862e-11,-3.230000e-13,5.000000e-13
NOR2_X1,B_f_ZN_r,delay,1,0,3.000000e-11,1.000000e-15,M3,P,vth,0.010,9.467293e-03,3.163206e-11,3.181392e-11,3.145762e-11,1.781500e-11,7.420000e-11
NOR2_X1,B_f_ZN_r,delay,1,0,3.000000e-11,1.000000e-15,M3,P,u0,0.02,4.303315e-02,3.163206e-11,3.150522e-11,3.176365e-11,-6.460750e-12,1.187500e-11
NOR2_X1,B_f_ZN_r,delay,1,0,3.000000e-11,1.000000e-15,M4,P,vth,0.010,9.467293e-03,3.163206e-11,3.23803e-11,3.09073e-11,7.365000e-11,2.348000e-10
NOR2_X1,B_f_ZN_r,delay,1,0,3.000000e-11,1.000000e-15,M4,P,u0,0.02,4.303315e-02,3.163206e-11,3.141106e-11,3.186098e-11,-1.124800e-11,1.980000e-11
NOR2_X1,B_f_ZN_r,delay,1,0,3.000000e-11,1.000000e-15,GROUP:N,N,vth,0.010,,3.163206e-11,3.165452e-11,3.161122e-11,2.165000e-12,1.620000e-11
NOR2_X1,B_f_ZN_r,delay,1,0,3.000000e-11,1.000000e-15,GROUP:N,N,u0,0.02,,3.163206e-11,3.16257e-11,3.163862e-11,-3.230000e-13,5.000000e-13
NOR2_X1,B_f_ZN_r,delay,1,0,3.000000e-11,1.000000e-15,GROUP:P,P,vth,0.010,,3.163206e-11,3.256677e-11,3.073718e-11,9.147950e-11,3.983000e-10
NOR2_X1,B_f_ZN_r,delay,1,0,3.000000e-11,1.000000e-15,GROUP:P,P,u0,0.02,,3.163206e-11,3.128501e-11,3.199343e-11,-1.771050e-11,3.580000e-11
NOR2_X1,B_f_ZN_r,trans,1,0,3.000000e-11,1.000000e-15,M1,N,vth,0.010,2.108185e-02,2.773000e-11,2.772998e-11,2.773002e-11,-2.000000e-15,-3.231174e-23
NOR2_X1,B_f_ZN_r,trans,1,0,3.000000e-11,1.000000e-15,M1,N,u0,0.02,1.054093e-01,2.773000e-11,2.773e-11,2.773e-11,0.000000e+00,0.000000e+00
NOR2_X1,B_f_ZN_r,trans,1,0,3.000000e-11,1.000000e-15,M2,N,vth,0.010,2.108185e-02,2.773000e-11,2.772232e-11,2.773724e-11,-7.460000e-13,-4.400000e-12
NOR2_X1,B_f_ZN_r,trans,1,0,3.000000e-11,1.000000e-15,M2,N,u0,0.02,1.054093e-01,2.773000e-11,2.77322e-11,2.772772e-11,1.120000e-13,-2.000000e-13
NOR2_X1,B_f_ZN_r,trans,1,0,3.000000e-11,1.000000e-15,M3,P,vth,0.010,9.467293e-03,2.773000e-11,2.808869e-11,2.738834e-11,3.501750e-11,1.703000e-10
NOR2_X1,B_f_ZN_r,trans,1,0,3.000000e-11,1.000000e-15,M3,P,u0,0.02,4.303315e-02,2.773000e-11,2.747926e-11,2.799195e-11,-1.281725e-11,2.802500e-11
NOR2_X1,B_f_ZN_r,trans,1,0,3.000000e-11,1.000000e-15,M4,P,vth,0.010,9.467293e-03,2.773000e-11,2.797573e-11,2.751735e-11,2.291900e-11,3.308000e-10
NOR2_X1,B_f_ZN_r,trans,1,0,3.000000e-11,1.000000e-15,M4,P,u0,0.02,4.303315e-02,2.773000e-11,2.757202e-11,2.789517e-11,-8.078750e-12,1.797500e-11
NOR2_X1,B_f_ZN_r,trans,1,0,3.000000e-11,1.000000e-15,GROUP:N,N,vth,0.010,,2.773000e-11,2.77223e-11,2.773726e-11,-7.480000e-13,-4.400000e-12
NOR2_X1,B_f_ZN_r,trans,1,0,3.000000e-11,1.000000e-15,GROUP:N,N,u0,0.02,,2.773000e-11,2.77322e-11,2.772772e-11,1.120000e-13,-2.000000e-13
NOR2_X1,B_f_ZN_r,trans,1,0,3.000000e-11,1.000000e-15,GROUP:P,P,vth,0.010,,2.773000e-11,2.833499e-11,2.717608e-11,5.794550e-11,5.107000e-10
NOR2_X1,B_f_ZN_r,trans,1,0,3.000000e-11,1.000000e-15,GROUP:P,P,u0,0.02,,2.773000e-11,2.732143e-11,2.81573e-11,-2.089675e-11,4.682500e-11
NOR2_X1,B_f_ZN_r,delay,1,1,3.000000e-11,4.000000e-15,M1,N,vth,0.010,2.108185e-02,4.671105e-11,4.671104e-11,4.671106e-11,-1.000000e-15,0.000000e+00
NOR2_X1,B_f_ZN_r,delay,1,1,3.000000e-11,4.000000e-15,M1,N,u0,0.02,1.054093e-01,4.671105e-11,4.671105e-11,4.671105e-11,0.000000e+00,0.000000e+00
NOR2_X1,B_f_ZN_r,delay,1,1,3.000000e-11,4.000000e-15,M2,N,vth,0.010,2.108185e-02,4.671105e-11,4.673629e-11,4.668654e-11,2.487500e-12,7.300000e-12
NOR2_X1,B_f_ZN_r,delay,1,1,3.000000e-11,4.000000e-15,M2,N,u0,0.02,1.054093e-01,4.671105e-11,4.670328e-11,4.671901e-11,-3.932500e-13,4.750000e-13
NOR2_X1,B_f_ZN_r,delay,1,1,3.000000e-11,4.000000e-15,M3,P,vth,0.010,9.467293e-03,4.671105e-11,4.709648e-11,4.63422e-11,3.771400e-11,1.658000e-10
NOR2_X1,B_f_ZN_r,delay,1,1,3.000000e-11,4.000000e-15,M3,P,u0,0.02,4.303315e-02,4.671105e-11,4.644461e-11,4.698796e-11,-1.358375e-11,2.617500e-11
NOR2_X1,B_f_ZN_r,delay,1,1,3.000000e-11,4.000000e-15,M4,P,vth,0.010,9.467293e-03,4.671105e-11,4.783404e-11,4.562615e-11,1.103945e-10,3.809000e-10
NOR2_X1,B_f_ZN_r,delay,1,1,3.000000e-11,4.000000e-15,M4,P,u0,0.02,4.303315e-02,4.671105e-11,4.63653e-11,4.706952e-11,-1.760550e-11,3.180000e-11
NOR2_X1,B_f_ZN_r,delay,1,1,3.000000e-11,4.000000e-15,GROUP:N,N,vth,0.010,,4.671105e-11,4.673628e-11,4.668655e-11,2.486500e-12,7.300000e-12
NOR2_X1,B_f_ZN_r,delay,1,1,3.000000e-11,4.000000e-15,GROUP:N,N,u0,0.02,,4.671105e-11,4.670328e-11,4.671901e-11,-3.932500e-13,4.750000e-13
NOR2_X1,B_f_ZN_r,delay,1,1,3.000000e-11,4.000000e-15,GROUP:P,P,vth,0.010,,4.671105e-11,4.822609e-11,4.526347e-11,1.481310e-10,6.746000e-10
NOR2_X1,B_f_ZN_r,delay,1,1,3.000000e-11,4.000000e-15,GROUP:P,P,u0,0.02,,4.671105e-11,4.609971e-11,4.734737e-11,-3.119150e-11,6.245000e-11
NOR2_X1,B_f_ZN_r,trans,1,1,3.000000e-11,4.000000e-15,M1,N,vth,0.010,2.108185e-02,4.786052e-11,4.786049e-11,4.786056e-11,-3.500000e-15,1.000000e-13
NOR2_X1,B_f_ZN_r,trans,1,1,3.000000e-11,4.000000e-15,M1,N,u0,0.02,1.054093e-01,4.786052e-11,4.786053e-11,4.786052e-11,2.500000e-16,2.500000e-14
NOR2_X1,B_f_ZN_r,trans,1,1,3.000000e-11,4.000000e-15,M2,N,vth,0.010,2.108185e-02,4.786052e-11,4.7862e-11,4.785908e-11,1.460000e-13,4.000000e-13
NOR2_X1,B_f_ZN_r,trans,1,1,3.000000e-11,4.000000e-15,M2,N,u0,0.02,1.054093e-01,4.786052e-11,4.786006e-11,4.7861e-11,-2.350000e-14,5.000000e-14
NOR2_X1,B_f_ZN_r,trans,1,1,3.000000e-11,4.000000e-15,M3,P,vth,0.010,9.467293e-03,4.786052e-11,4.853459e-11,4.721679e-11,6.589000e-11,3.034000e-10
NOR2_X1,B_f_ZN_r,trans,1,1,3.000000e-11,4.000000e-15,M3,P,u0,0.02,4.303315e-02,4.786052e-11,4.73868e-11,4.835386e-11,-2.417650e-11,4.905000e-11
NOR2_X1,B_f_ZN_r,trans,1,1,3.000000e-11,4.000000e-15,M4,P,vth,0.010,9.467293e-03,4.786052e-11,4.869225e-11,4.707119e-11,8.105300e-11,4.240000e-10
NOR2_X1,B_f_ZN_r,trans,1,1,3.000000e-11,4.000000e-15,M4,P,u0,0.02,4.303315e-02,4.786052e-11,4.749638e-11,4.823904e-11,-1.856650e-11,3.595000e-11
NOR2_X1,B_f_ZN_r,trans,1,1,3.000000e-11,4.000000e-15,GROUP:N,N,vth,0.010,,4.786052e-11,4.786197e-11,4.785912e-11,1.425000e-13,5.000000e-13
NOR2_X1,B_f_ZN_r,trans,1,1,3.000000e-11,4.000000e-15,GROUP:N,N,u0,0.02,,4.786052e-11,4.786006e-11,4.7861e-11,-2.350000e-14,5.000000e-14
NOR2_X1,B_f_ZN_r,trans,1,1,3.000000e-11,4.000000e-15,GROUP:P,P,vth,0.010,,4.786052e-11,4.936588e-11,4.642719e-11,1.469345e-10,7.203000e-10
NOR2_X1,B_f_ZN_r,trans,1,1,3.000000e-11,4.000000e-15,GROUP:P,P,u0,0.02,,4.786052e-11,4.702258e-11,4.873223e-11,-4.274125e-11,8.442500e-11
NOR2_X1,B_f_ZN_r,delay,1,2,3.000000e-11,1.200000e-14,M1,N,vth,0.010,2.108185e-02,8.659275e-11,8.659272e-11,8.659278e-11,-3.000000e-15,-1.292470e-22
NOR2_X1,B_f_ZN_r,delay,1,2,3.000000e-11,1.200000e-14,M1,N,u0,0.02,1.054093e-01,8.659275e-11,8.659275e-11,8.659274e-11,2.500000e-16,-2.500000e-14
NOR2_X1,B_f_ZN_r,delay,1,2,3.000000e-11,1.200000e-14,M2,N,vth,0.010,2.108185e-02,8.659275e-11,8.660964e-11,8.657581e-11,1.691500e-12,-5.000000e-13
NOR2_X1,B_f_ZN_r,delay,1,2,3.000000e-11,1.200000e-14,M2,N,u0,0.02,1.054093e-01,8.659275e-11,8.658646e-11,8.659915e-11,-3.172500e-13,2.750000e-13
NOR2_X1,B_f_ZN_r,delay,1,2,3.000000e-11,1.200000e-14,M3,P,vth,0.010,9.467293e-03,8.659275e-11,8.751614e-11,8.57103e-11,9.029200e-11,4.094000e-10
NOR2_X1,B_f_ZN_r,delay,1,2,3.000000e-11,1.200000e-14,M3,P,u0,0.02,4.303315e-02,8.659275e-11,8.595726e-11,8.725373e-11,-3.241175e-11,6.372500e-11
NOR2_X1,B_f_ZN_r,delay,1,2,3.000000e-11,1.200000e-14,M4,P,vth,0.010,9.467293e-03,8.659275e-11,8.865222e-11,8.461422e-11,2.019000e-10,8.094000e-10
NOR2_X1,B_f_ZN_r,delay,1,2,3.000000e-11,1.200000e-14,M4,P,u0,0.02,4.303315e-02,8.659275e-11,8.593315e-11,8.727777e-11,-3.361550e-11,6.355000e-11
NOR2_X1,B_f_ZN_r,delay,1,2,3.000000e-11,1.200000e-14,GROUP:N,N,vth,0.010,,8.659275e-11,8.660962e-11,8.657584e-11,1.689000e-12,-4.000000e-13
NOR2_X1,B_f_ZN_r,delay,1,2,3.000000e-11,1.200000e-14,GROUP:N,N,u0,0.02,,8.659275e-11,8.658646e-11,8.659915e-11,-3.172500e-13,2.750000e-13
NOR2_X1,B_f_ZN_r,delay,1,2,3.000000e-11,1.200000e-14,GROUP:P,P,vth,0.010,,8.659275e-11,8.958634e-11,8.374177e-11,2.922285e-10,1.426100e-09
NOR2_X1,B_f_ZN_r,delay,1,2,3.000000e-11,1.200000e-14,GROUP:P,P,u0,0.02,,8.659275e-11,8.529865e-11,8.79398e-11,-6.602875e-11,1.323750e-10
NOR2_X1,B_f_ZN_r,trans,1,2,3.000000e-11,1.200000e-14,M1,N,vth,0.010,2.108185e-02,1.029862e-10,1.029861e-10,1.029863e-10,-1.000000e-14,-1.292470e-22
NOR2_X1,B_f_ZN_r,trans,1,2,3.000000e-11,1.200000e-14,M1,N,u0,0.02,1.054093e-01,1.029862e-10,1.029862e-10,1.029862e-10,0.000000e+00,0.000000e+00
NOR2_X1,B_f_ZN_r,trans,1,2,3.000000e-11,1.200000e-14,M2,N,vth,0.010,2.108185e-02,1.029862e-10,1.029862e-10,1.029862e-10,0.000000e+00,0.000000e+00
NOR2_X1,B_f_ZN_r,trans,1,2,3.000000e-11,1.200000e-14,M2,N,u0,0.02,1.054093e-01,1.029862e-10,1.029862e-10,1.029862e-10,0.000000e+00,0.000000e+00
NOR2_X1,B_f_ZN_r,trans,1,2,3.000000e-11,1.200000e-14,M3,P,vth,0.010,9.467293e-03,1.029862e-10,1.043693e-10,1.016644e-10,1.352450e-10,6.130000e-10
NOR2_X1,B_f_ZN_r,trans,1,2,3.000000e-11,1.200000e-14,M3,P,u0,0.02,4.303315e-02,1.029862e-10,1.020134e-10,1.039989e-10,-4.963750e-11,9.975000e-11
NOR2_X1,B_f_ZN_r,trans,1,2,3.000000e-11,1.200000e-14,M4,P,vth,0.010,9.467293e-03,1.029862e-10,1.049002e-10,1.011725e-10,1.863850e-10,1.003000e-09
NOR2_X1,B_f_ZN_r,trans,1,2,3.000000e-11,1.200000e-14,M4,P,u0,0.02,4.303315e-02,1.029862e-10,1.021813e-10,1.03824e-10,-4.106750e-11,8.225000e-11
NOR2_X1,B_f_ZN_r,trans,1,2,3.000000e-11,1.200000e-14,GROUP:N,N,vth,0.010,,1.029862e-10,1.029861e-10,1.029863e-10,-1.000000e-14,-1.292470e-22
NOR2_X1,B_f_ZN_r,trans,1,2,3.000000e-11,1.200000e-14,GROUP:N,N,u0,0.02,,1.029862e-10,1.029862e-10,1.029862e-10,0.000000e+00,0.000000e+00
NOR2_X1,B_f_ZN_r,trans,1,2,3.000000e-11,1.200000e-14,GROUP:P,P,vth,0.010,,1.029862e-10,1.06286e-10,9.9853e-11,3.216500e-10,1.666000e-09
NOR2_X1,B_f_ZN_r,trans,1,2,3.000000e-11,1.200000e-14,GROUP:P,P,u0,0.02,,1.029862e-10,1.012084e-10,1.048367e-10,-9.070750e-11,1.817500e-10
NOR2_X1,B_f_ZN_r,delay,2,0,8.000000e-11,1.000000e-15,M1,N,vth,0.010,2.108185e-02,4.734315e-11,4.734313e-11,4.734317e-11,-2.000000e-15,6.462349e-23
NOR2_X1,B_f_ZN_r,delay,2,0,8.000000e-11,1.000000e-15,M1,N,u0,0.02,1.054093e-01,4.734315e-11,4.734315e-11,4.734315e-11,0.000000e+00,0.000000e+00
NOR2_X1,B_f_ZN_r,delay,2,0,8.000000e-11,1.000000e-15,M2,N,vth,0.010,2.108185e-02,4.734315e-11,4.728537e-11,4.741097e-11,-6.280000e-12,1.004000e-10
NOR2_X1,B_f_ZN_r,delay,2,0,8.000000e-11,1.000000e-15,M2,N,u0,0.02,1.054093e-01,4.734315e-11,4.734742e-11,4.733895e-11,2.117500e-13,1.750000e-13
NOR2_X1,B_f_ZN_r,delay,2,0,8.000000e-11,1.000000e-15,M3,P,vth,0.010,9.467293e-03,4.734315e-11,4.756239e-11,4.713146e-11,2.154650e-11,7.550000e-11
NOR2_X1,B_f_ZN_r,delay,2,0,8.000000e-11,1.000000e-15,M3,P,u0,0.02,4.303315e-02,4.734315e-11,4.717993e-11,4.751201e-11,-8.302000e-12,1.410000e-11
NOR2_X1,B_f_ZN_r,delay,2,0,8.000000e-11,1.000000e-15,M4,P,vth,0.010,9.467293e-03,4.734315e-11,4.885263e-11,4.58433e-11,1.504665e-10,9.630000e-11
NOR2_X1,B_f_ZN_r,delay,2,0,8.000000e-11,1.000000e-15,M4,P,u0,0.02,4.303315e-02,4.734315e-11,4.700762e-11,4.76888e-11,-1.702950e-11,2.530000e-11
NOR2_X1,B_f_ZN_r,delay,2,0,8.000000e-11,1.000000e-15,GROUP:N,N,vth,0.010,,4.734315e-11,4.728535e-11,4.7411e-11,-6.282500e-12,1.005000e-10
NOR2_X1,B_f_ZN_r,delay,2,0,8.000000e-11,1.000000e-15,GROUP:N,N,u0,0.02,,4.734315e-11,4.734742e-11,4.733895e-11,2.117500e-13,1.750000e-13
NOR2_X1,B_f_ZN_r,delay,2,0,8.000000e-11,1.000000e-15,GROUP:P,P,vth,0.010,,4.734315e-11,4.907183e-11,4.563154e-11,1.720145e-10,1.707000e-10
NOR2_X1,B_f_ZN_r,delay,2,0,8.000000e-11,1.000000e-15,GROUP:P,P,u0,0.02,,4.734315e-11,4.684422e-11,4.785747e-11,-2.533125e-11,3.847500e-11
NOR2_X1,B_f_ZN_r,trans,2,0,8.000000e-11,1.000000e-15,M1,N,vth,0.010,2.108185e-02,3.903315e-11,3.903314e-11,3.903317e-11,-1.500000e-15,1.000000e-13
NOR2_X1,B_f_ZN_r,trans,2,0,8.000000e-11,1.000000e-15,M1,N,u0,0.02,1.054093e-01,3.903315e-11,3.903315e-11,3.903315e-11,0.000000e+00,0.000000e+00
NOR2_X1,B_f_ZN_r,trans,2,0,8.000000e-11,1.000000e-15,M2,N,vth,0.010,2.108185e-02,3.903315e-11,3.908613e-11,3.897144e-11,5.734500e-12,-8.730000e-11
NOR2_X1,B_f_ZN_r,trans,2,0,8.000000e-11,1.000000e-15,M2,N,u0,0.02,1.054093e-01,3.903315e-11,3.902927e-11,3.903695e-11,-1.920000e-13,-2.000000e-13
NOR2_X1,B_f_ZN_r,trans,2,0,8.000000e-11,1.000000e-15,M3,P,vth,0.010,9.467293e-03,3.903315e-11,3.929357e-11,3.871763e-11,2.879700e-11,-5.510000e-10
NOR2_X1,B_f_ZN_r,trans,2,0,8.000000e-11,1.000000e-15,M3,P,u0,0.02,4.303315e-02,3.903315e-11,3.879838e-11,3.922698e-11,-1.071500e-11,-1.023500e-10
NOR2_X1,B_f_ZN_r,trans,2,0,8.000000e-11,1.000000e-15,M4,P,vth,0.010,9.467293e-03,3.903315e-11,3.890924e-11,3.889221e-11,8.515000e-13,-2.648500e-09
NOR2_X1,B_f_ZN_r,trans,2,0,8.000000e-11,1.000000e-15,M4,P,u0,0.02,4.303315e-02,3.903315e-11,3.885887e-11,3.914203e-11,-7.079000e-12,-1.635000e-10
NOR2_X1,B_f_ZN_r,trans,2,0,8.000000e-11,1.000000e-15,GROUP:N,N,vth,0.010,,3.903315e-11,3.908611e-11,3.897146e-11,5.732500e-12,-8.730000e-11
NOR2_X1,B_f_ZN_r,trans,2,0,8.000000e-11,1.000000e-15,GROUP:N,N,u0,0.02,,3.903315e-11,3.902927e-11,3.903695e-11,-1.920000e-13,-2.000000e-13
NOR2_X1,B_f_ZN_r,trans,2,0,8.000000e-11,1.000000e-15,GROUP:P,P,vth,0.010,,3.903315e-11,3.917201e-11,3.856679e-11,3.026100e-11,-3.275000e-09
NOR2_X1,B_f_ZN_r,trans,2,0,8.000000e-11,1.000000e-15,GROUP:P,P,u0,0.02,,3.903315e-11,3.86148e-11,3.93364e-11,-1.804000e-11,-2.877500e-10
NOR2_X1,B_f_ZN_r,delay,2,1,8.000000e-11,4.000000e-15,M1,N,vth,0.010,2.108185e-02,6.528495e-11,6.528493e-11,6.528498e-11,-2.500000e-15,1.000000e-13
NOR2_X1,B_f_ZN_r,delay,2,1,8.000000e-11,4.000000e-15,M1,N,u0,0.02,1.054093e-01,6.528495e-11,6.528495e-11,6.528495e-11,0.000000e+00,0.000000e+00
NOR2_X1,B_f_ZN_r,delay,2,1,8.000000e-11,4.000000e-15,M2,N,vth,0.010,2.108185e-02,6.528495e-11,6.526533e-11,6.531063e-11,-2.265000e-12,6.060000e-11
NOR2_X1,B_f_ZN_r,delay,2,1,8.000000e-11,4.000000e-15,M2,N,u0,0.02,1.054093e-01,6.528495e-11,6.528418e-11,6.528587e-11,-4.225000e-14,3.750000e-13
NOR2_X1,B_f_ZN_r,delay,2,1,8.000000e-11,4.000000e-15,M3,P,vth,0.010,9.467293e-03,6.528495e-11,6.562758e-11,6.495525e-11,3.361650e-11,1.293000e-10
NOR2_X1,B_f_ZN_r,delay,2,1,8.000000e-11,4.000000e-15,M3,P,u0,0.02,4.303315e-02,6.528495e-11,6.503721e-11,6.554165e-11,-1.261100e-11,2.240000e-11
NOR2_X1,B_f_ZN_r,delay,2,1,8.000000e-11,4.000000e-15,M4,P,vth,0.010,9.467293e-03,6.528495e-11,6.684348e-11,6.371951e-11,1.561985e-10,-6.910000e-11
NOR2_X1,B_f_ZN_r,delay,2,1,8.000000e-11,4.000000e-15,M4,P,u0,0.02,4.303315e-02,6.528495e-11,6.488465e-11,6.56976e-11,-2.032375e-11,3.087500e-11
NOR2_X1,B_f_ZN_r,delay,2,1,8.000000e-11,4.000000e-15,GROUP:N,N,vth,0.010,,6.528495e-11,6.526531e-11,6.531065e-11,-2.267000e-12,6.060000e-11
NOR2_X1,B_f_ZN_r,delay,2,1,8.000000e-11,4.000000e-15,GROUP:N,N,u0,0.02,,6.528495e-11,6.528418e-11,6.528587e-11,-4.225000e-14,3.750000e-13
NOR2_X1,B_f_ZN_r,delay,2,1,8.000000e-11,4.000000e-15,GROUP:P,P,vth,0.010,,6.528495e-11,6.71647e-11,6.338967e-11,1.887515e-10,-1.553000e-10
NOR2_X1,B_f_ZN_r,delay,2,1,8.000000e-11,4.000000e-15,GROUP:P,P,u0,0.02,,6.528495e-11,6.46366e-11,6.595399e-11,-3.293475e-11,5.172500e-11
NOR2_X1,B_f_ZN_r,trans,2,1,8.000000e-11,4.000000e-15,M1,N,vth,0.010,2.108185e-02,5.406550e-11,5.406548e-11,5.406554e-11,-3.000000e-15,2.000000e-13
NOR2_X1,B_f_ZN_r,trans,2,1,8.000000e-11,4.000000e-15,M1,N,u0,0.02,1.054093e-01,5.406550e-11,5.40655e-11,5.40655e-11,0.000000e+00,0.000000e+00
NOR2_X1,B_f_ZN_r,trans,2,1,8.000000e-11,4.000000e-15,M2,N,vth,0.010,2.108185e-02,5.406550e-11,5.407867e-11,5.404826e-11,1.520500e-12,-4.070000e-11
NOR2_X1,B_f_ZN_r,trans,2,1,8.000000e-11,4.000000e-15,M2,N,u0,0.02,1.054093e-01,5.406550e-11,5.406608e-11,5.406482e-11,3.150000e-14,-2.500000e-13
NOR2_X1,B_f_ZN_r,trans,2,1,8.000000e-11,4.000000e-15,M3,P,vth,0.010,9.467293e-03,5.406550e-11,5.461543e-11,5.354179e-11,5.368200e-11,2.622000e-10
NOR2_X1,B_f_ZN_r,trans,2,1,8.000000e-11,4.000000e-15,M3,P,u0,0.02,4.303315e-02,5.406550e-11,5.367793e-11,5.447021e-11,-1.980700e-11,4.285000e-11
NOR2_X1,B_f_ZN_r,trans,2,1,8.000000e-11,4.000000e-15,M4,P,vth,0.010,9.467293e-03,5.406550e-11,5.439651e-11,5.37801e-11,3.082050e-11,4.561000e-10
NOR2_X1,B_f_ZN_r,trans,2,1,8.000000e-11,4.000000e-15,M4,P,u0,0.02,4.303315e-02,5.406550e-11,5.379918e-11,5.434388e-11,-1.361750e-11,3.015000e-11
NOR2_X1,B_f_ZN_r,trans,2,1,8.000000e-11,4.000000e-15,GROUP:N,N,vth,0.010,,5.406550e-11,5.407865e-11,5.40483e-11,1.517500e-12,-4.050000e-11
NOR2_X1,B_f_ZN_r,trans,2,1,8.000000e-11,4.000000e-15,GROUP:N,N,u0,0.02,,5.406550e-11,5.406608e-11,5.406482e-11,3.150000e-14,-2.500000e-13
NOR2_X1,B_f_ZN_r,trans,2,1,8.000000e-11,4.000000e-15,GROUP:P,P,vth,0.010,,5.406550e-11,5.49507e-11,5.326022e-11,8.452400e-11,7.992000e-10
NOR2_X1,B_f_ZN_r,trans,2,1,8.000000e-11,4.000000e-15,GROUP:P,P,u0,0.02,,5.406550e-11,5.341236e-11,5.474915e-11,-3.341975e-11,7.627500e-11
NOR2_X1,B_f_ZN_r,delay,2,2,8.000000e-11,1.200000e-14,M1,N,vth,0.010,2.108185e-02,1.047114e-10,1.047113e-10,1.047114e-10,-5.000000e-15,-1.000000e-12
NOR2_X1,B_f_ZN_r,delay,2,2,8.000000e-11,1.200000e-14,M1,N,u0,0.02,1.054093e-01,1.047114e-10,1.047114e-10,1.047114e-10,0.000000e+00,0.000000e+00
NOR2_X1,B_f_ZN_r,delay,2,2,8.000000e-11,1.200000e-14,M2,N,vth,0.010,2.108185e-02,1.047114e-10,1.047133e-10,1.047129e-10,2.000000e-14,3.400000e-11
NOR2_X1,B_f_ZN_r,delay,2,2,8.000000e-11,1.200000e-14,M2,N,u0,0.02,1.054093e-01,1.047114e-10,1.047066e-10,1.047163e-10,-2.425000e-13,2.500000e-13
NOR2_X1,B_f_ZN_r,delay,2,2,8.000000e-11,1.200000e-14,M3,P,vth,0.010,9.467293e-03,1.047114e-10,1.055609e-10,1.038995e-10,8.307000e-11,3.760000e-10
NOR2_X1,B_f_ZN_r,delay,2,2,8.000000e-11,1.200000e-14,M3,P,u0,0.02,4.303315e-02,1.047114e-10,1.041172e-10,1.053297e-10,-3.031250e-11,6.025000e-11
NOR2_X1,B_f_ZN_r,delay,2,2,8.000000e-11,1.200000e-14,M4,P,vth,0.010,9.467293e-03,1.047114e-10,1.0716e-10,1.023413e-10,2.409350e-10,7.850000e-10
NOR2_X1,B_f_ZN_r,delay,2,2,8.000000e-11,1.200000e-14,M4,P,u0,0.02,4.303315e-02,1.047114e-10,1.040161e-10,1.054324e-10,-3.540750e-11,6.425000e-11
NOR2_X1,B_f_ZN_r,delay,2,2,8.000000e-11,1.200000e-14,GROUP:N,N,vth,0.010,,1.047114e-10,1.047133e-10,1.047129e-10,2.000000e-14,3.400000e-11
NOR2_X1,B_f_ZN_r,delay,2,2,8.000000e-11,1.200000e-14,GROUP:N,N,u0,0.02,,1.047114e-10,1.047066e-10,1.047163e-10,-2.425000e-13,2.500000e-13
NOR2_X1,B_f_ZN_r,delay,2,2,8.000000e-11,1.200000e-14,GROUP:P,P,vth,0.010,,1.047114e-10,1.080222e-10,1.015412e-10,3.240500e-10,1.406000e-09
NOR2_X1,B_f_ZN_r,delay,2,2,8.000000e-11,1.200000e-14,GROUP:P,P,u0,0.02,,1.047114e-10,1.034231e-10,1.06052e-10,-6.572250e-11,1.307500e-10
NOR2_X1,B_f_ZN_r,trans,2,2,8.000000e-11,1.200000e-14,M1,N,vth,0.010,2.108185e-02,1.032652e-10,1.032652e-10,1.032653e-10,-5.000000e-15,1.000000e-12
NOR2_X1,B_f_ZN_r,trans,2,2,8.000000e-11,1.200000e-14,M1,N,u0,0.02,1.054093e-01,1.032652e-10,1.032652e-10,1.032652e-10,0.000000e+00,0.000000e+00
NOR2_X1,B_f_ZN_r,trans,2,2,8.000000e-11,1.200000e-14,M2,N,vth,0.010,2.108185e-02,1.032652e-10,1.032649e-10,1.032651e-10,-1.000000e-14,-4.000000e-12
NOR2_X1,B_f_ZN_r,trans,2,2,8.000000e-11,1.200000e-14,M2,N,u0,0.02,1.054093e-01,1.032652e-10,1.032658e-10,1.032646e-10,3.000000e-14,-3.231174e-23
NOR2_X1,B_f_ZN_r,trans,2,2,8.000000e-11,1.200000e-14,M3,P,vth,0.010,9.467293e-03,1.032652e-10,1.045964e-10,1.01995e-10,1.300700e-10,6.100000e-10
NOR2_X1,B_f_ZN_r,trans,2,2,8.000000e-11,1.200000e-14,M3,P,u0,0.02,4.303315e-02,1.032652e-10,1.023302e-10,1.042399e-10,-4.774250e-11,9.925000e-11
NOR2_X1,B_f_ZN_r,trans,2,2,8.000000e-11,1.200000e-14,M4,P,vth,0.010,9.467293e-03,1.032652e-10,1.050245e-10,1.016313e-10,1.696600e-10,1.254000e-09
NOR2_X1,B_f_ZN_r,trans,2,2,8.000000e-11,1.200000e-14,M4,P,u0,0.02,4.303315e-02,1.032652e-10,1.024964e-10,1.04067e-10,-3.926500e-11,8.250000e-11
NOR2_X1,B_f_ZN_r,trans,2,2,8.000000e-11,1.200000e-14,GROUP:N,N,vth,0.010,,1.032652e-10,1.032648e-10,1.032652e-10,-2.000000e-14,-4.000000e-12
NOR2_X1,B_f_ZN_r,trans,2,2,8.000000e-11,1.200000e-14,GROUP:N,N,u0,0.02,,1.032652e-10,1.032659e-10,1.032646e-10,3.250000e-14,2.500000e-13
NOR2_X1,B_f_ZN_r,trans,2,2,8.000000e-11,1.200000e-14,GROUP:P,P,vth,0.010,,1.032652e-10,1.063669e-10,1.003713e-10,2.997800e-10,2.078000e-09
NOR2_X1,B_f_ZN_r,trans,2,2,8.000000e-11,1.200000e-14,GROUP:P,P,u0,0.02,,1.032652e-10,1.015627e-10,1.050429e-10,-8.700500e-11,1.880000e-10
